/*
 * SPDX-FileCopyrightText: 2025
 *
 * SPDX-License-Identifier: Apache-2.0
 */
#ifdef __has_include
#if __has_include("lvgl.h")
#ifndef LV_LVGL_H_INCLUDE_SIMPLE
#define LV_LVGL_H_INCLUDE_SIMPLE
#endif
#endif
#endif
#if defined(LV_LVGL_H_INCLUDE_SIMPLE)
#include "lvgl.h"
#else
#include "../../lvgl.h"
#endif

#ifndef LV_ATTRIBUTE_IMG_DATA
#define LV_ATTRIBUTE_IMG_DATA
#endif

static const uint8_t LV_ATTRIBUTE_IMG_DATA esp_brookesia_app_icon_launcher_wifi_126_126_map[] = {
    0x8d, 0x8d, 0x8d, 0x00, 0x8d, 0x8d, 0x8d, 0x00, 0x8d, 0x8d, 0x8d, 0x00, 0x8d, 0x8d, 0x8d, 0x00, 0x8d, 0x8d, 0x8d, 0x00, 0x8d, 0x8d, 0x8d, 0x00, 0x8d, 0x8d, 0x8d, 0x00, 0x8d, 0x8d, 0x8d, 0x00,
    0x8d, 0x8d, 0x8d, 0x00, 0x8d, 0x8d, 0x8d, 0x00, 0x8d, 0x8d, 0x8d, 0x00, 0x8d, 0x8d, 0x8d, 0x00, 0x8d, 0x8d, 0x8d, 0x00, 0x8d, 0x8d, 0x8d, 0x00, 0x8d, 0x8d, 0x8d, 0x00, 0x8d, 0x8d, 0x8d, 0x00,
    0x8d, 0x8d, 0x8d, 0x00, 0x8d, 0x8d, 0x8d, 0x00, 0x8d, 0x8d, 0x8d, 0x00, 0x8d, 0x8d, 0x8d, 0x00, 0x8d, 0x8d, 0x8d, 0x00, 0x8d, 0x8d, 0x8d, 0x00, 0x8d, 0x8d, 0x8d, 0x00, 0x8d, 0x8d, 0x8d, 0x00,
    0x8d, 0x8d, 0x8d, 0x00, 0x8d, 0x8d, 0x8d, 0x00, 0x8d, 0x8d, 0x8d, 0x00, 0x8d, 0x8d, 0x8d, 0x00, 0x8d, 0x8d, 0x8d, 0x00, 0x8d, 0x8d, 0x8d, 0x00, 0x8d, 0x8d, 0x8d, 0x00, 0x8d, 0x8d, 0x8d, 0x00,
    0x8d, 0x8d, 0x8d, 0x00, 0x8d, 0x8d, 0x8d, 0x00, 0x8d, 0x8d, 0x8d, 0x00, 0x8d, 0x8d, 0x8d, 0x00, 0x8d, 0x8d, 0x8d, 0x00, 0x8d, 0x8d, 0x8d, 0x00, 0x8d, 0x8d, 0x8d, 0x00, 0x8d, 0x8d, 0x8d, 0x00,
    0x8d, 0x8d, 0x8d, 0x00, 0x8d, 0x8d, 0x8d, 0x00, 0x8d, 0x8d, 0x8d, 0x00, 0x8d, 0x8d, 0x8d, 0x00, 0x8d, 0x8d, 0x8d, 0x00, 0x8d, 0x8d, 0x8d, 0x00, 0x8d, 0x8d, 0x8d, 0x00, 0x8d, 0x8d, 0x8d, 0x00,
    0x8d, 0x8d, 0x8d, 0x00, 0x8d, 0x8d, 0x8d, 0x00, 0x8d, 0x8d, 0x8d, 0x00, 0x8d, 0x8d, 0x8d, 0x00, 0x8d, 0x8d, 0x8d, 0x00, 0x8d, 0x8d, 0x8d, 0x00, 0x8d, 0x8d, 0x8d, 0x00, 0x8d, 0x8d, 0x8d, 0x00,
    0x8d, 0x8d, 0x8d, 0x00, 0x8d, 0x8d, 0x8d, 0x00, 0x8d, 0x8d, 0x8d, 0x00, 0x8d, 0x8d, 0x8d, 0x00, 0x8d, 0x8d, 0x8d, 0x00, 0x8d, 0x8d, 0x8d, 0x00, 0x8d, 0x8d, 0x8d, 0x00, 0x8d, 0x8d, 0x8d, 0x00,
    0x8d, 0x8d, 0x8d, 0x00, 0x8d, 0x8d, 0x8d, 0x00, 0x8d, 0x8d, 0x8d, 0x00, 0x8d, 0x8d, 0x8d, 0x00, 0x8d, 0x8d, 0x8d, 0x00, 0x8d, 0x8d, 0x8d, 0x00, 0x8d, 0x8d, 0x8d, 0x00, 0x8d, 0x8d, 0x8d, 0x00,
    0x8d, 0x8d, 0x8d, 0x00, 0x8d, 0x8d, 0x8d, 0x00, 0x8d, 0x8d, 0x8d, 0x00, 0x8d, 0x8d, 0x8d, 0x00, 0x8d, 0x8d, 0x8d, 0x00, 0x8d, 0x8d, 0x8d, 0x00, 0x8d, 0x8d, 0x8d, 0x00, 0x8d, 0x8d, 0x8d, 0x00,
    0x8d, 0x8d, 0x8d, 0x00, 0x8d, 0x8d, 0x8d, 0x00, 0x8d, 0x8d, 0x8d, 0x00, 0x8d, 0x8d, 0x8d, 0x00, 0x8d, 0x8d, 0x8d, 0x00, 0x8d, 0x8d, 0x8d, 0x00, 0x8d, 0x8d, 0x8d, 0x00, 0x8d, 0x8d, 0x8d, 0x00,
    0x8d, 0x8d, 0x8d, 0x00, 0x8d, 0x8d, 0x8d, 0x00, 0x8d, 0x8d, 0x8d, 0x00, 0x8d, 0x8d, 0x8d, 0x00, 0x8d, 0x8d, 0x8d, 0x00, 0x8d, 0x8d, 0x8d, 0x00, 0x8d, 0x8d, 0x8d, 0x00, 0x8d, 0x8d, 0x8d, 0x00,
    0x8d, 0x8d, 0x8d, 0x00, 0x8d, 0x8d, 0x8d, 0x00, 0x8d, 0x8d, 0x8d, 0x00, 0x8d, 0x8d, 0x8d, 0x00, 0x8d, 0x8d, 0x8d, 0x00, 0x8d, 0x8d, 0x8d, 0x00, 0x8d, 0x8d, 0x8d, 0x00, 0x8d, 0x8d, 0x8d, 0x00,
    0x8d, 0x8d, 0x8d, 0x00, 0x8d, 0x8d, 0x8d, 0x00, 0x8d, 0x8d, 0x8d, 0x00, 0x8d, 0x8d, 0x8d, 0x00, 0x8d, 0x8d, 0x8d, 0x00, 0x8d, 0x8d, 0x8d, 0x00, 0x8d, 0x8d, 0x8d, 0x00, 0x8d, 0x8d, 0x8d, 0x00,
    0x8d, 0x8d, 0x8d, 0x00, 0x8d, 0x8d, 0x8d, 0x00, 0x8d, 0x8d, 0x8d, 0x00, 0x8d, 0x8d, 0x8d, 0x00, 0x8d, 0x8d, 0x8d, 0x00, 0x8d, 0x8d, 0x8d, 0x00, 0x8d, 0x8d, 0x8d, 0x00, 0x8d, 0x8d, 0x8d, 0x00,
    0x8d, 0x8d, 0x8d, 0x00, 0x8d, 0x8d, 0x8d, 0x00, 0x8d, 0x8d, 0x8d, 0x00, 0x8d, 0x8d, 0x8d, 0x00, 0x8d, 0x8d, 0x8d, 0x00, 0x8d, 0x8d, 0x8d, 0x00, 0x8d, 0x8d, 0x8d, 0x00, 0x8d, 0x8d, 0x8d, 0x00,
    0x8d, 0x8d, 0x8d, 0x00, 0x8d, 0x8d, 0x8d, 0x00, 0x8d, 0x8d, 0x8d, 0x00, 0x8d, 0x8d, 0x8d, 0x00, 0x8d, 0x8d, 0x8d, 0x00, 0x8d, 0x8d, 0x8d, 0x00, 0x8d, 0x8d, 0x8d, 0x00, 0x8d, 0x8d, 0x8d, 0x00,
    0x8d, 0x8d, 0x8d, 0x00, 0x8d, 0x8d, 0x8d, 0x00, 0x8d, 0x8d, 0x8d, 0x00, 0x8d, 0x8d, 0x8d, 0x00, 0x8d, 0x8d, 0x8d, 0x00, 0x8d, 0x8d, 0x8d, 0x00, 0x8d, 0x8d, 0x8d, 0x00, 0x8d, 0x8d, 0x8d, 0x00,
    0x8d, 0x8d, 0x8d, 0x00, 0x8d, 0x8d, 0x8d, 0x00, 0x8d, 0x8d, 0x8d, 0x00, 0x8d, 0x8d, 0x8d, 0x00, 0x8d, 0x8d, 0x8d, 0x00, 0x8d, 0x8d, 0x8d, 0x00, 0x8d, 0x8d, 0x8d, 0x00, 0x8d, 0x8d, 0x8d, 0x00,
    0x8d, 0x8d, 0x8d, 0x00, 0x8d, 0x8d, 0x8d, 0x00, 0x8d, 0x8d, 0x8d, 0x00, 0x8d, 0x8d, 0x8d, 0x00, 0x8d, 0x8d, 0x8d, 0x00, 0x8d, 0x8d, 0x8d, 0x00, 0x8d, 0x8d, 0x8d, 0x00, 0x8d, 0x8d, 0x8d, 0x00,
    0x8d, 0x8d, 0x8d, 0x00, 0x8d, 0x8d, 0x8d, 0x00, 0x8d, 0x8d, 0x8d, 0x00, 0x8d, 0x8d, 0x8d, 0x00, 0x8d, 0x8d, 0x8d, 0x00, 0x8d, 0x8d, 0x8d, 0x00, 0x8d, 0x8d, 0x8d, 0x00, 0x8d, 0x8d, 0x8d, 0x00,
    0x8d, 0x8d, 0x8d, 0x00, 0x8d, 0x8d, 0x8d, 0x00, 0x8d, 0x8d, 0x8d, 0x00, 0x8d, 0x8d, 0x8d, 0x00, 0x8d, 0x8d, 0x8d, 0x00, 0x8d, 0x8d, 0x8d, 0x00, 0x8d, 0x8d, 0x8d, 0x00, 0x8d, 0x8d, 0x8d, 0x00,
    0x8d, 0x8d, 0x8d, 0x00, 0x8d, 0x8d, 0x8d, 0x00, 0x8d, 0x8d, 0x8d, 0x00, 0x8d, 0x8d, 0x8d, 0x00, 0x8d, 0x8d, 0x8d, 0x00, 0x8d, 0x8d, 0x8d, 0x00, 0x8d, 0x8d, 0x8d, 0x00, 0x8d, 0x8d, 0x8d, 0x00,
    0x8d, 0x8d, 0x8d, 0x00, 0x8d, 0x8d, 0x8d, 0x00, 0x8d, 0x8d, 0x8d, 0x00, 0x8d, 0x8d, 0x8d, 0x00, 0x8d, 0x8d, 0x8d, 0x00, 0x8d, 0x8d, 0x8d, 0x00, 0x8d, 0x8d, 0x8d, 0x00, 0x8d, 0x8d, 0x8d, 0x00,
    0x8d, 0x8d, 0x8d, 0x00, 0x8d, 0x8d, 0x8d, 0x00, 0x8d, 0x8d, 0x8d, 0x00, 0x8d, 0x8d, 0x8d, 0x00, 0x8d, 0x8d, 0x8d, 0x00, 0x8d, 0x8d, 0x8d, 0x00, 0x8d, 0x8d, 0x8d, 0x00, 0x8d, 0x8d, 0x8d, 0x00,
    0x8d, 0x8d, 0x8d, 0x00, 0x8d, 0x8d, 0x8d, 0x00, 0x8d, 0x8d, 0x8d, 0x00, 0x8d, 0x8d, 0x8d, 0x00, 0x8d, 0x8d, 0x8d, 0x00, 0x8d, 0x8d, 0x8d, 0x00, 0x8d, 0x8d, 0x8d, 0x00, 0x8d, 0x8d, 0x8d, 0x00,
    0x8d, 0x8d, 0x8d, 0x00, 0x8d, 0x8d, 0x8d, 0x00, 0x8d, 0x8d, 0x8d, 0x00, 0x8d, 0x8d, 0x8d, 0x00, 0x8d, 0x8d, 0x8d, 0x00, 0x8d, 0x8d, 0x8d, 0x00, 0x8d, 0x8d, 0x8d, 0x00, 0x8d, 0x8d, 0x8d, 0x00,
    0x8d, 0x8d, 0x8d, 0x00, 0x8d, 0x8d, 0x8d, 0x00, 0x8d, 0x8d, 0x8d, 0x00, 0x8d, 0x8d, 0x8d, 0x00, 0x8d, 0x8d, 0x8d, 0x00, 0x8d, 0x8d, 0x8d, 0x00, 0x8d, 0x8d, 0x8d, 0x00, 0x8d, 0x8d, 0x8d, 0x00,
    0x8d, 0x8d, 0x8d, 0x00, 0x8d, 0x8d, 0x8d, 0x00, 0x8d, 0x8d, 0x8d, 0x00, 0x8d, 0x8d, 0x8d, 0x00, 0x8d, 0x8d, 0x8d, 0x00, 0x8d, 0x8d, 0x8d, 0x00, 0x8d, 0x8d, 0x8d, 0x00, 0x8d, 0x8d, 0x8d, 0x00,
    0x8d, 0x8d, 0x8d, 0x00, 0x8d, 0x8d, 0x8d, 0x00, 0x8d, 0x8d, 0x8d, 0x00, 0x8d, 0x8d, 0x8d, 0x00, 0x8d, 0x8d, 0x8d, 0x00, 0x8d, 0x8d, 0x8d, 0x00, 0x8d, 0x8d, 0x8d, 0x00, 0x8d, 0x8d, 0x8d, 0x00,
    0x8d, 0x8d, 0x8d, 0x00, 0x8d, 0x8d, 0x8d, 0x00, 0x8d, 0x8d, 0x8d, 0x00, 0x8d, 0x8d, 0x8d, 0x00, 0x8d, 0x8d, 0x8d, 0x00, 0x8d, 0x8d, 0x8d, 0x00, 0x8d, 0x8d, 0x8d, 0x00, 0x8d, 0x8d, 0x8d, 0x00,
    0x8d, 0x8d, 0x8d, 0x00, 0x8d, 0x8d, 0x8d, 0x00, 0x8d, 0x8d, 0x8d, 0x00, 0x8d, 0x8d, 0x8d, 0x00, 0x8d, 0x8d, 0x8d, 0x00, 0x8d, 0x8d, 0x8d, 0x00, 0x8d, 0x8d, 0x8d, 0x00, 0x8d, 0x8d, 0x8d, 0x00,
    0x8d, 0x8d, 0x8d, 0x00, 0x8d, 0x8d, 0x8d, 0x00, 0x8d, 0x8d, 0x8d, 0x00, 0x8d, 0x8d, 0x8d, 0x00, 0x8d, 0x8d, 0x8d, 0x00, 0x8d, 0x8d, 0x8d, 0x00, 0x8d, 0x8d, 0x8d, 0x00, 0x8d, 0x8d, 0x8d, 0x00,
    0x8d, 0x8d, 0x8d, 0x00, 0x8d, 0x8d, 0x8d, 0x00, 0x8d, 0x8d, 0x8d, 0x00, 0x8d, 0x8d, 0x8d, 0x00, 0x8d, 0x8d, 0x8d, 0x00, 0x8d, 0x8d, 0x8d, 0x00, 0x8d, 0x8d, 0x8d, 0x00, 0x8d, 0x8d, 0x8d, 0x00,
    0x8d, 0x8d, 0x8d, 0x00, 0x8d, 0x8d, 0x8d, 0x00, 0x8d, 0x8d, 0x8d, 0x00, 0x8d, 0x8d, 0x8d, 0x00, 0x8d, 0x8d, 0x8d, 0x00, 0x8d, 0x8d, 0x8d, 0x00, 0x8d, 0x8d, 0x8d, 0x00, 0x8d, 0x8d, 0x8d, 0x00,
    0x8d, 0x8d, 0x8d, 0x00, 0x8d, 0x8d, 0x8d, 0x00, 0x8d, 0x8d, 0x8d, 0x00, 0x8d, 0x8d, 0x8d, 0x00, 0x8d, 0x8d, 0x8d, 0x00, 0x8d, 0x8d, 0x8d, 0x00, 0x8d, 0x8d, 0x8d, 0x00, 0x8d, 0x8d, 0x8d, 0x00,
    0x8d, 0x8d, 0x8d, 0x00, 0x8d, 0x8d, 0x8d, 0x00, 0x8d, 0x8d, 0x8d, 0x00, 0x8d, 0x8d, 0x8d, 0x00, 0x8d, 0x8d, 0x8d, 0x00, 0x8d, 0x8d, 0x8d, 0x00, 0x8d, 0x8d, 0x8d, 0x00, 0x8d, 0x8d, 0x8d, 0x00,
    0x8d, 0x8d, 0x8d, 0x00, 0x8d, 0x8d, 0x8d, 0x00, 0x8d, 0x8d, 0x8d, 0x00, 0x8d, 0x8d, 0x8d, 0x00, 0x8d, 0x8d, 0x8d, 0x00, 0x8d, 0x8d, 0x8d, 0x00, 0x8d, 0x8d, 0x8d, 0x00, 0x8d, 0x8d, 0x8d, 0x00,
    0x8d, 0x8d, 0x8d, 0x00, 0x8d, 0x8d, 0x8d, 0x00, 0x8d, 0x8d, 0x8d, 0x00, 0x8d, 0x8d, 0x8d, 0x00, 0x8d, 0x8d, 0x8d, 0x00, 0x8d, 0x8d, 0x8d, 0x00, 0x8d, 0x8d, 0x8d, 0x00, 0x8d, 0x8d, 0x8d, 0x00,
    0x8d, 0x8d, 0x8d, 0x00, 0x8d, 0x8d, 0x8d, 0x00, 0x8d, 0x8d, 0x8d, 0x00, 0x8d, 0x8d, 0x8d, 0x00, 0x8d, 0x8d, 0x8d, 0x00, 0x8d, 0x8d, 0x8d, 0x00, 0x8d, 0x8d, 0x8d, 0x00, 0x8d, 0x8d, 0x8d, 0x00,
    0x8d, 0x8d, 0x8d, 0x00, 0x8d, 0x8d, 0x8d, 0x00, 0x8d, 0x8d, 0x8d, 0x00, 0x8d, 0x8d, 0x8d, 0x00, 0x8d, 0x8d, 0x8d, 0x00, 0x8d, 0x8d, 0x8d, 0x00, 0x8d, 0x8d, 0x8d, 0x00, 0x8d, 0x8d, 0x8d, 0x00,
    0x8d, 0x8d, 0x8d, 0x00, 0x8d, 0x8d, 0x8d, 0x00, 0x8d, 0x8d, 0x8d, 0x00, 0x8d, 0x8d, 0x8d, 0x00, 0x8d, 0x8d, 0x8d, 0x00, 0x8d, 0x8d, 0x8d, 0x00, 0x8d, 0x8d, 0x8d, 0x00, 0x8d, 0x8d, 0x8d, 0x00,
    0x8d, 0x8d, 0x8d, 0x00, 0x8d, 0x8d, 0x8d, 0x00, 0x8d, 0x8d, 0x8d, 0x00, 0x8d, 0x8d, 0x8d, 0x00, 0x8d, 0x8d, 0x8d, 0x00, 0x8d, 0x8d, 0x8d, 0x00, 0x8d, 0x8d, 0x8d, 0x00, 0x8d, 0x8d, 0x8d, 0x00,
    0x8d, 0x8d, 0x8d, 0x00, 0x8d, 0x8d, 0x8d, 0x00, 0x8d, 0x8d, 0x8d, 0x00, 0x8d, 0x8d, 0x8d, 0x00, 0x8d, 0x8d, 0x8d, 0x00, 0x8d, 0x8d, 0x8d, 0x00, 0x8d, 0x8d, 0x8d, 0x00, 0x8d, 0x8d, 0x8d, 0x00,
    0x8d, 0x8d, 0x8d, 0x00, 0x8d, 0x8d, 0x8d, 0x00, 0x8d, 0x8d, 0x8d, 0x00, 0x8d, 0x8d, 0x8d, 0x00, 0x8d, 0x8d, 0x8d, 0x00, 0x8d, 0x8d, 0x8d, 0x00, 0x8d, 0x8d, 0x8d, 0x00, 0x8d, 0x8d, 0x8d, 0x00,
    0x8d, 0x8d, 0x8d, 0x00, 0x8d, 0x8d, 0x8d, 0x00, 0x8d, 0x8d, 0x8d, 0x00, 0x8d, 0x8d, 0x8d, 0x00, 0x8d, 0x8d, 0x8d, 0x00, 0x8d, 0x8d, 0x8d, 0x00, 0x8d, 0x8d, 0x8d, 0x00, 0x8d, 0x8d, 0x8d, 0x00,
    0x8d, 0x8d, 0x8d, 0x00, 0x8d, 0x8d, 0x8d, 0x00, 0x8d, 0x8d, 0x8d, 0x00, 0x8d, 0x8d, 0x8d, 0x00, 0x8d, 0x8d, 0x8d, 0x00, 0x8d, 0x8d, 0x8d, 0x00, 0x8d, 0x8d, 0x8d, 0x00, 0x8d, 0x8d, 0x8d, 0x00,
    0x8d, 0x8d, 0x8d, 0x00, 0x8d, 0x8d, 0x8d, 0x00, 0x8d, 0x8d, 0x8d, 0x00, 0x8d, 0x8d, 0x8d, 0x00, 0x8d, 0x8d, 0x8d, 0x00, 0x8d, 0x8d, 0x8d, 0x00, 0x8d, 0x8d, 0x8d, 0x00, 0x8d, 0x8d, 0x8d, 0x00,
    0x8d, 0x8d, 0x8d, 0x00, 0x8d, 0x8d, 0x8d, 0x00, 0x8d, 0x8d, 0x8d, 0x00, 0x8d, 0x8d, 0x8d, 0x00, 0x8d, 0x8d, 0x8d, 0x00, 0x8d, 0x8d, 0x8d, 0x00, 0x8d, 0x8d, 0x8d, 0x00, 0x8d, 0x8d, 0x8d, 0x00,
    0x8d, 0x8d, 0x8d, 0x00, 0x8d, 0x8d, 0x8d, 0x00, 0x8d, 0x8d, 0x8d, 0x00, 0x8d, 0x8d, 0x8d, 0x00, 0x8d, 0x8d, 0x8d, 0x00, 0x8d, 0x8d, 0x8d, 0x00, 0x8d, 0x8d, 0x8d, 0x00, 0x8d, 0x8d, 0x8d, 0x00,
    0x8d, 0x8d, 0x8d, 0x00, 0x8d, 0x8d, 0x8d, 0x00, 0x8d, 0x8d, 0x8d, 0x00, 0x8d, 0x8d, 0x8d, 0x00, 0x8d, 0x8d, 0x8d, 0x00, 0x8d, 0x8d, 0x8d, 0x00, 0x8d, 0x8d, 0x8d, 0x00, 0x8d, 0x8d, 0x8d, 0x00,
    0x8d, 0x8d, 0x8d, 0x00, 0x8d, 0x8d, 0x8d, 0x00, 0x8d, 0x8d, 0x8d, 0x00, 0x8d, 0x8d, 0x8d, 0x00, 0x8d, 0x8d, 0x8d, 0x00, 0x8d, 0x8d, 0x8d, 0x00, 0x8d, 0x8d, 0x8d, 0x00, 0x8d, 0x8d, 0x8d, 0x00,
    0x8d, 0x8d, 0x8d, 0x00, 0x8d, 0x8d, 0x8d, 0x00, 0x8d, 0x8d, 0x8d, 0x00, 0x8d, 0x8d, 0x8d, 0x00, 0x8d, 0x8d, 0x8d, 0x00, 0x8d, 0x8d, 0x8d, 0x00, 0x8d, 0x8d, 0x8d, 0x00, 0x8d, 0x8d, 0x8d, 0x00,
    0x8d, 0x8d, 0x8d, 0x00, 0x8d, 0x8d, 0x8d, 0x00, 0x8d, 0x8d, 0x8d, 0x00, 0x8d, 0x8d, 0x8d, 0x00, 0x8d, 0x8d, 0x8d, 0x00, 0x8d, 0x8d, 0x8d, 0x00, 0x8d, 0x8d, 0x8d, 0x00, 0x8d, 0x8d, 0x8d, 0x00,
    0x8d, 0x8d, 0x8d, 0x00, 0x8d, 0x8d, 0x8d, 0x00, 0x8d, 0x8d, 0x8d, 0x00, 0x8d, 0x8d, 0x8d, 0x00, 0x8d, 0x8d, 0x8d, 0x00, 0x8d, 0x8d, 0x8d, 0x00, 0x8d, 0x8d, 0x8d, 0x00, 0x8d, 0x8d, 0x8d, 0x00,
    0x8d, 0x8d, 0x8d, 0x00, 0x8d, 0x8d, 0x8d, 0x00, 0x8d, 0x8d, 0x8d, 0x00, 0x8d, 0x8d, 0x8d, 0x00, 0x8d, 0x8d, 0x8d, 0x00, 0x8d, 0x8d, 0x8d, 0x00, 0x8d, 0x8d, 0x8d, 0x00, 0x8d, 0x8d, 0x8d, 0x00,
    0x8d, 0x8d, 0x8d, 0x00, 0x8d, 0x8d, 0x8d, 0x00, 0x8d, 0x8d, 0x8d, 0x00, 0x8d, 0x8d, 0x8d, 0x00, 0x8d, 0x8d, 0x8d, 0x00, 0x8d, 0x8d, 0x8d, 0x00, 0x8d, 0x8d, 0x8d, 0x00, 0x8d, 0x8d, 0x8d, 0x00,
    0x8d, 0x8d, 0x8d, 0x00, 0x8d, 0x8d, 0x8d, 0x00, 0x8d, 0x8d, 0x8d, 0x00, 0x8d, 0x8d, 0x8d, 0x00, 0x8d, 0x8d, 0x8d, 0x00, 0x8d, 0x8d, 0x8d, 0x00, 0x8d, 0x8d, 0x8d, 0x00, 0x8d, 0x8d, 0x8d, 0x00,
    0x8d, 0x8d, 0x8d, 0x00, 0x8d, 0x8d, 0x8d, 0x00, 0x8d, 0x8d, 0x8d, 0x00, 0x8d, 0x8d, 0x8d, 0x00, 0x8d, 0x8d, 0x8d, 0x00, 0x8d, 0x8d, 0x8d, 0x00, 0x8d, 0x8d, 0x8d, 0x00, 0x8d, 0x8d, 0x8d, 0x00,
    0x8d, 0x8d, 0x8d, 0x00, 0x8d, 0x8d, 0x8d, 0x00, 0x8d, 0x8d, 0x8d, 0x00, 0x8d, 0x8d, 0x8d, 0x00, 0x8d, 0x8d, 0x8d, 0x00, 0x8d, 0x8d, 0x8d, 0x00, 0x8d, 0x8d, 0x8d, 0x00, 0x8d, 0x8d, 0x8d, 0x00,
    0x8d, 0x8d, 0x8d, 0x00, 0x8d, 0x8d, 0x8d, 0x00, 0x8d, 0x8d, 0x8d, 0x00, 0x8d, 0x8d, 0x8d, 0x00, 0x8d, 0x8d, 0x8d, 0x00, 0x8d, 0x8d, 0x8d, 0x00, 0x8d, 0x8d, 0x8d, 0x00, 0x8d, 0x8d, 0x8d, 0x00,
    0x8d, 0x8d, 0x8d, 0x00, 0x8d, 0x8d, 0x8d, 0x00, 0x8d, 0x8d, 0x8d, 0x00, 0x8d, 0x8d, 0x8d, 0x00, 0x8d, 0x8d, 0x8d, 0x00, 0x8d, 0x8d, 0x8d, 0x00, 0x8d, 0x8d, 0x8d, 0x00, 0x8d, 0x8d, 0x8d, 0x00,
    0x8d, 0x8d, 0x8d, 0x00, 0x8d, 0x8d, 0x8d, 0x00, 0x8d, 0x8d, 0x8d, 0x00, 0x8d, 0x8d, 0x8d, 0x00, 0x8d, 0x8d, 0x8d, 0x00, 0x8d, 0x8d, 0x8d, 0x00, 0x8d, 0x8d, 0x8d, 0x00, 0x8d, 0x8d, 0x8d, 0x00,
    0x8d, 0x8d, 0x8d, 0x00, 0x8d, 0x8d, 0x8d, 0x00, 0x8d, 0x8d, 0x8d, 0x00, 0x8d, 0x8d, 0x8d, 0x00, 0x8d, 0x8d, 0x8d, 0x00, 0x8d, 0x8d, 0x8d, 0x00, 0x8d, 0x8d, 0x8d, 0x00, 0x8d, 0x8d, 0x8d, 0x00,
    0x8d, 0x8d, 0x8d, 0x00, 0x8d, 0x8d, 0x8d, 0x00, 0x8d, 0x8d, 0x8d, 0x00, 0x8d, 0x8d, 0x8d, 0x00, 0x8d, 0x8d, 0x8d, 0x00, 0x8d, 0x8d, 0x8d, 0x00, 0x8d, 0x8d, 0x8d, 0x00, 0x8d, 0x8d, 0x8d, 0x00,
    0x8d, 0x8d, 0x8d, 0x00, 0x8d, 0x8d, 0x8d, 0x00, 0x8d, 0x8d, 0x8d, 0x00, 0x8d, 0x8d, 0x8d, 0x00, 0x8d, 0x8d, 0x8d, 0x00, 0x8d, 0x8d, 0x8d, 0x00, 0x8d, 0x8d, 0x8d, 0x00, 0x8d, 0x8d, 0x8d, 0x00,
    0x8d, 0x8d, 0x8d, 0x00, 0x8d, 0x8d, 0x8d, 0x00, 0x8d, 0x8d, 0x8d, 0x00, 0x8d, 0x8d, 0x8d, 0x00, 0x8d, 0x8d, 0x8d, 0x00, 0x8d, 0x8d, 0x8d, 0x00, 0x8d, 0x8d, 0x8d, 0x00, 0x8d, 0x8d, 0x8d, 0x00,
    0x8d, 0x8d, 0x8d, 0x00, 0x8d, 0x8d, 0x8d, 0x00, 0x8d, 0x8d, 0x8d, 0x00, 0x8d, 0x8d, 0x8d, 0x00, 0x8d, 0x8d, 0x8d, 0x00, 0x8d, 0x8d, 0x8d, 0x00, 0x8d, 0x8d, 0x8d, 0x00, 0x8d, 0x8d, 0x8d, 0x00,
    0x8d, 0x8d, 0x8d, 0x00, 0x8d, 0x8d, 0x8d, 0x00, 0x8d, 0x8d, 0x8d, 0x00, 0x8d, 0x8d, 0x8d, 0x00, 0x8d, 0x8d, 0x8d, 0x00, 0x8d, 0x8d, 0x8d, 0x00, 0x8d, 0x8d, 0x8d, 0x00, 0x8d, 0x8d, 0x8d, 0x00,
    0x8d, 0x8d, 0x8d, 0x00, 0x8d, 0x8d, 0x8d, 0x00, 0x8d, 0x8d, 0x8d, 0x00, 0x8d, 0x8d, 0x8d, 0x00, 0x8d, 0x8d, 0x8d, 0x00, 0x8d, 0x8d, 0x8d, 0x00, 0x8d, 0x8d, 0x8d, 0x00, 0x8d, 0x8d, 0x8d, 0x00,
    0x8d, 0x8d, 0x8d, 0x00, 0x8d, 0x8d, 0x8d, 0x00, 0x8d, 0x8d, 0x8d, 0x00, 0x8d, 0x8d, 0x8d, 0x00, 0x8d, 0x8d, 0x8d, 0x00, 0x8d, 0x8d, 0x8d, 0x00, 0x8d, 0x8d, 0x8d, 0x00, 0x8d, 0x8d, 0x8d, 0x00,
    0x8d, 0x8d, 0x8d, 0x00, 0x8d, 0x8d, 0x8d, 0x00, 0x8d, 0x8d, 0x8d, 0x00, 0x8d, 0x8d, 0x8d, 0x00, 0x8d, 0x8d, 0x8d, 0x00, 0x8d, 0x8d, 0x8d, 0x00, 0x8d, 0x8d, 0x8d, 0x00, 0x8d, 0x8d, 0x8d, 0x00,
    0x8d, 0x8d, 0x8d, 0x00, 0x8d, 0x8d, 0x8d, 0x00, 0x8d, 0x8d, 0x8d, 0x00, 0x8d, 0x8d, 0x8d, 0x00, 0x8d, 0x8d, 0x8d, 0x00, 0x8d, 0x8d, 0x8d, 0x00, 0x8d, 0x8d, 0x8d, 0x00, 0x8d, 0x8d, 0x8d, 0x00,
    0x8d, 0x8d, 0x8d, 0x00, 0x8d, 0x8d, 0x8d, 0x00, 0x8d, 0x8d, 0x8d, 0x00, 0x8d, 0x8d, 0x8d, 0x00, 0x8d, 0x8d, 0x8d, 0x00, 0x8d, 0x8d, 0x8d, 0x00, 0x8d, 0x8d, 0x8d, 0x00, 0x8d, 0x8d, 0x8d, 0x00,
    0x8d, 0x8d, 0x8d, 0x00, 0x8d, 0x8d, 0x8d, 0x00, 0x8d, 0x8d, 0x8d, 0x00, 0x8d, 0x8d, 0x8d, 0x00, 0x8d, 0x8d, 0x8d, 0x00, 0x8d, 0x8d, 0x8d, 0x00, 0x8d, 0x8d, 0x8d, 0x00, 0x8d, 0x8d, 0x8d, 0x00,
    0x8d, 0x8d, 0x8d, 0x00, 0x8d, 0x8d, 0x8d, 0x00, 0x8d, 0x8d, 0x8d, 0x00, 0x8d, 0x8d, 0x8d, 0x00, 0x8d, 0x8d, 0x8d, 0x00, 0x8d, 0x8d, 0x8d, 0x00, 0x8d, 0x8d, 0x8d, 0x00, 0x8d, 0x8d, 0x8d, 0x00,
    0x8d, 0x8d, 0x8d, 0x00, 0x8d, 0x8d, 0x8d, 0x00, 0x8d, 0x8d, 0x8d, 0x00, 0x8d, 0x8d, 0x8d, 0x00, 0x8d, 0x8d, 0x8d, 0x00, 0x8d, 0x8d, 0x8d, 0x00, 0x8d, 0x8d, 0x8d, 0x00, 0x8d, 0x8d, 0x8d, 0x00,
    0x8d, 0x8d, 0x8d, 0x00, 0x8d, 0x8d, 0x8d, 0x00, 0x8d, 0x8d, 0x8d, 0x00, 0x8d, 0x8d, 0x8d, 0x00, 0x8d, 0x8d, 0x8d, 0x00, 0x8d, 0x8d, 0x8d, 0x00, 0x8d, 0x8d, 0x8d, 0x00, 0x8d, 0x8d, 0x8d, 0x00,
    0x8d, 0x8d, 0x8d, 0x00, 0x8d, 0x8d, 0x8d, 0x00, 0x8d, 0x8d, 0x8d, 0x00, 0x8d, 0x8d, 0x8d, 0x00, 0x8d, 0x8d, 0x8d, 0x00, 0x8d, 0x8d, 0x8d, 0x00, 0x8d, 0x8d, 0x8d, 0x00, 0x8d, 0x8d, 0x8d, 0x00,
    0x8d, 0x8d, 0x8d, 0x00, 0x8d, 0x8d, 0x8d, 0x00, 0x8d, 0x8d, 0x8d, 0x00, 0x8d, 0x8d, 0x8d, 0x00, 0x8d, 0x8d, 0x8d, 0x00, 0x8d, 0x8d, 0x8d, 0x00, 0x8d, 0x8d, 0x8d, 0x00, 0x8d, 0x8d, 0x8d, 0x00,
    0x8d, 0x8d, 0x8d, 0x00, 0x8d, 0x8d, 0x8d, 0x00, 0x8d, 0x8d, 0x8d, 0x00, 0x8d, 0x8d, 0x8d, 0x00, 0x8d, 0x8d, 0x8d, 0x00, 0x8d, 0x8d, 0x8d, 0x00, 0x8d, 0x8d, 0x8d, 0x00, 0x8d, 0x8d, 0x8d, 0x00,
    0x8d, 0x8d, 0x8d, 0x00, 0x8d, 0x8d, 0x8d, 0x00, 0x8d, 0x8d, 0x8d, 0x00, 0x8d, 0x8d, 0x8d, 0x00, 0x8d, 0x8d, 0x8d, 0x00, 0x8d, 0x8d, 0x8d, 0x00, 0x8d, 0x8d, 0x8d, 0x00, 0x8d, 0x8d, 0x8d, 0x00,
    0x8d, 0x8d, 0x8d, 0x00, 0x8d, 0x8d, 0x8d, 0x00, 0x8d, 0x8d, 0x8d, 0x00, 0x8d, 0x8d, 0x8d, 0x00, 0x8d, 0x8d, 0x8d, 0x00, 0x8d, 0x8d, 0x8d, 0x00, 0x8d, 0x8d, 0x8d, 0x00, 0x8d, 0x8d, 0x8d, 0x00,
    0x8d, 0x8d, 0x8d, 0x00, 0x8d, 0x8d, 0x8d, 0x00, 0x8d, 0x8d, 0x8d, 0x00, 0x8d, 0x8d, 0x8d, 0x00, 0x8d, 0x8d, 0x8d, 0x00, 0x8d, 0x8d, 0x8d, 0x00, 0x8d, 0x8d, 0x8d, 0x00, 0x8d, 0x8d, 0x8d, 0x00,
    0x8d, 0x8d, 0x8d, 0x00, 0x8d, 0x8d, 0x8d, 0x00, 0x8d, 0x8d, 0x8d, 0x00, 0x8d, 0x8d, 0x8d, 0x00, 0x8d, 0x8d, 0x8d, 0x00, 0x8d, 0x8d, 0x8d, 0x00, 0x8d, 0x8d, 0x8d, 0x00, 0x8d, 0x8d, 0x8d, 0x00,
    0x8d, 0x8d, 0x8d, 0x00, 0x8d, 0x8d, 0x8d, 0x00, 0x8d, 0x8d, 0x8d, 0x00, 0x8d, 0x8d, 0x8d, 0x00, 0x8d, 0x8d, 0x8d, 0x00, 0x8d, 0x8d, 0x8d, 0x00, 0x8d, 0x8d, 0x8d, 0x00, 0x8d, 0x8d, 0x8d, 0x00,
    0x8d, 0x8d, 0x8d, 0x00, 0x8d, 0x8d, 0x8d, 0x00, 0x8d, 0x8d, 0x8d, 0x00, 0x8d, 0x8d, 0x8d, 0x00, 0x8d, 0x8d, 0x8d, 0x00, 0x8d, 0x8d, 0x8d, 0x00, 0x8d, 0x8d, 0x8d, 0x00, 0x8d, 0x8d, 0x8d, 0x00,
    0x8d, 0x8d, 0x8d, 0x00, 0x8d, 0x8d, 0x8d, 0x00, 0x8d, 0x8d, 0x8d, 0x00, 0x8d, 0x8d, 0x8d, 0x00, 0x8d, 0x8d, 0x8d, 0x00, 0x8d, 0x8d, 0x8d, 0x00, 0x8d, 0x8d, 0x8d, 0x00, 0x8d, 0x8d, 0x8d, 0x00,
    0x8d, 0x8d, 0x8d, 0x00, 0x8d, 0x8d, 0x8d, 0x00, 0x8d, 0x8d, 0x8d, 0x00, 0x8d, 0x8d, 0x8d, 0x00, 0x8d, 0x8d, 0x8d, 0x00, 0x8d, 0x8d, 0x8d, 0x00, 0x8d, 0x8d, 0x8d, 0x00, 0x8d, 0x8d, 0x8d, 0x00,
    0x8d, 0x8d, 0x8d, 0x00, 0x8d, 0x8d, 0x8d, 0x00, 0x8d, 0x8d, 0x8d, 0x00, 0x8d, 0x8d, 0x8d, 0x00, 0x8d, 0x8d, 0x8d, 0x00, 0x8d, 0x8d, 0x8d, 0x00, 0x8d, 0x8d, 0x8d, 0x00, 0x8d, 0x8d, 0x8d, 0x00,
    0x8d, 0x8d, 0x8d, 0x00, 0x8d, 0x8d, 0x8d, 0x00, 0x8d, 0x8d, 0x8d, 0x00, 0x8d, 0x8d, 0x8d, 0x00, 0x8d, 0x8d, 0x8d, 0x00, 0x8d, 0x8d, 0x8d, 0x00, 0x8d, 0x8d, 0x8d, 0x00, 0x8d, 0x8d, 0x8d, 0x00,
    0x8d, 0x8d, 0x8d, 0x00, 0x8d, 0x8d, 0x8d, 0x00, 0x8d, 0x8d, 0x8d, 0x00, 0x8d, 0x8d, 0x8d, 0x00, 0x8d, 0x8d, 0x8d, 0x00, 0x8d, 0x8d, 0x8d, 0x00, 0x8d, 0x8d, 0x8d, 0x00, 0x8d, 0x8d, 0x8d, 0x00,
    0x8d, 0x8d, 0x8d, 0x00, 0x8d, 0x8d, 0x8d, 0x00, 0x8d, 0x8d, 0x8d, 0x00, 0x8d, 0x8d, 0x8d, 0x00, 0x8d, 0x8d, 0x8d, 0x00, 0x8d, 0x8d, 0x8d, 0x00, 0x8d, 0x8d, 0x8d, 0x00, 0x8d, 0x8d, 0x8d, 0x00,
    0x8d, 0x8d, 0x8d, 0x00, 0x8d, 0x8d, 0x8d, 0x00, 0x8d, 0x8d, 0x8d, 0x00, 0x8d, 0x8d, 0x8d, 0x00, 0x8d, 0x8d, 0x8d, 0x00, 0x8d, 0x8d, 0x8d, 0x00, 0x8d, 0x8d, 0x8d, 0x00, 0x8d, 0x8d, 0x8d, 0x00,
    0x8d, 0x8d, 0x8d, 0x00, 0x8d, 0x8d, 0x8d, 0x00, 0x8d, 0x8d, 0x8d, 0x00, 0x8d, 0x8d, 0x8d, 0x00, 0x8d, 0x8d, 0x8d, 0x00, 0x8d, 0x8d, 0x8d, 0x00, 0x8d, 0x8d, 0x8d, 0x00, 0x8d, 0x8d, 0x8d, 0x00,
    0x8d, 0x8d, 0x8d, 0x00, 0x8d, 0x8d, 0x8d, 0x00, 0x8d, 0x8d, 0x8d, 0x00, 0x8d, 0x8d, 0x8d, 0x00, 0x8d, 0x8d, 0x8d, 0x00, 0x8d, 0x8d, 0x8d, 0x00, 0x8d, 0x8d, 0x8d, 0x00, 0x8d, 0x8d, 0x8d, 0x00,
    0x8d, 0x8d, 0x8d, 0x00, 0x8d, 0x8d, 0x8d, 0x00, 0x8d, 0x8d, 0x8d, 0x00, 0x8d, 0x8d, 0x8d, 0x00, 0x8d, 0x8d, 0x8d, 0x00, 0x8d, 0x8d, 0x8d, 0x00, 0x8d, 0x8d, 0x8d, 0x00, 0x8d, 0x8d, 0x8d, 0x00,
    0x8d, 0x8d, 0x8d, 0x00, 0x8d, 0x8d, 0x8d, 0x00, 0x8d, 0x8d, 0x8d, 0x00, 0x8d, 0x8d, 0x8d, 0x00, 0x8d, 0x8d, 0x8d, 0x00, 0x8d, 0x8d, 0x8d, 0x00, 0x8d, 0x8d, 0x8d, 0x00, 0x8d, 0x8d, 0x8d, 0x00,
    0x8d, 0x8d, 0x8d, 0x00, 0x8d, 0x8d, 0x8d, 0x00, 0x8d, 0x8d, 0x8d, 0x00, 0x8d, 0x8d, 0x8d, 0x00, 0x8d, 0x8d, 0x8d, 0x00, 0x8d, 0x8d, 0x8d, 0x00, 0x8d, 0x8d, 0x8d, 0x00, 0x8d, 0x8d, 0x8d, 0x00,
    0x8d, 0x8d, 0x8d, 0x00, 0x8d, 0x8d, 0x8d, 0x00, 0x8d, 0x8d, 0x8d, 0x00, 0x8d, 0x8d, 0x8d, 0x00, 0x8d, 0x8d, 0x8d, 0x00, 0x8d, 0x8d, 0x8d, 0x00, 0x8d, 0x8d, 0x8d, 0x00, 0x8d, 0x8d, 0x8d, 0x00,
    0x8d, 0x8d, 0x8d, 0x00, 0x8d, 0x8d, 0x8d, 0x00, 0x8d, 0x8d, 0x8d, 0x00, 0x8d, 0x8d, 0x8d, 0x00, 0x8d, 0x8d, 0x8d, 0x00, 0x8d, 0x8d, 0x8d, 0x00, 0x8d, 0x8d, 0x8d, 0x00, 0x8d, 0x8d, 0x8d, 0x00,
    0x8d, 0x8d, 0x8d, 0x00, 0x8d, 0x8d, 0x8d, 0x00, 0x8d, 0x8d, 0x8d, 0x00, 0x8d, 0x8d, 0x8d, 0x00, 0x8d, 0x8d, 0x8d, 0x00, 0x8d, 0x8d, 0x8d, 0x00, 0x8d, 0x8d, 0x8d, 0x00, 0x8d, 0x8d, 0x8d, 0x00,
    0x8d, 0x8d, 0x8d, 0x00, 0x8d, 0x8d, 0x8d, 0x00, 0x8d, 0x8d, 0x8d, 0x00, 0x8d, 0x8d, 0x8d, 0x00, 0x8d, 0x8d, 0x8d, 0x00, 0x8d, 0x8d, 0x8d, 0x00, 0x8d, 0x8d, 0x8d, 0x00, 0x8d, 0x8d, 0x8d, 0x00,
    0x8d, 0x8d, 0x8d, 0x00, 0x8d, 0x8d, 0x8d, 0x00, 0x8d, 0x8d, 0x8d, 0x00, 0x8d, 0x8d, 0x8d, 0x00, 0x8d, 0x8d, 0x8d, 0x00, 0x8d, 0x8d, 0x8d, 0x00, 0x8d, 0x8d, 0x8d, 0x00, 0x8d, 0x8d, 0x8d, 0x00,
    0x8d, 0x8d, 0x8d, 0x00, 0x8d, 0x8d, 0x8d, 0x00, 0x8d, 0x8d, 0x8d, 0x00, 0x8d, 0x8d, 0x8d, 0x00, 0x8d, 0x8d, 0x8d, 0x00, 0x8d, 0x8d, 0x8d, 0x00, 0x8d, 0x8d, 0x8d, 0x00, 0x8d, 0x8d, 0x8d, 0x00,
    0x8d, 0x8d, 0x8d, 0x00, 0x8d, 0x8d, 0x8d, 0x00, 0x8d, 0x8d, 0x8d, 0x00, 0x8d, 0x8d, 0x8d, 0x00, 0x8d, 0x8d, 0x8d, 0x00, 0x8d, 0x8d, 0x8d, 0x00, 0x8d, 0x8d, 0x8d, 0x00, 0x8d, 0x8d, 0x8d, 0x00,
    0x8d, 0x8d, 0x8d, 0x00, 0x8d, 0x8d, 0x8d, 0x00, 0x8d, 0x8d, 0x8d, 0x00, 0x8d, 0x8d, 0x8d, 0x00, 0x8d, 0x8d, 0x8d, 0x00, 0x8d, 0x8d, 0x8d, 0x00, 0x8d, 0x8d, 0x8d, 0x00, 0x8d, 0x8d, 0x8d, 0x00,
    0x8d, 0x8d, 0x8d, 0x00, 0x8d, 0x8d, 0x8d, 0x00, 0x8d, 0x8d, 0x8d, 0x00, 0x8d, 0x8d, 0x8d, 0x00, 0x8d, 0x8d, 0x8d, 0x00, 0x8d, 0x8d, 0x8d, 0x00, 0x8d, 0x8d, 0x8d, 0x00, 0x8d, 0x8d, 0x8d, 0x00,
    0x8d, 0x8d, 0x8d, 0x00, 0x8d, 0x8d, 0x8d, 0x00, 0x8d, 0x8d, 0x8d, 0x00, 0x8d, 0x8d, 0x8d, 0x00, 0x8d, 0x8d, 0x8d, 0x00, 0x8d, 0x8d, 0x8d, 0x00, 0x8d, 0x8d, 0x8d, 0x00, 0x8d, 0x8d, 0x8d, 0x00,
    0x8d, 0x8d, 0x8d, 0x00, 0x8d, 0x8d, 0x8d, 0x00, 0x8d, 0x8d, 0x8d, 0x00, 0x8d, 0x8d, 0x8d, 0x00, 0x8d, 0x8d, 0x8d, 0x00, 0x8d, 0x8d, 0x8d, 0x00, 0x8d, 0x8d, 0x8d, 0x00, 0x8d, 0x8d, 0x8d, 0x00,
    0x8d, 0x8d, 0x8d, 0x00, 0x8d, 0x8d, 0x8d, 0x00, 0x8d, 0x8d, 0x8d, 0x00, 0x8d, 0x8d, 0x8d, 0x00, 0x8d, 0x8d, 0x8d, 0x00, 0x8d, 0x8d, 0x8d, 0x00, 0x8d, 0x8d, 0x8d, 0x00, 0x8d, 0x8d, 0x8d, 0x00,
    0x8d, 0x8d, 0x8d, 0x00, 0x8d, 0x8d, 0x8d, 0x00, 0x8d, 0x8d, 0x8d, 0x00, 0x8d, 0x8d, 0x8d, 0x00, 0x8d, 0x8d, 0x8d, 0x00, 0x8d, 0x8d, 0x8d, 0x00, 0x8d, 0x8d, 0x8d, 0x00, 0x8d, 0x8d, 0x8d, 0x00,
    0x8d, 0x8d, 0x8d, 0x00, 0x8d, 0x8d, 0x8d, 0x00, 0x8d, 0x8d, 0x8d, 0x00, 0x8d, 0x8d, 0x8d, 0x00, 0x8d, 0x8d, 0x8d, 0x00, 0x8d, 0x8d, 0x8d, 0x00, 0x8d, 0x8d, 0x8d, 0x00, 0x8d, 0x8d, 0x8d, 0x00,
    0x8d, 0x8d, 0x8d, 0x00, 0x8d, 0x8d, 0x8d, 0x00, 0x8d, 0x8d, 0x8d, 0x00, 0x8d, 0x8d, 0x8d, 0x00, 0x8d, 0x8d, 0x8d, 0x00, 0x8d, 0x8d, 0x8d, 0x00, 0x8d, 0x8d, 0x8d, 0x00, 0x8d, 0x8d, 0x8d, 0x00,
    0x8d, 0x8d, 0x8d, 0x00, 0x8d, 0x8d, 0x8d, 0x00, 0x8d, 0x8d, 0x8d, 0x00, 0x8d, 0x8d, 0x8d, 0x00, 0x8d, 0x8d, 0x8d, 0x00, 0x8d, 0x8d, 0x8d, 0x00, 0x8d, 0x8d, 0x8d, 0x00, 0x8d, 0x8d, 0x8d, 0x00,
    0x8d, 0x8d, 0x8d, 0x00, 0x8d, 0x8d, 0x8d, 0x00, 0x8d, 0x8d, 0x8d, 0x00, 0x8d, 0x8d, 0x8d, 0x00, 0x8d, 0x8d, 0x8d, 0x00, 0x8d, 0x8d, 0x8d, 0x00, 0x8d, 0x8d, 0x8d, 0x00, 0x8d, 0x8d, 0x8d, 0x00,
    0x8d, 0x8d, 0x8d, 0x00, 0x8d, 0x8d, 0x8d, 0x00, 0x8d, 0x8d, 0x8d, 0x00, 0x8d, 0x8d, 0x8d, 0x00, 0x8d, 0x8d, 0x8d, 0x00, 0x8d, 0x8d, 0x8d, 0x00, 0x8d, 0x8d, 0x8d, 0x00, 0x8d, 0x8d, 0x8d, 0x00,
    0x8d, 0x8d, 0x8d, 0x00, 0x8d, 0x8d, 0x8d, 0x00, 0x8d, 0x8d, 0x8d, 0x00, 0x8d, 0x8d, 0x8d, 0x00, 0x8d, 0x8d, 0x8d, 0x00, 0x8d, 0x8d, 0x8d, 0x00, 0x8d, 0x8d, 0x8d, 0x00, 0x8d, 0x8d, 0x8d, 0x00,
    0x8d, 0x8d, 0x8d, 0x00, 0x8d, 0x8d, 0x8d, 0x00, 0x8d, 0x8d, 0x8d, 0x00, 0x8d, 0x8d, 0x8d, 0x00, 0x8d, 0x8d, 0x8d, 0x00, 0x8d, 0x8d, 0x8d, 0x00, 0x8d, 0x8d, 0x8d, 0x00, 0x8d, 0x8d, 0x8d, 0x00,
    0x8d, 0x8d, 0x8d, 0x00, 0x8d, 0x8d, 0x8d, 0x00, 0x8d, 0x8d, 0x8d, 0x00, 0x8d, 0x8d, 0x8d, 0x00, 0x8d, 0x8d, 0x8d, 0x00, 0x8d, 0x8d, 0x8d, 0x00, 0x8d, 0x8d, 0x8d, 0x00, 0x8d, 0x8d, 0x8d, 0x00,
    0x8d, 0x8d, 0x8d, 0x00, 0x8d, 0x8d, 0x8d, 0x00, 0x8d, 0x8d, 0x8d, 0x00, 0x8d, 0x8d, 0x8d, 0x00, 0x8d, 0x8d, 0x8d, 0x00, 0x8d, 0x8d, 0x8d, 0x00, 0x8d, 0x8d, 0x8d, 0x00, 0x8d, 0x8d, 0x8d, 0x00,
    0x8d, 0x8d, 0x8d, 0x00, 0x8d, 0x8d, 0x8d, 0x00, 0x8d, 0x8d, 0x8d, 0x00, 0x8d, 0x8d, 0x8d, 0x00, 0x8d, 0x8d, 0x8d, 0x00, 0x8d, 0x8d, 0x8d, 0x00, 0x8d, 0x8d, 0x8d, 0x00, 0x8d, 0x8d, 0x8d, 0x00,
    0x8d, 0x8d, 0x8d, 0x00, 0x8d, 0x8d, 0x8d, 0x00, 0x8d, 0x8d, 0x8d, 0x00, 0x8d, 0x8d, 0x8d, 0x00, 0x8d, 0x8d, 0x8d, 0x00, 0x8d, 0x8d, 0x8d, 0x00, 0x8d, 0x8d, 0x8d, 0x00, 0x8d, 0x8d, 0x8d, 0x00,
    0x8d, 0x8d, 0x8d, 0x00, 0x8d, 0x8d, 0x8d, 0x00, 0x8d, 0x8d, 0x8d, 0x00, 0x8d, 0x8d, 0x8d, 0x00, 0x8d, 0x8d, 0x8d, 0x00, 0x8d, 0x8d, 0x8d, 0x00, 0x8d, 0x8d, 0x8d, 0x00, 0x8d, 0x8d, 0x8d, 0x00,
    0x8d, 0x8d, 0x8d, 0x00, 0x8d, 0x8d, 0x8d, 0x00, 0x8d, 0x8d, 0x8d, 0x00, 0x8d, 0x8d, 0x8d, 0x00, 0x8d, 0x8d, 0x8d, 0x00, 0x8d, 0x8d, 0x8d, 0x00, 0x8d, 0x8d, 0x8d, 0x00, 0x8d, 0x8d, 0x8d, 0x00,
    0x8d, 0x8d, 0x8d, 0x00, 0x8d, 0x8d, 0x8d, 0x00, 0x8d, 0x8d, 0x8d, 0x00, 0x8d, 0x8d, 0x8d, 0x00, 0x8d, 0x8d, 0x8d, 0x00, 0x8d, 0x8d, 0x8d, 0x00, 0x8d, 0x8d, 0x8d, 0x00, 0x8d, 0x8d, 0x8d, 0x00,
    0x8d, 0x8d, 0x8d, 0x00, 0x8d, 0x8d, 0x8d, 0x00, 0x8d, 0x8d, 0x8d, 0x00, 0x8d, 0x8d, 0x8d, 0x00, 0x8d, 0x8d, 0x8d, 0x00, 0x8d, 0x8d, 0x8d, 0x00, 0x8d, 0x8d, 0x8d, 0x00, 0x8d, 0x8d, 0x8d, 0x00,
    0x8d, 0x8d, 0x8d, 0x00, 0x8d, 0x8d, 0x8d, 0x00, 0x8d, 0x8d, 0x8d, 0x00, 0x8d, 0x8d, 0x8d, 0x00, 0x8d, 0x8d, 0x8d, 0x00, 0x8d, 0x8d, 0x8d, 0x00, 0x8d, 0x8d, 0x8d, 0x00, 0x8d, 0x8d, 0x8d, 0x00,
    0x8d, 0x8d, 0x8d, 0x00, 0x8d, 0x8d, 0x8d, 0x00, 0x8d, 0x8d, 0x8d, 0x00, 0x8d, 0x8d, 0x8d, 0x00, 0x8d, 0x8d, 0x8d, 0x00, 0x8d, 0x8d, 0x8d, 0x00, 0x8d, 0x8d, 0x8d, 0x00, 0x8d, 0x8d, 0x8d, 0x00,
    0x8d, 0x8d, 0x8d, 0x00, 0x8d, 0x8d, 0x8d, 0x00, 0x8d, 0x8d, 0x8d, 0x00, 0x8d, 0x8d, 0x8d, 0x00, 0x8d, 0x8d, 0x8d, 0x00, 0x8d, 0x8d, 0x8d, 0x00, 0x8d, 0x8d, 0x8d, 0x00, 0x8d, 0x8d, 0x8d, 0x00,
    0x8d, 0x8d, 0x8d, 0x00, 0x8d, 0x8d, 0x8d, 0x00, 0x8d, 0x8d, 0x8d, 0x00, 0x8d, 0x8d, 0x8d, 0x00, 0x8d, 0x8d, 0x8d, 0x00, 0x8d, 0x8d, 0x8d, 0x00, 0x8d, 0x8d, 0x8d, 0x00, 0x8d, 0x8d, 0x8d, 0x00,
    0x8d, 0x8d, 0x8d, 0x00, 0x8d, 0x8d, 0x8d, 0x00, 0x8d, 0x8d, 0x8d, 0x00, 0x8d, 0x8d, 0x8d, 0x00, 0x8d, 0x8d, 0x8d, 0x00, 0x8d, 0x8d, 0x8d, 0x00, 0x8d, 0x8d, 0x8d, 0x00, 0x8d, 0x8d, 0x8d, 0x00,
    0x8d, 0x8d, 0x8d, 0x00, 0x8d, 0x8d, 0x8d, 0x00, 0x8d, 0x8d, 0x8d, 0x00, 0x8d, 0x8d, 0x8d, 0x00, 0x8d, 0x8d, 0x8d, 0x00, 0x8d, 0x8d, 0x8d, 0x00, 0x8d, 0x8d, 0x8d, 0x00, 0x8d, 0x8d, 0x8d, 0x00,
    0x8d, 0x8d, 0x8d, 0x00, 0x8d, 0x8d, 0x8d, 0x00, 0x8d, 0x8d, 0x8d, 0x00, 0x8d, 0x8d, 0x8d, 0x00, 0x8d, 0x8d, 0x8d, 0x00, 0x8d, 0x8d, 0x8d, 0x00, 0x8d, 0x8d, 0x8d, 0x00, 0x8d, 0x8d, 0x8d, 0x00,
    0x8d, 0x8d, 0x8d, 0x00, 0x8d, 0x8d, 0x8d, 0x00, 0x8d, 0x8d, 0x8d, 0x00, 0x8d, 0x8d, 0x8d, 0x00, 0x8d, 0x8d, 0x8d, 0x00, 0x8d, 0x8d, 0x8d, 0x00, 0x8d, 0x8d, 0x8d, 0x00, 0x8d, 0x8d, 0x8d, 0x00,
    0x8d, 0x8d, 0x8d, 0x00, 0x8d, 0x8d, 0x8d, 0x00, 0x8d, 0x8d, 0x8d, 0x00, 0x8d, 0x8d, 0x8d, 0x00, 0x8d, 0x8d, 0x8d, 0x00, 0x8d, 0x8d, 0x8d, 0x00, 0x8d, 0x8d, 0x8d, 0x00, 0x8d, 0x8d, 0x8d, 0x00,
    0x8d, 0x8d, 0x8d, 0x00, 0x8d, 0x8d, 0x8d, 0x00, 0x8d, 0x8d, 0x8d, 0x00, 0x8d, 0x8d, 0x8d, 0x00, 0x8d, 0x8d, 0x8d, 0x00, 0x8d, 0x8d, 0x8d, 0x00, 0x8d, 0x8d, 0x8d, 0x00, 0x8d, 0x8d, 0x8d, 0x00,
    0x8d, 0x8d, 0x8d, 0x00, 0x8d, 0x8d, 0x8d, 0x00, 0x8d, 0x8d, 0x8d, 0x00, 0x8d, 0x8d, 0x8d, 0x00, 0x8d, 0x8d, 0x8d, 0x00, 0x8d, 0x8d, 0x8d, 0x00, 0x8d, 0x8d, 0x8d, 0x00, 0x8d, 0x8d, 0x8d, 0x00,
    0x8d, 0x8d, 0x8d, 0x00, 0x8d, 0x8d, 0x8d, 0x00, 0x8d, 0x8d, 0x8d, 0x00, 0x8d, 0x8d, 0x8d, 0x00, 0x8d, 0x8d, 0x8d, 0x00, 0x8d, 0x8d, 0x8d, 0x00, 0x8d, 0x8d, 0x8d, 0x00, 0x8d, 0x8d, 0x8d, 0x00,
    0x8d, 0x8d, 0x8d, 0x00, 0x8d, 0x8d, 0x8d, 0x00, 0x8d, 0x8d, 0x8d, 0x00, 0x8d, 0x8d, 0x8d, 0x00, 0x8d, 0x8d, 0x8d, 0x00, 0x8d, 0x8d, 0x8d, 0x00, 0x8d, 0x8d, 0x8d, 0x00, 0x8d, 0x8d, 0x8d, 0x00,
    0x8d, 0x8d, 0x8d, 0x00, 0x8d, 0x8d, 0x8d, 0x00, 0x8d, 0x8d, 0x8d, 0x00, 0x8d, 0x8d, 0x8d, 0x00, 0x8d, 0x8d, 0x8d, 0x00, 0x8d, 0x8d, 0x8d, 0x00, 0x8d, 0x8d, 0x8d, 0x00, 0x8d, 0x8d, 0x8d, 0x00,
    0x8d, 0x8d, 0x8d, 0x00, 0x8d, 0x8d, 0x8d, 0x00, 0x8d, 0x8d, 0x8d, 0x00, 0x8d, 0x8d, 0x8d, 0x00, 0x8d, 0x8d, 0x8d, 0x00, 0x8d, 0x8d, 0x8d, 0x00, 0x8d, 0x8d, 0x8d, 0x00, 0x8d, 0x8d, 0x8d, 0x00,
    0x8d, 0x8d, 0x8d, 0x00, 0x8d, 0x8d, 0x8d, 0x00, 0x8d, 0x8d, 0x8d, 0x00, 0x8d, 0x8d, 0x8d, 0x00, 0x8d, 0x8d, 0x8d, 0x00, 0x8d, 0x8d, 0x8d, 0x00, 0x8d, 0x8d, 0x8d, 0x00, 0x8d, 0x8d, 0x8d, 0x00,
    0x8d, 0x8d, 0x8d, 0x00, 0x8d, 0x8d, 0x8d, 0x00, 0x8d, 0x8d, 0x8d, 0x00, 0x8d, 0x8d, 0x8d, 0x00, 0x8d, 0x8d, 0x8d, 0x00, 0x8d, 0x8d, 0x8d, 0x00, 0x8d, 0x8d, 0x8d, 0x00, 0x8d, 0x8d, 0x8d, 0x00,
    0x8d, 0x8d, 0x8d, 0x00, 0x8d, 0x8d, 0x8d, 0x00, 0x8d, 0x8d, 0x8d, 0x00, 0x8d, 0x8d, 0x8d, 0x00, 0x8d, 0x8d, 0x8d, 0x00, 0x8d, 0x8d, 0x8d, 0x00, 0x8d, 0x8d, 0x8d, 0x00, 0x8d, 0x8d, 0x8d, 0x00,
    0x8d, 0x8d, 0x8d, 0x00, 0x8d, 0x8d, 0x8d, 0x00, 0x8d, 0x8d, 0x8d, 0x00, 0x8d, 0x8d, 0x8d, 0x00, 0x8d, 0x8d, 0x8d, 0x00, 0x8d, 0x8d, 0x8d, 0x00, 0x8d, 0x8d, 0x8d, 0x00, 0x8d, 0x8d, 0x8d, 0x00,
    0x8d, 0x8d, 0x8d, 0x00, 0x8d, 0x8d, 0x8d, 0x00, 0x8d, 0x8d, 0x8d, 0x00, 0x8d, 0x8d, 0x8d, 0x00, 0x8d, 0x8d, 0x8d, 0x00, 0x8d, 0x8d, 0x8d, 0x00, 0x8d, 0x8d, 0x8d, 0x00, 0x8d, 0x8d, 0x8d, 0x00,
    0x8d, 0x8d, 0x8d, 0x00, 0x8d, 0x8d, 0x8d, 0x00, 0x8d, 0x8d, 0x8d, 0x00, 0x8d, 0x8d, 0x8d, 0x00, 0x8d, 0x8d, 0x8d, 0x00, 0x8d, 0x8d, 0x8d, 0x00, 0x8d, 0x8d, 0x8d, 0x00, 0x8d, 0x8d, 0x8d, 0x00,
    0x8d, 0x8d, 0x8d, 0x00, 0x8d, 0x8d, 0x8d, 0x00, 0x8d, 0x8d, 0x8d, 0x00, 0x8d, 0x8d, 0x8d, 0x00, 0x8d, 0x8d, 0x8d, 0x00, 0x8d, 0x8d, 0x8d, 0x00, 0x8d, 0x8d, 0x8d, 0x00, 0x8d, 0x8d, 0x8d, 0x00,
    0x8d, 0x8d, 0x8d, 0x00, 0x8d, 0x8d, 0x8d, 0x00, 0x8d, 0x8d, 0x8d, 0x00, 0x8d, 0x8d, 0x8d, 0x00, 0x8d, 0x8d, 0x8d, 0x00, 0x8d, 0x8d, 0x8d, 0x00, 0x8d, 0x8d, 0x8d, 0x00, 0x8d, 0x8d, 0x8d, 0x00,
    0x8d, 0x8d, 0x8d, 0x00, 0x8d, 0x8d, 0x8d, 0x00, 0x8d, 0x8d, 0x8d, 0x00, 0x8d, 0x8d, 0x8d, 0x00, 0x8d, 0x8d, 0x8d, 0x00, 0x8d, 0x8d, 0x8d, 0x00, 0x8d, 0x8d, 0x8d, 0x00, 0x8d, 0x8d, 0x8d, 0x00,
    0x8d, 0x8d, 0x8d, 0x00, 0x8d, 0x8d, 0x8d, 0x00, 0x8d, 0x8d, 0x8d, 0x00, 0x8d, 0x8d, 0x8d, 0x00, 0x8d, 0x8d, 0x8d, 0x00, 0x8d, 0x8d, 0x8d, 0x00, 0x8d, 0x8d, 0x8d, 0x00, 0x8d, 0x8d, 0x8d, 0x00,
    0x8d, 0x8d, 0x8d, 0x00, 0x8d, 0x8d, 0x8d, 0x00, 0x8d, 0x8d, 0x8d, 0x00, 0x8d, 0x8d, 0x8d, 0x00, 0x8d, 0x8d, 0x8d, 0x00, 0x8d, 0x8d, 0x8d, 0x00, 0x8d, 0x8d, 0x8d, 0x00, 0x8d, 0x8d, 0x8d, 0x00,
    0x8d, 0x8d, 0x8d, 0x00, 0x8d, 0x8d, 0x8d, 0x00, 0x8d, 0x8d, 0x8d, 0x00, 0x8d, 0x8d, 0x8d, 0x00, 0x8d, 0x8d, 0x8d, 0x00, 0x8d, 0x8d, 0x8d, 0x00, 0x8d, 0x8d, 0x8d, 0x00, 0x8d, 0x8d, 0x8d, 0x00,
    0x8d, 0x8d, 0x8d, 0x00, 0x8d, 0x8d, 0x8d, 0x00, 0x8d, 0x8d, 0x8d, 0x00, 0x8d, 0x8d, 0x8d, 0x00, 0x8d, 0x8d, 0x8d, 0x00, 0x8d, 0x8d, 0x8d, 0x00, 0x8d, 0x8d, 0x8d, 0x00, 0x8d, 0x8d, 0x8d, 0x00,
    0x8d, 0x8d, 0x8d, 0x00, 0x8d, 0x8d, 0x8d, 0x00, 0x8d, 0x8d, 0x8d, 0x00, 0x8d, 0x8d, 0x8d, 0x00, 0x8d, 0x8d, 0x8d, 0x00, 0x8d, 0x8d, 0x8d, 0x00, 0x8d, 0x8d, 0x8d, 0x00, 0x8d, 0x8d, 0x8d, 0x00,
    0x8d, 0x8d, 0x8d, 0x00, 0x8d, 0x8d, 0x8d, 0x00, 0x8d, 0x8d, 0x8d, 0x00, 0x8d, 0x8d, 0x8d, 0x00, 0x8d, 0x8d, 0x8d, 0x00, 0x8d, 0x8d, 0x8d, 0x00, 0x8d, 0x8d, 0x8d, 0x00, 0x8d, 0x8d, 0x8d, 0x00,
    0x8d, 0x8d, 0x8d, 0x00, 0x8d, 0x8d, 0x8d, 0x00, 0x8d, 0x8d, 0x8d, 0x00, 0x8d, 0x8d, 0x8d, 0x00, 0x8d, 0x8d, 0x8d, 0x00, 0x8d, 0x8d, 0x8d, 0x00, 0x8d, 0x8d, 0x8d, 0x00, 0x8d, 0x8d, 0x8d, 0x00,
    0x8d, 0x8d, 0x8d, 0x00, 0x8d, 0x8d, 0x8d, 0x00, 0x8d, 0x8d, 0x8d, 0x00, 0x8d, 0x8d, 0x8d, 0x00, 0x8d, 0x8d, 0x8d, 0x00, 0x8d, 0x8d, 0x8d, 0x00, 0x8d, 0x8d, 0x8d, 0x00, 0x8d, 0x8d, 0x8d, 0x00,
    0x8d, 0x8d, 0x8d, 0x00, 0x8d, 0x8d, 0x8d, 0x00, 0x8d, 0x8d, 0x8d, 0x00, 0x8d, 0x8d, 0x8d, 0x00, 0x8d, 0x8d, 0x8d, 0x00, 0x8d, 0x8d, 0x8d, 0x00, 0x8d, 0x8d, 0x8d, 0x00, 0x8d, 0x8d, 0x8d, 0x00,
    0x8d, 0x8d, 0x8d, 0x00, 0x8d, 0x8d, 0x8d, 0x00, 0x8d, 0x8d, 0x8d, 0x00, 0x8d, 0x8d, 0x8d, 0x00, 0x8d, 0x8d, 0x8d, 0x00, 0x8d, 0x8d, 0x8d, 0x00, 0x8d, 0x8d, 0x8d, 0x00, 0x8d, 0x8d, 0x8d, 0x00,
    0x8d, 0x8d, 0x8d, 0x00, 0x8d, 0x8d, 0x8d, 0x00, 0x8d, 0x8d, 0x8d, 0x00, 0x8d, 0x8d, 0x8d, 0x00, 0x8d, 0x8d, 0x8d, 0x00, 0x8d, 0x8d, 0x8d, 0x00, 0x8d, 0x8d, 0x8d, 0x00, 0x8d, 0x8d, 0x8d, 0x00,
    0x8d, 0x8d, 0x8d, 0x00, 0x8d, 0x8d, 0x8d, 0x00, 0x8d, 0x8d, 0x8d, 0x00, 0x8d, 0x8d, 0x8d, 0x00, 0x8d, 0x8d, 0x8d, 0x00, 0x8d, 0x8d, 0x8d, 0x00, 0x8d, 0x8d, 0x8d, 0x00, 0x8d, 0x8d, 0x8d, 0x00,
    0x8d, 0x8d, 0x8d, 0x00, 0x8d, 0x8d, 0x8d, 0x00, 0x8d, 0x8d, 0x8d, 0x00, 0x8d, 0x8d, 0x8d, 0x00, 0x8d, 0x8d, 0x8d, 0x00, 0x8d, 0x8d, 0x8d, 0x00, 0x8d, 0x8d, 0x8d, 0x00, 0x8d, 0x8d, 0x8d, 0x00,
    0x8d, 0x8d, 0x8d, 0x00, 0x8d, 0x8d, 0x8d, 0x00, 0x8d, 0x8d, 0x8d, 0x00, 0x8d, 0x8d, 0x8d, 0x00, 0x8d, 0x8d, 0x8d, 0x00, 0x8d, 0x8d, 0x8d, 0x00, 0x8d, 0x8d, 0x8d, 0x00, 0x8d, 0x8d, 0x8d, 0x00,
    0x8d, 0x8d, 0x8d, 0x00, 0x8d, 0x8d, 0x8d, 0x00, 0x8d, 0x8d, 0x8d, 0x00, 0x8d, 0x8d, 0x8d, 0x00, 0x8d, 0x8d, 0x8d, 0x00, 0x8d, 0x8d, 0x8d, 0x00, 0x8d, 0x8d, 0x8d, 0x00, 0x8d, 0x8d, 0x8d, 0x00,
    0x8d, 0x8d, 0x8d, 0x00, 0x8d, 0x8d, 0x8d, 0x00, 0x8d, 0x8d, 0x8d, 0x00, 0x8d, 0x8d, 0x8d, 0x00, 0x8d, 0x8d, 0x8d, 0x00, 0x8d, 0x8d, 0x8d, 0x00, 0x8d, 0x8d, 0x8d, 0x00, 0x8d, 0x8d, 0x8d, 0x00,
    0x8d, 0x8d, 0x8d, 0x00, 0x8d, 0x8d, 0x8d, 0x00, 0x8d, 0x8d, 0x8d, 0x00, 0x8d, 0x8d, 0x8d, 0x00, 0x8d, 0x8d, 0x8d, 0x00, 0x8d, 0x8d, 0x8d, 0x00, 0x8d, 0x8d, 0x8d, 0x00, 0x8d, 0x8d, 0x8d, 0x00,
    0x8d, 0x8d, 0x8d, 0x00, 0x8d, 0x8d, 0x8d, 0x00, 0x8d, 0x8d, 0x8d, 0x00, 0x8d, 0x8d, 0x8d, 0x00, 0x8d, 0x8d, 0x8d, 0x00, 0x8d, 0x8d, 0x8d, 0x00, 0x8d, 0x8d, 0x8d, 0x00, 0x8d, 0x8d, 0x8d, 0x00,
    0x8d, 0x8d, 0x8d, 0x00, 0x8d, 0x8d, 0x8d, 0x00, 0x8d, 0x8d, 0x8d, 0x00, 0x8d, 0x8d, 0x8d, 0x00, 0x8d, 0x8d, 0x8d, 0x00, 0x8d, 0x8d, 0x8d, 0x00, 0x8d, 0x8d, 0x8d, 0x00, 0x8d, 0x8d, 0x8d, 0x00,
    0x8d, 0x8d, 0x8d, 0x00, 0x8d, 0x8d, 0x8d, 0x00, 0x8d, 0x8d, 0x8d, 0x00, 0x8d, 0x8d, 0x8d, 0x00, 0x8d, 0x8d, 0x8d, 0x00, 0x8d, 0x8d, 0x8d, 0x00, 0x8d, 0x8d, 0x8d, 0x00, 0x8d, 0x8d, 0x8d, 0x00,
    0x8d, 0x8d, 0x8d, 0x00, 0x8d, 0x8d, 0x8d, 0x00, 0x8d, 0x8d, 0x8d, 0x00, 0x8d, 0x8d, 0x8d, 0x00, 0x8d, 0x8d, 0x8d, 0x00, 0x8d, 0x8d, 0x8d, 0x00, 0x8d, 0x8d, 0x8d, 0x00, 0x8d, 0x8d, 0x8d, 0x00,
    0x8d, 0x8d, 0x8d, 0x00, 0x8d, 0x8d, 0x8d, 0x00, 0x8d, 0x8d, 0x8d, 0x00, 0x8d, 0x8d, 0x8d, 0x00, 0x8d, 0x8d, 0x8d, 0x00, 0x8d, 0x8d, 0x8d, 0x00, 0x8d, 0x8d, 0x8d, 0x00, 0x8d, 0x8d, 0x8d, 0x00,
    0x8d, 0x8d, 0x8d, 0x00, 0x8d, 0x8d, 0x8d, 0x00, 0x8d, 0x8d, 0x8d, 0x00, 0x8d, 0x8d, 0x8d, 0x00, 0x8d, 0x8d, 0x8d, 0x00, 0x8d, 0x8d, 0x8d, 0x00, 0x8d, 0x8d, 0x8d, 0x00, 0x8d, 0x8d, 0x8d, 0x00,
    0x8d, 0x8d, 0x8d, 0x00, 0x8d, 0x8d, 0x8d, 0x00, 0x8d, 0x8d, 0x8d, 0x00, 0x8d, 0x8d, 0x8d, 0x00, 0x8d, 0x8d, 0x8d, 0x00, 0x8d, 0x8d, 0x8d, 0x00, 0x8d, 0x8d, 0x8d, 0x00, 0x8d, 0x8d, 0x8d, 0x00,
    0x8d, 0x8d, 0x8d, 0x00, 0x8d, 0x8d, 0x8d, 0x00, 0x8d, 0x8d, 0x8d, 0x00, 0x8d, 0x8d, 0x8d, 0x00, 0x8d, 0x8d, 0x8d, 0x00, 0x8d, 0x8d, 0x8d, 0x00, 0x8d, 0x8d, 0x8d, 0x00, 0x8d, 0x8d, 0x8d, 0x00,
    0x8d, 0x8d, 0x8d, 0x00, 0x8d, 0x8d, 0x8d, 0x00, 0x8d, 0x8d, 0x8d, 0x00, 0x8d, 0x8d, 0x8d, 0x00, 0x8d, 0x8d, 0x8d, 0x00, 0x8d, 0x8d, 0x8d, 0x00, 0x8d, 0x8d, 0x8d, 0x00, 0x8d, 0x8d, 0x8d, 0x00,
    0x8d, 0x8d, 0x8d, 0x00, 0x8d, 0x8d, 0x8d, 0x00, 0x8d, 0x8d, 0x8d, 0x00, 0x8d, 0x8d, 0x8d, 0x00, 0x8d, 0x8d, 0x8d, 0x00, 0x8d, 0x8d, 0x8d, 0x00, 0x8d, 0x8d, 0x8d, 0x00, 0x8d, 0x8d, 0x8d, 0x00,
    0x8d, 0x8d, 0x8d, 0x00, 0x8d, 0x8d, 0x8d, 0x00, 0x8d, 0x8d, 0x8d, 0x00, 0x8d, 0x8d, 0x8d, 0x00, 0x8d, 0x8d, 0x8d, 0x00, 0x8d, 0x8d, 0x8d, 0x00, 0x8d, 0x8d, 0x8d, 0x00, 0x8d, 0x8d, 0x8d, 0x00,
    0x8d, 0x8d, 0x8d, 0x00, 0x8d, 0x8d, 0x8d, 0x00, 0x8d, 0x8d, 0x8d, 0x00, 0x8d, 0x8d, 0x8d, 0x00, 0x8d, 0x8d, 0x8d, 0x00, 0x8d, 0x8d, 0x8d, 0x00, 0x8d, 0x8d, 0x8d, 0x00, 0x8d, 0x8d, 0x8d, 0x00,
    0x8d, 0x8d, 0x8d, 0x00, 0x8d, 0x8d, 0x8d, 0x00, 0x8d, 0x8d, 0x8d, 0x00, 0x8d, 0x8d, 0x8d, 0x00, 0x8d, 0x8d, 0x8d, 0x00, 0x8d, 0x8d, 0x8d, 0x00, 0x8d, 0x8d, 0x8d, 0x00, 0x8d, 0x8d, 0x8d, 0x00,
    0x8d, 0x8d, 0x8d, 0x00, 0x8d, 0x8d, 0x8d, 0x00, 0x8d, 0x8d, 0x8d, 0x00, 0x8d, 0x8d, 0x8d, 0x00, 0x8d, 0x8d, 0x8d, 0x00, 0x8d, 0x8d, 0x8d, 0x00, 0x8d, 0x8d, 0x8d, 0x00, 0x8d, 0x8d, 0x8d, 0x00,
    0x8d, 0x8d, 0x8d, 0x00, 0x8d, 0x8d, 0x8d, 0x00, 0x8d, 0x8d, 0x8d, 0x00, 0x8d, 0x8d, 0x8d, 0x00, 0x8d, 0x8d, 0x8d, 0x00, 0x8d, 0x8d, 0x8d, 0x00, 0x8d, 0x8d, 0x8d, 0x00, 0x8d, 0x8d, 0x8d, 0x00,
    0x8d, 0x8d, 0x8d, 0x00, 0x8d, 0x8d, 0x8d, 0x00, 0x8d, 0x8d, 0x8d, 0x00, 0x8d, 0x8d, 0x8d, 0x00, 0x8d, 0x8d, 0x8d, 0x00, 0x8d, 0x8d, 0x8d, 0x00, 0x8d, 0x8d, 0x8d, 0x00, 0x8d, 0x8d, 0x8d, 0x00,
    0x8d, 0x8d, 0x8d, 0x00, 0x8d, 0x8d, 0x8d, 0x00, 0x8d, 0x8d, 0x8d, 0x00, 0x8d, 0x8d, 0x8d, 0x00, 0x8d, 0x8d, 0x8d, 0x00, 0x8d, 0x8d, 0x8d, 0x00, 0x8d, 0x8d, 0x8d, 0x00, 0x8d, 0x8d, 0x8d, 0x00,
    0x8d, 0x8d, 0x8d, 0x00, 0x8d, 0x8d, 0x8d, 0x00, 0x8d, 0x8d, 0x8d, 0x00, 0x8d, 0x8d, 0x8d, 0x00, 0x8d, 0x8d, 0x8d, 0x00, 0x8d, 0x8d, 0x8d, 0x00, 0x8d, 0x8d, 0x8d, 0x00, 0x8d, 0x8d, 0x8d, 0x00,
    0x8d, 0x8d, 0x8d, 0x00, 0x8d, 0x8d, 0x8d, 0x00, 0x8d, 0x8d, 0x8d, 0x00, 0x8d, 0x8d, 0x8d, 0x00, 0x8d, 0x8d, 0x8d, 0x00, 0x8d, 0x8d, 0x8d, 0x00, 0x8d, 0x8d, 0x8d, 0x00, 0x8d, 0x8d, 0x8d, 0x00,
    0x8d, 0x8d, 0x8d, 0x00, 0x8d, 0x8d, 0x8d, 0x00, 0x8d, 0x8d, 0x8d, 0x00, 0x8d, 0x8d, 0x8d, 0x00, 0x8d, 0x8d, 0x8d, 0x00, 0x8d, 0x8d, 0x8d, 0x00, 0x8d, 0x8d, 0x8d, 0x00, 0x8d, 0x8d, 0x8d, 0x00,
    0x8d, 0x8d, 0x8d, 0x00, 0x8d, 0x8d, 0x8d, 0x00, 0x8d, 0x8d, 0x8d, 0x00, 0x8d, 0x8d, 0x8d, 0x00, 0x8d, 0x8d, 0x8d, 0x00, 0x8d, 0x8d, 0x8d, 0x00, 0x8d, 0x8d, 0x8d, 0x00, 0x8d, 0x8d, 0x8d, 0x00,
    0x8d, 0x8d, 0x8d, 0x00, 0x8d, 0x8d, 0x8d, 0x00, 0x8d, 0x8d, 0x8d, 0x00, 0x8d, 0x8d, 0x8d, 0x00, 0x8d, 0x8d, 0x8d, 0x00, 0x8d, 0x8d, 0x8d, 0x00, 0x8d, 0x8d, 0x8d, 0x00, 0x8d, 0x8d, 0x8d, 0x00,
    0x8d, 0x8d, 0x8d, 0x00, 0x8d, 0x8d, 0x8d, 0x00, 0x8d, 0x8d, 0x8d, 0x00, 0x8d, 0x8d, 0x8d, 0x00, 0x8d, 0x8d, 0x8d, 0x00, 0x8d, 0x8d, 0x8d, 0x00, 0x8d, 0x8d, 0x8d, 0x00, 0x8d, 0x8d, 0x8d, 0x00,
    0x8d, 0x8d, 0x8d, 0x00, 0x8d, 0x8d, 0x8d, 0x00, 0x8d, 0x8d, 0x8d, 0x00, 0x8d, 0x8d, 0x8d, 0x00, 0x8d, 0x8d, 0x8d, 0x00, 0x8d, 0x8d, 0x8d, 0x00, 0x8d, 0x8d, 0x8d, 0x00, 0x8d, 0x8d, 0x8d, 0x00,
    0x8d, 0x8d, 0x8d, 0x00, 0x8d, 0x8d, 0x8d, 0x00, 0x8d, 0x8d, 0x8d, 0x00, 0x8d, 0x8d, 0x8d, 0x00, 0x8d, 0x8d, 0x8d, 0x00, 0x8d, 0x8d, 0x8d, 0x00, 0x8d, 0x8d, 0x8d, 0x00, 0x8d, 0x8d, 0x8d, 0x00,
    0x8d, 0x8d, 0x8d, 0x00, 0x8d, 0x8d, 0x8d, 0x00, 0x8d, 0x8d, 0x8d, 0x00, 0x8d, 0x8d, 0x8d, 0x00, 0x8d, 0x8d, 0x8d, 0x00, 0x8d, 0x8d, 0x8d, 0x00, 0x8d, 0x8d, 0x8d, 0x00, 0x8d, 0x8d, 0x8d, 0x00,
    0x8d, 0x8d, 0x8d, 0x00, 0x8d, 0x8d, 0x8d, 0x00, 0x8d, 0x8d, 0x8d, 0x00, 0x8d, 0x8d, 0x8d, 0x00, 0x8d, 0x8d, 0x8d, 0x00, 0x8d, 0x8d, 0x8d, 0x00, 0x8d, 0x8d, 0x8d, 0x00, 0x8d, 0x8d, 0x8d, 0x00,
    0x8d, 0x8d, 0x8d, 0x00, 0x8d, 0x8d, 0x8d, 0x00, 0x8d, 0x8d, 0x8d, 0x00, 0x8d, 0x8d, 0x8d, 0x00, 0x8d, 0x8d, 0x8d, 0x00, 0x8d, 0x8d, 0x8d, 0x00, 0x8d, 0x8d, 0x8d, 0x00, 0x8d, 0x8d, 0x8d, 0x00,
    0x8d, 0x8d, 0x8d, 0x00, 0x8d, 0x8d, 0x8d, 0x00, 0x8d, 0x8d, 0x8d, 0x00, 0x8d, 0x8d, 0x8d, 0x00, 0x8d, 0x8d, 0x8d, 0x00, 0x8d, 0x8d, 0x8d, 0x00, 0x8d, 0x8d, 0x8d, 0x00, 0x8d, 0x8d, 0x8d, 0x00,
    0x8d, 0x8d, 0x8d, 0x00, 0x8d, 0x8d, 0x8d, 0x00, 0x8d, 0x8d, 0x8d, 0x00, 0x8d, 0x8d, 0x8d, 0x00, 0x8d, 0x8d, 0x8d, 0x00, 0x8d, 0x8d, 0x8d, 0x00, 0x8d, 0x8d, 0x8d, 0x00, 0x8d, 0x8d, 0x8d, 0x00,
    0x8d, 0x8d, 0x8d, 0x00, 0x8d, 0x8d, 0x8d, 0x00, 0x8d, 0x8d, 0x8d, 0x00, 0x8d, 0x8d, 0x8d, 0x00, 0x8d, 0x8d, 0x8d, 0x00, 0x8d, 0x8d, 0x8d, 0x00, 0x8d, 0x8d, 0x8d, 0x00, 0x8d, 0x8d, 0x8d, 0x00,
    0x8d, 0x8d, 0x8d, 0x00, 0x8d, 0x8d, 0x8d, 0x00, 0x8d, 0x8d, 0x8d, 0x00, 0x8d, 0x8d, 0x8d, 0x00, 0x8d, 0x8d, 0x8d, 0x00, 0x8d, 0x8d, 0x8d, 0x00, 0x8d, 0x8d, 0x8d, 0x00, 0x8d, 0x8d, 0x8d, 0x00,
    0x8d, 0x8d, 0x8d, 0x00, 0x8d, 0x8d, 0x8d, 0x00, 0x8d, 0x8d, 0x8d, 0x00, 0x8d, 0x8d, 0x8d, 0x00, 0x8d, 0x8d, 0x8d, 0x00, 0x8d, 0x8d, 0x8d, 0x00, 0x8d, 0x8d, 0x8d, 0x00, 0x8d, 0x8d, 0x8d, 0x00,
    0x8d, 0x8d, 0x8d, 0x00, 0x8d, 0x8d, 0x8d, 0x00, 0x8d, 0x8d, 0x8d, 0x00, 0x8d, 0x8d, 0x8d, 0x00, 0x8d, 0x8d, 0x8d, 0x00, 0x8d, 0x8d, 0x8d, 0x00, 0x8d, 0x8d, 0x8d, 0x00, 0x8d, 0x8d, 0x8d, 0x00,
    0x8d, 0x8d, 0x8d, 0x00, 0x8d, 0x8d, 0x8d, 0x00, 0x8d, 0x8d, 0x8d, 0x00, 0x8d, 0x8d, 0x8d, 0x00, 0x8d, 0x8d, 0x8d, 0x00, 0x8d, 0x8d, 0x8d, 0x00, 0x8d, 0x8d, 0x8d, 0x00, 0x8d, 0x8d, 0x8d, 0x00,
    0x8d, 0x8d, 0x8d, 0x00, 0x8d, 0x8d, 0x8d, 0x00, 0x8d, 0x8d, 0x8d, 0x00, 0x8d, 0x8d, 0x8d, 0x00, 0x8d, 0x8d, 0x8d, 0x00, 0x8d, 0x8d, 0x8d, 0x00, 0x8d, 0x8d, 0x8d, 0x00, 0x8d, 0x8d, 0x8d, 0x00,
    0x8d, 0x8d, 0x8d, 0x00, 0x8d, 0x8d, 0x8d, 0x00, 0x8d, 0x8d, 0x8d, 0x00, 0x8d, 0x8d, 0x8d, 0x00, 0x8d, 0x8d, 0x8d, 0x00, 0x8d, 0x8d, 0x8d, 0x00, 0x8d, 0x8d, 0x8d, 0x00, 0x8d, 0x8d, 0x8d, 0x00,
    0x8d, 0x8d, 0x8d, 0x00, 0x8d, 0x8d, 0x8d, 0x00, 0x8d, 0x8d, 0x8d, 0x00, 0x8d, 0x8d, 0x8d, 0x00, 0x8d, 0x8d, 0x8d, 0x00, 0x8d, 0x8d, 0x8d, 0x00, 0x8d, 0x8d, 0x8d, 0x00, 0x8d, 0x8d, 0x8d, 0x00,
    0x8d, 0x8d, 0x8d, 0x00, 0x8d, 0x8d, 0x8d, 0x00, 0x8d, 0x8d, 0x8d, 0x00, 0x8d, 0x8d, 0x8d, 0x00, 0x8d, 0x8d, 0x8d, 0x00, 0x8d, 0x8d, 0x8d, 0x00, 0x8d, 0x8d, 0x8d, 0x00, 0x8d, 0x8d, 0x8d, 0x00,
    0x8d, 0x8d, 0x8d, 0x00, 0x8d, 0x8d, 0x8d, 0x00, 0x8d, 0x8d, 0x8d, 0x00, 0x8d, 0x8d, 0x8d, 0x00, 0x8d, 0x8d, 0x8d, 0x00, 0x8d, 0x8d, 0x8d, 0x00, 0x8d, 0x8d, 0x8d, 0x00, 0x8d, 0x8d, 0x8d, 0x00,
    0x8d, 0x8d, 0x8d, 0x00, 0x8d, 0x8d, 0x8d, 0x00, 0x8d, 0x8d, 0x8d, 0x00, 0x8d, 0x8d, 0x8d, 0x00, 0x8d, 0x8d, 0x8d, 0x00, 0x8d, 0x8d, 0x8d, 0x00, 0x8d, 0x8d, 0x8d, 0x00, 0x8d, 0x8d, 0x8d, 0x00,
    0x8d, 0x8d, 0x8d, 0x00, 0x8d, 0x8d, 0x8d, 0x00, 0x8d, 0x8d, 0x8d, 0x00, 0x8d, 0x8d, 0x8d, 0x00, 0x8d, 0x8d, 0x8d, 0x00, 0x8d, 0x8d, 0x8d, 0x00, 0x8d, 0x8d, 0x8d, 0x00, 0x8d, 0x8d, 0x8d, 0x00,
    0x8d, 0x8d, 0x8d, 0x00, 0x8d, 0x8d, 0x8d, 0x00, 0x8d, 0x8d, 0x8d, 0x00, 0x8d, 0x8d, 0x8d, 0x00, 0x8d, 0x8d, 0x8d, 0x00, 0x8d, 0x8d, 0x8d, 0x00, 0x8d, 0x8d, 0x8d, 0x00, 0x8d, 0x8d, 0x8d, 0x00,
    0x8d, 0x8d, 0x8d, 0x00, 0x8d, 0x8d, 0x8d, 0x00, 0x8d, 0x8d, 0x8d, 0x00, 0x8d, 0x8d, 0x8d, 0x00, 0x8d, 0x8d, 0x8d, 0x00, 0x8d, 0x8d, 0x8d, 0x00, 0x8d, 0x8d, 0x8d, 0x00, 0x8d, 0x8d, 0x8d, 0x00,
    0x8d, 0x8d, 0x8d, 0x00, 0x8d, 0x8d, 0x8d, 0x00, 0x8d, 0x8d, 0x8d, 0x00, 0x8d, 0x8d, 0x8d, 0x00, 0x8d, 0x8d, 0x8d, 0x00, 0x8d, 0x8d, 0x8d, 0x00, 0x8d, 0x8d, 0x8d, 0x00, 0x8d, 0x8d, 0x8d, 0x00,
    0x8d, 0x8d, 0x8d, 0x00, 0x8d, 0x8d, 0x8d, 0x00, 0x8d, 0x8d, 0x8d, 0x00, 0x8d, 0x8d, 0x8d, 0x00, 0x8d, 0x8d, 0x8d, 0x00, 0x8d, 0x8d, 0x8d, 0x00, 0x8d, 0x8d, 0x8d, 0x00, 0x8d, 0x8d, 0x8d, 0x00,
    0x8d, 0x8d, 0x8d, 0x00, 0x8d, 0x8d, 0x8d, 0x00, 0x8d, 0x8d, 0x8d, 0x00, 0x8d, 0x8d, 0x8d, 0x00, 0x8d, 0x8d, 0x8d, 0x00, 0x8d, 0x8d, 0x8d, 0x00, 0x8d, 0x8d, 0x8d, 0x00, 0x8d, 0x8d, 0x8d, 0x00,
    0x8d, 0x8d, 0x8d, 0x00, 0x8d, 0x8d, 0x8d, 0x00, 0x8d, 0x8d, 0x8d, 0x00, 0x8d, 0x8d, 0x8d, 0x00, 0x8d, 0x8d, 0x8d, 0x00, 0x8d, 0x8d, 0x8d, 0x00, 0x8d, 0x8d, 0x8d, 0x00, 0x8d, 0x8d, 0x8d, 0x00,
    0x8d, 0x8d, 0x8d, 0x00, 0x8d, 0x8d, 0x8d, 0x00, 0x8d, 0x8d, 0x8d, 0x00, 0x8d, 0x8d, 0x8d, 0x00, 0x8d, 0x8d, 0x8d, 0x00, 0x8d, 0x8d, 0x8d, 0x00, 0x8d, 0x8d, 0x8d, 0x00, 0x8d, 0x8d, 0x8d, 0x00,
    0x8d, 0x8d, 0x8d, 0x00, 0x8d, 0x8d, 0x8d, 0x00, 0x8d, 0x8d, 0x8d, 0x00, 0x8d, 0x8d, 0x8d, 0x00, 0x8d, 0x8d, 0x8d, 0x00, 0x8d, 0x8d, 0x8d, 0x00, 0x8d, 0x8d, 0x8d, 0x00, 0x8d, 0x8d, 0x8d, 0x00,
    0x8d, 0x8d, 0x8d, 0x00, 0x8d, 0x8d, 0x8d, 0x00, 0x8d, 0x8d, 0x8d, 0x00, 0x8d, 0x8d, 0x8d, 0x00, 0x8d, 0x8d, 0x8d, 0x00, 0x8d, 0x8d, 0x8d, 0x00, 0x8d, 0x8d, 0x8d, 0x00, 0x8d, 0x8d, 0x8d, 0x00,
    0x8d, 0x8d, 0x8d, 0x00, 0x8d, 0x8d, 0x8d, 0x00, 0x8d, 0x8d, 0x8d, 0x00, 0x8d, 0x8d, 0x8d, 0x00, 0x8d, 0x8d, 0x8d, 0x00, 0x8d, 0x8d, 0x8d, 0x00, 0x8d, 0x8d, 0x8d, 0x00, 0x8d, 0x8d, 0x8d, 0x00,
    0x8d, 0x8d, 0x8d, 0x00, 0x8d, 0x8d, 0x8d, 0x00, 0x8d, 0x8d, 0x8d, 0x00, 0x8d, 0x8d, 0x8d, 0x00, 0x8d, 0x8d, 0x8d, 0x00, 0x8d, 0x8d, 0x8d, 0x00, 0x8d, 0x8d, 0x8d, 0x00, 0x8d, 0x8d, 0x8d, 0x00,
    0x8d, 0x8d, 0x8d, 0x00, 0x8d, 0x8d, 0x8d, 0x00, 0x8d, 0x8d, 0x8d, 0x00, 0x8d, 0x8d, 0x8d, 0x00, 0x8d, 0x8d, 0x8d, 0x00, 0x8d, 0x8d, 0x8d, 0x00, 0x8d, 0x8d, 0x8d, 0x00, 0x8d, 0x8d, 0x8d, 0x00,
    0x8d, 0x8d, 0x8d, 0x00, 0x8d, 0x8d, 0x8d, 0x00, 0x8d, 0x8d, 0x8d, 0x00, 0x8d, 0x8d, 0x8d, 0x00, 0x8d, 0x8d, 0x8d, 0x00, 0x8d, 0x8d, 0x8d, 0x00, 0x8d, 0x8d, 0x8d, 0x00, 0x8d, 0x8d, 0x8d, 0x00,
    0x8d, 0x8d, 0x8d, 0x00, 0x8d, 0x8d, 0x8d, 0x00, 0x8d, 0x8d, 0x8d, 0x00, 0x8d, 0x8d, 0x8d, 0x00, 0x8d, 0x8d, 0x8d, 0x00, 0x8d, 0x8d, 0x8d, 0x00, 0x8d, 0x8d, 0x8d, 0x00, 0x8d, 0x8d, 0x8d, 0x00,
    0x8d, 0x8d, 0x8d, 0x00, 0x8d, 0x8d, 0x8d, 0x00, 0x8d, 0x8d, 0x8d, 0x00, 0x8d, 0x8d, 0x8d, 0x00, 0x8d, 0x8d, 0x8d, 0x00, 0x8d, 0x8d, 0x8d, 0x00, 0x8d, 0x8d, 0x8d, 0x00, 0x8d, 0x8d, 0x8d, 0x00,
    0x8d, 0x8d, 0x8d, 0x00, 0x8d, 0x8d, 0x8d, 0x00, 0x8d, 0x8d, 0x8d, 0x00, 0x8d, 0x8d, 0x8d, 0x00, 0x8d, 0x8d, 0x8d, 0x00, 0x8d, 0x8d, 0x8d, 0x00, 0x8d, 0x8d, 0x8d, 0x00, 0x8d, 0x8d, 0x8d, 0x00,
    0x8d, 0x8d, 0x8d, 0x00, 0x8d, 0x8d, 0x8d, 0x00, 0x8d, 0x8d, 0x8d, 0x00, 0x8d, 0x8d, 0x8d, 0x00, 0x8d, 0x8d, 0x8d, 0x00, 0x8d, 0x8d, 0x8d, 0x00, 0x8d, 0x8d, 0x8d, 0x00, 0x8d, 0x8d, 0x8d, 0x00,
    0x8d, 0x8d, 0x8d, 0x00, 0x8d, 0x8d, 0x8d, 0x00, 0x8d, 0x8d, 0x8d, 0x00, 0x8d, 0x8d, 0x8d, 0x00, 0x8d, 0x8d, 0x8d, 0x00, 0x8d, 0x8d, 0x8d, 0x00, 0x8d, 0x8d, 0x8d, 0x00, 0x8d, 0x8d, 0x8d, 0x00,
    0x8d, 0x8d, 0x8d, 0x00, 0x8d, 0x8d, 0x8d, 0x00, 0x8d, 0x8d, 0x8d, 0x00, 0x8d, 0x8d, 0x8d, 0x00, 0x8d, 0x8d, 0x8d, 0x00, 0x8d, 0x8d, 0x8d, 0x00, 0x8d, 0x8d, 0x8d, 0x00, 0x8d, 0x8d, 0x8d, 0x00,
    0x8d, 0x8d, 0x8d, 0x00, 0x8d, 0x8d, 0x8d, 0x00, 0x8d, 0x8d, 0x8d, 0x00, 0x8d, 0x8d, 0x8d, 0x00, 0x8d, 0x8d, 0x8d, 0x00, 0x8d, 0x8d, 0x8d, 0x00, 0x8d, 0x8d, 0x8d, 0x00, 0x8d, 0x8d, 0x8d, 0x00,
    0x8d, 0x8d, 0x8d, 0x00, 0x8d, 0x8d, 0x8d, 0x00, 0x8d, 0x8d, 0x8d, 0x00, 0x8d, 0x8d, 0x8d, 0x00, 0x8d, 0x8d, 0x8d, 0x00, 0x8d, 0x8d, 0x8d, 0x00, 0x8d, 0x8d, 0x8d, 0x00, 0x8d, 0x8d, 0x8d, 0x00,
    0x8d, 0x8d, 0x8d, 0x00, 0x8d, 0x8d, 0x8d, 0x00, 0x8d, 0x8d, 0x8d, 0x00, 0x8d, 0x8d, 0x8d, 0x00, 0x8d, 0x8d, 0x8d, 0x00, 0x8d, 0x8d, 0x8d, 0x00, 0x8d, 0x8d, 0x8d, 0x00, 0x8d, 0x8d, 0x8d, 0x00,
    0x8d, 0x8d, 0x8d, 0x00, 0x8d, 0x8d, 0x8d, 0x00, 0x8d, 0x8d, 0x8d, 0x00, 0x8d, 0x8d, 0x8d, 0x00, 0x8d, 0x8d, 0x8d, 0x00, 0x8d, 0x8d, 0x8d, 0x00, 0x8d, 0x8d, 0x8d, 0x00, 0x8d, 0x8d, 0x8d, 0x00,
    0x8d, 0x8d, 0x8d, 0x00, 0x8d, 0x8d, 0x8d, 0x00, 0x8d, 0x8d, 0x8d, 0x00, 0x8d, 0x8d, 0x8d, 0x00, 0x8d, 0x8d, 0x8d, 0x00, 0x8d, 0x8d, 0x8d, 0x00, 0x8d, 0x8d, 0x8d, 0x00, 0x8d, 0x8d, 0x8d, 0x00,
    0x8d, 0x8d, 0x8d, 0x00, 0x8d, 0x8d, 0x8d, 0x00, 0x8d, 0x8d, 0x8d, 0x00, 0x8d, 0x8d, 0x8d, 0x00, 0x8d, 0x8d, 0x8d, 0x00, 0x8d, 0x8d, 0x8d, 0x00, 0x8d, 0x8d, 0x8d, 0x00, 0x8d, 0x8d, 0x8d, 0x00,
    0x8d, 0x8d, 0x8d, 0x00, 0x8d, 0x8d, 0x8d, 0x00, 0x8d, 0x8d, 0x8d, 0x00, 0x8d, 0x8d, 0x8d, 0x00, 0x8d, 0x8d, 0x8d, 0x00, 0x8d, 0x8d, 0x8d, 0x00, 0x8d, 0x8d, 0x8d, 0x00, 0x8d, 0x8d, 0x8d, 0x00,
    0x8d, 0x8d, 0x8d, 0x00, 0x8d, 0x8d, 0x8d, 0x00, 0x8d, 0x8d, 0x8d, 0x00, 0x8d, 0x8d, 0x8d, 0x00, 0x8d, 0x8d, 0x8d, 0x00, 0x8d, 0x8d, 0x8d, 0x00, 0x8d, 0x8d, 0x8d, 0x00, 0x8d, 0x8d, 0x8d, 0x00,
    0x8d, 0x8d, 0x8d, 0x00, 0x8d, 0x8d, 0x8d, 0x00, 0x8d, 0x8d, 0x8d, 0x00, 0x8d, 0x8d, 0x8d, 0x00, 0x8d, 0x8d, 0x8d, 0x00, 0x8d, 0x8d, 0x8d, 0x00, 0x8d, 0x8d, 0x8d, 0x00, 0x8d, 0x8d, 0x8d, 0x00,
    0x8d, 0x8d, 0x8d, 0x00, 0x8d, 0x8d, 0x8d, 0x00, 0x8d, 0x8d, 0x8d, 0x00, 0x8d, 0x8d, 0x8d, 0x00, 0x8d, 0x8d, 0x8d, 0x00, 0x8d, 0x8d, 0x8d, 0x00, 0x8d, 0x8d, 0x8d, 0x00, 0x8d, 0x8d, 0x8d, 0x00,
    0x8d, 0x8d, 0x8d, 0x00, 0x8d, 0x8d, 0x8d, 0x00, 0x8d, 0x8d, 0x8d, 0x00, 0x8d, 0x8d, 0x8d, 0x00, 0x8d, 0x8d, 0x8d, 0x00, 0x8d, 0x8d, 0x8d, 0x00, 0x8d, 0x8d, 0x8d, 0x00, 0x8d, 0x8d, 0x8d, 0x00,
    0x8d, 0x8d, 0x8d, 0x00, 0x8d, 0x8d, 0x8d, 0x00, 0x8d, 0x8d, 0x8d, 0x00, 0x8d, 0x8d, 0x8d, 0x00, 0x8d, 0x8d, 0x8d, 0x00, 0x8d, 0x8d, 0x8d, 0x00, 0x8d, 0x8d, 0x8d, 0x00, 0x8d, 0x8d, 0x8d, 0x00,
    0x8d, 0x8d, 0x8d, 0x00, 0x8d, 0x8d, 0x8d, 0x00, 0x8d, 0x8d, 0x8d, 0x00, 0x8d, 0x8d, 0x8d, 0x00, 0x8d, 0x8d, 0x8d, 0x00, 0x8d, 0x8d, 0x8d, 0x00, 0x8d, 0x8d, 0x8d, 0x00, 0x8d, 0x8d, 0x8d, 0x00,
    0x8d, 0x8d, 0x8d, 0x00, 0x8d, 0x8d, 0x8d, 0x00, 0x8d, 0x8d, 0x8d, 0x00, 0x8d, 0x8d, 0x8d, 0x00, 0x8d, 0x8d, 0x8d, 0x00, 0x8d, 0x8d, 0x8d, 0x00, 0x8d, 0x8d, 0x8d, 0x00, 0x8d, 0x8d, 0x8d, 0x00,
    0x8d, 0x8d, 0x8d, 0x00, 0x8d, 0x8d, 0x8d, 0x00, 0x8d, 0x8d, 0x8d, 0x00, 0x8d, 0x8d, 0x8d, 0x00, 0x8d, 0x8d, 0x8d, 0x00, 0x8d, 0x8d, 0x8d, 0x00, 0x8d, 0x8d, 0x8d, 0x00, 0x8d, 0x8d, 0x8d, 0x00,
    0x8d, 0x8d, 0x8d, 0x00, 0x8d, 0x8d, 0x8d, 0x00, 0x8d, 0x8d, 0x8d, 0x00, 0x8d, 0x8d, 0x8d, 0x00, 0x8d, 0x8d, 0x8d, 0x00, 0x8d, 0x8d, 0x8d, 0x00, 0x8d, 0x8d, 0x8d, 0x00, 0x8d, 0x8d, 0x8d, 0x00,
    0x8d, 0x8d, 0x8d, 0x00, 0x8d, 0x8d, 0x8d, 0x00, 0x8d, 0x8d, 0x8d, 0x00, 0x8d, 0x8d, 0x8d, 0x00, 0x8d, 0x8d, 0x8d, 0x00, 0x8d, 0x8d, 0x8d, 0x00, 0x8d, 0x8d, 0x8d, 0x00, 0x8d, 0x8d, 0x8d, 0x00,
    0x8d, 0x8d, 0x8d, 0x00, 0x8d, 0x8d, 0x8d, 0x00, 0x8d, 0x8d, 0x8d, 0x00, 0x8d, 0x8d, 0x8d, 0x00, 0x8d, 0x8d, 0x8d, 0x00, 0x8d, 0x8d, 0x8d, 0x00, 0x8d, 0x8d, 0x8d, 0x00, 0x8d, 0x8d, 0x8d, 0x00,
    0x8d, 0x8d, 0x8d, 0x00, 0x8d, 0x8d, 0x8d, 0x00, 0x8d, 0x8d, 0x8d, 0x00, 0x8d, 0x8d, 0x8d, 0x00, 0x8d, 0x8d, 0x8d, 0x00, 0x8d, 0x8d, 0x8d, 0x00, 0x8d, 0x8d, 0x8d, 0x00, 0x8d, 0x8d, 0x8d, 0x00,
    0x8d, 0x8d, 0x8d, 0x00, 0x8d, 0x8d, 0x8d, 0x00, 0x8d, 0x8d, 0x8d, 0x00, 0x8d, 0x8d, 0x8d, 0x00, 0x8d, 0x8d, 0x8d, 0x00, 0x8d, 0x8d, 0x8d, 0x00, 0x8d, 0x8d, 0x8d, 0x00, 0x8d, 0x8d, 0x8d, 0x00,
    0x8d, 0x8d, 0x8d, 0x00, 0x8d, 0x8d, 0x8d, 0x00, 0x8d, 0x8d, 0x8d, 0x00, 0x8d, 0x8d, 0x8d, 0x00, 0x8d, 0x8d, 0x8d, 0x00, 0x8d, 0x8d, 0x8d, 0x00, 0x8d, 0x8d, 0x8d, 0x00, 0x8d, 0x8d, 0x8d, 0x00,
    0x8d, 0x8d, 0x8d, 0x00, 0x8d, 0x8d, 0x8d, 0x00, 0x8d, 0x8d, 0x8d, 0x00, 0x8d, 0x8d, 0x8d, 0x00, 0x8d, 0x8d, 0x8d, 0x00, 0x8d, 0x8d, 0x8d, 0x00, 0x8d, 0x8d, 0x8d, 0x00, 0x8d, 0x8d, 0x8d, 0x00,
    0x8d, 0x8d, 0x8d, 0x00, 0x8d, 0x8d, 0x8d, 0x00, 0x8d, 0x8d, 0x8d, 0x00, 0x8d, 0x8d, 0x8d, 0x00, 0x8d, 0x8d, 0x8d, 0x00, 0x8d, 0x8d, 0x8d, 0x00, 0x8d, 0x8d, 0x8d, 0x00, 0x8d, 0x8d, 0x8d, 0x00,
    0x8d, 0x8d, 0x8d, 0x00, 0x8d, 0x8d, 0x8d, 0x00, 0x8d, 0x8d, 0x8d, 0x00, 0x8d, 0x8d, 0x8d, 0x00, 0x8d, 0x8d, 0x8d, 0x00, 0x8d, 0x8d, 0x8d, 0x00, 0x8d, 0x8d, 0x8d, 0x00, 0x8d, 0x8d, 0x8d, 0x00,
    0x8d, 0x8d, 0x8d, 0x00, 0x8d, 0x8d, 0x8d, 0x00, 0x8d, 0x8d, 0x8d, 0x00, 0x8d, 0x8d, 0x8d, 0x00, 0x8d, 0x8d, 0x8d, 0x00, 0x8d, 0x8d, 0x8d, 0x00, 0x8d, 0x8d, 0x8d, 0x00, 0x8d, 0x8d, 0x8d, 0x00,
    0x8d, 0x8d, 0x8d, 0x00, 0x8d, 0x8d, 0x8d, 0x00, 0x8d, 0x8d, 0x8d, 0x00, 0x8d, 0x8d, 0x8d, 0x00, 0x8d, 0x8d, 0x8d, 0x00, 0x8d, 0x8d, 0x8d, 0x00, 0x8d, 0x8d, 0x8d, 0x00, 0x8d, 0x8d, 0x8d, 0x00,
    0x8d, 0x8d, 0x8d, 0x00, 0x8d, 0x8d, 0x8d, 0x00, 0x8d, 0x8d, 0x8d, 0x00, 0x8d, 0x8d, 0x8d, 0x00, 0x8d, 0x8d, 0x8d, 0x00, 0x8d, 0x8d, 0x8d, 0x00, 0x8d, 0x8d, 0x8d, 0x00, 0x8d, 0x8d, 0x8d, 0x00,
    0x8d, 0x8d, 0x8d, 0x00, 0x8d, 0x8d, 0x8d, 0x00, 0x8d, 0x8d, 0x8d, 0x00, 0x8d, 0x8d, 0x8d, 0x00, 0x8d, 0x8d, 0x8d, 0x00, 0x8d, 0x8d, 0x8d, 0x00, 0x8d, 0x8d, 0x8d, 0x00, 0x8d, 0x8d, 0x8d, 0x00,
    0x8d, 0x8d, 0x8d, 0x00, 0x8d, 0x8d, 0x8d, 0x00, 0x8d, 0x8d, 0x8d, 0x00, 0x8d, 0x8d, 0x8d, 0x00, 0x8d, 0x8d, 0x8d, 0x00, 0x8d, 0x8d, 0x8d, 0x00, 0x8d, 0x8d, 0x8d, 0x00, 0x8d, 0x8d, 0x8d, 0x00,
    0x8d, 0x8d, 0x8d, 0x00, 0x8d, 0x8d, 0x8d, 0x00, 0x8d, 0x8d, 0x8d, 0x00, 0x8d, 0x8d, 0x8d, 0x00, 0x8d, 0x8d, 0x8d, 0x00, 0x8d, 0x8d, 0x8d, 0x00, 0x8d, 0x8d, 0x8d, 0x00, 0x8d, 0x8d, 0x8d, 0x00,
    0x8d, 0x8d, 0x8d, 0x00, 0x8d, 0x8d, 0x8d, 0x00, 0x8d, 0x8d, 0x8d, 0x00, 0x8d, 0x8d, 0x8d, 0x00, 0x8d, 0x8d, 0x8d, 0x00, 0x8d, 0x8d, 0x8d, 0x00, 0x8d, 0x8d, 0x8d, 0x00, 0x8d, 0x8d, 0x8d, 0x00,
    0x8d, 0x8d, 0x8d, 0x00, 0x8d, 0x8d, 0x8d, 0x00, 0x8d, 0x8d, 0x8d, 0x00, 0x8d, 0x8d, 0x8d, 0x00, 0x8d, 0x8d, 0x8d, 0x00, 0x8d, 0x8d, 0x8d, 0x00, 0x8d, 0x8d, 0x8d, 0x00, 0x8d, 0x8d, 0x8d, 0x00,
    0x8d, 0x8d, 0x8d, 0x00, 0x8d, 0x8d, 0x8d, 0x00, 0x8d, 0x8d, 0x8d, 0x00, 0x8d, 0x8d, 0x8d, 0x00, 0x8d, 0x8d, 0x8d, 0x00, 0x8d, 0x8d, 0x8d, 0x00, 0x8d, 0x8d, 0x8d, 0x00, 0x8d, 0x8d, 0x8d, 0x00,
    0x8d, 0x8d, 0x8d, 0x00, 0x8d, 0x8d, 0x8d, 0x00, 0x8d, 0x8d, 0x8d, 0x00, 0x8d, 0x8d, 0x8d, 0x00, 0x8d, 0x8d, 0x8d, 0x00, 0x8d, 0x8d, 0x8d, 0x00, 0x8d, 0x8d, 0x8d, 0x00, 0x8d, 0x8d, 0x8d, 0x00,
    0x8d, 0x8d, 0x8d, 0x00, 0x8d, 0x8d, 0x8d, 0x00, 0x8d, 0x8d, 0x8d, 0x00, 0x8d, 0x8d, 0x8d, 0x00, 0x8d, 0x8d, 0x8d, 0x00, 0x8d, 0x8d, 0x8d, 0x00, 0x8d, 0x8d, 0x8d, 0x00, 0x8d, 0x8d, 0x8d, 0x00,
    0x8d, 0x8d, 0x8d, 0x00, 0x8d, 0x8d, 0x8d, 0x00, 0x8d, 0x8d, 0x8d, 0x00, 0x8d, 0x8d, 0x8d, 0x00, 0x8d, 0x8d, 0x8d, 0x00, 0x8d, 0x8d, 0x8d, 0x00, 0x8d, 0x8d, 0x8d, 0x00, 0x8d, 0x8d, 0x8d, 0x00,
    0x8d, 0x8d, 0x8d, 0x00, 0x8d, 0x8d, 0x8d, 0x00, 0x8d, 0x8d, 0x8d, 0x00, 0x8d, 0x8d, 0x8d, 0x00, 0x8d, 0x8d, 0x8d, 0x00, 0x8d, 0x8d, 0x8d, 0x00, 0x8d, 0x8d, 0x8d, 0x00, 0x8d, 0x8d, 0x8d, 0x00,
    0x8d, 0x8d, 0x8d, 0x00, 0x8d, 0x8d, 0x8d, 0x00, 0x8d, 0x8d, 0x8d, 0x00, 0x8d, 0x8d, 0x8d, 0x00, 0x8d, 0x8d, 0x8d, 0x00, 0x8d, 0x8d, 0x8d, 0x00, 0x8d, 0x8d, 0x8d, 0x00, 0x8d, 0x8d, 0x8d, 0x00,
    0x8d, 0x8d, 0x8d, 0x00, 0x8d, 0x8d, 0x8d, 0x00, 0x8d, 0x8d, 0x8d, 0x00, 0x8d, 0x8d, 0x8d, 0x00, 0x8d, 0x8d, 0x8d, 0x00, 0x8d, 0x8d, 0x8d, 0x00, 0x8d, 0x8d, 0x8d, 0x00, 0x8d, 0x8d, 0x8d, 0x00,
    0x8d, 0x8d, 0x8d, 0x00, 0x8d, 0x8d, 0x8d, 0x00, 0x8d, 0x8d, 0x8d, 0x00, 0x8d, 0x8d, 0x8d, 0x00, 0x8d, 0x8d, 0x8d, 0x00, 0x8d, 0x8d, 0x8d, 0x00, 0x8d, 0x8d, 0x8d, 0x00, 0x8d, 0x8d, 0x8d, 0x00,
    0x8d, 0x8d, 0x8d, 0x00, 0x8d, 0x8d, 0x8d, 0x00, 0x8d, 0x8d, 0x8d, 0x00, 0x8d, 0x8d, 0x8d, 0x00, 0x8d, 0x8d, 0x8d, 0x00, 0x8d, 0x8d, 0x8d, 0x00, 0x8d, 0x8d, 0x8d, 0x00, 0x8d, 0x8d, 0x8d, 0x00,
    0x8d, 0x8d, 0x8d, 0x00, 0x8d, 0x8d, 0x8d, 0x00, 0x8d, 0x8d, 0x8d, 0x00, 0x8d, 0x8d, 0x8d, 0x00, 0x8d, 0x8d, 0x8d, 0x00, 0x8d, 0x8d, 0x8d, 0x00, 0x8d, 0x8d, 0x8d, 0x00, 0x8d, 0x8d, 0x8d, 0x00,
    0x8d, 0x8d, 0x8d, 0x00, 0x8d, 0x8d, 0x8d, 0x00, 0x8d, 0x8d, 0x8d, 0x00, 0x8d, 0x8d, 0x8d, 0x00, 0x8d, 0x8d, 0x8d, 0x00, 0x8d, 0x8d, 0x8d, 0x00, 0x8d, 0x8d, 0x8d, 0x00, 0x8d, 0x8d, 0x8d, 0x00,
    0x8d, 0x8d, 0x8d, 0x00, 0x8d, 0x8d, 0x8d, 0x00, 0x8d, 0x8d, 0x8d, 0x00, 0x8d, 0x8d, 0x8d, 0x00, 0x8d, 0x8d, 0x8d, 0x00, 0x8d, 0x8d, 0x8d, 0x00, 0x8d, 0x8d, 0x8d, 0x00, 0x8d, 0x8d, 0x8d, 0x00,
    0x8d, 0x8d, 0x8d, 0x00, 0x8d, 0x8d, 0x8d, 0x00, 0x8d, 0x8d, 0x8d, 0x00, 0x8d, 0x8d, 0x8d, 0x00, 0x8d, 0x8d, 0x8d, 0x00, 0x8d, 0x8d, 0x8d, 0x00, 0x8d, 0x8d, 0x8d, 0x00, 0x8d, 0x8d, 0x8d, 0x00,
    0x8d, 0x8d, 0x8d, 0x00, 0x8d, 0x8d, 0x8d, 0x00, 0x8d, 0x8d, 0x8d, 0x00, 0x8d, 0x8d, 0x8d, 0x00, 0x8d, 0x8d, 0x8d, 0x00, 0x8d, 0x8d, 0x8d, 0x00, 0x8d, 0x8d, 0x8d, 0x00, 0x8d, 0x8d, 0x8d, 0x00,
    0x8d, 0x8d, 0x8d, 0x00, 0x8d, 0x8d, 0x8d, 0x00, 0x8d, 0x8d, 0x8d, 0x00, 0x8d, 0x8d, 0x8d, 0x00, 0x8d, 0x8d, 0x8d, 0x00, 0x8d, 0x8d, 0x8d, 0x00, 0x8d, 0x8d, 0x8d, 0x00, 0x8d, 0x8d, 0x8d, 0x00,
    0x8d, 0x8d, 0x8d, 0x00, 0x8d, 0x8d, 0x8d, 0x00, 0x8d, 0x8d, 0x8d, 0x00, 0x8d, 0x8d, 0x8d, 0x00, 0x8d, 0x8d, 0x8d, 0x00, 0x8d, 0x8d, 0x8d, 0x00, 0x8d, 0x8d, 0x8d, 0x00, 0x8d, 0x8d, 0x8d, 0x00,
    0x8d, 0x8d, 0x8d, 0x00, 0x8d, 0x8d, 0x8d, 0x00, 0x8d, 0x8d, 0x8d, 0x00, 0x8d, 0x8d, 0x8d, 0x00, 0x8d, 0x8d, 0x8d, 0x00, 0x8d, 0x8d, 0x8d, 0x00, 0x8d, 0x8d, 0x8d, 0x00, 0x8d, 0x8d, 0x8d, 0x00,
    0x8d, 0x8d, 0x8d, 0x00, 0x8d, 0x8d, 0x8d, 0x00, 0x8d, 0x8d, 0x8d, 0x00, 0x8d, 0x8d, 0x8d, 0x00, 0x8d, 0x8d, 0x8d, 0x00, 0x8d, 0x8d, 0x8d, 0x00, 0x8d, 0x8d, 0x8d, 0x00, 0x8d, 0x8d, 0x8d, 0x00,
    0x8d, 0x8d, 0x8d, 0x00, 0x8d, 0x8d, 0x8d, 0x00, 0x8d, 0x8d, 0x8d, 0x00, 0x8d, 0x8d, 0x8d, 0x00, 0x8d, 0x8d, 0x8d, 0x00, 0x8d, 0x8d, 0x8d, 0x00, 0x8d, 0x8d, 0x8d, 0x00, 0x8d, 0x8d, 0x8d, 0x00,
    0x8d, 0x8d, 0x8d, 0x00, 0x8d, 0x8d, 0x8d, 0x00, 0x8d, 0x8d, 0x8d, 0x00, 0x8d, 0x8d, 0x8d, 0x00, 0x8d, 0x8d, 0x8d, 0x00, 0x8d, 0x8d, 0x8d, 0x00, 0x8d, 0x8d, 0x8d, 0x00, 0x8d, 0x8d, 0x8d, 0x00,
    0x8d, 0x8d, 0x8d, 0x00, 0x8d, 0x8d, 0x8d, 0x00, 0x8d, 0x8d, 0x8d, 0x00, 0x8d, 0x8d, 0x8d, 0x00, 0x8d, 0x8d, 0x8d, 0x00, 0x8d, 0x8d, 0x8d, 0x00, 0x8d, 0x8d, 0x8d, 0x00, 0x8d, 0x8d, 0x8d, 0x00,
    0x8d, 0x8d, 0x8d, 0x00, 0x8d, 0x8d, 0x8d, 0x00, 0x8d, 0x8d, 0x8d, 0x00, 0x8d, 0x8d, 0x8d, 0x00, 0x8d, 0x8d, 0x8d, 0x00, 0x8d, 0x8d, 0x8d, 0x00, 0x8d, 0x8d, 0x8d, 0x00, 0x8d, 0x8d, 0x8d, 0x00,
    0x8d, 0x8d, 0x8d, 0x00, 0x8d, 0x8d, 0x8d, 0x00, 0x8d, 0x8d, 0x8d, 0x00, 0x8d, 0x8d, 0x8d, 0x00, 0x8d, 0x8d, 0x8d, 0x00, 0x8d, 0x8d, 0x8d, 0x00, 0x8d, 0x8d, 0x8d, 0x00, 0x8d, 0x8d, 0x8d, 0x00,
    0x8d, 0x8d, 0x8d, 0x00, 0x8d, 0x8d, 0x8d, 0x00, 0x8d, 0x8d, 0x8d, 0x00, 0x8d, 0x8d, 0x8d, 0x00, 0x8d, 0x8d, 0x8d, 0x00, 0x8d, 0x8d, 0x8d, 0x00, 0x8d, 0x8d, 0x8d, 0x00, 0x8d, 0x8d, 0x8d, 0x00,
    0x8d, 0x8d, 0x8d, 0x00, 0x8d, 0x8d, 0x8d, 0x00, 0x8d, 0x8d, 0x8d, 0x00, 0x8d, 0x8d, 0x8d, 0x00, 0x8d, 0x8d, 0x8d, 0x00, 0x8d, 0x8d, 0x8d, 0x00, 0x8d, 0x8d, 0x8d, 0x00, 0x8d, 0x8d, 0x8d, 0x00,
    0x8d, 0x8d, 0x8d, 0x00, 0x8d, 0x8d, 0x8d, 0x00, 0x8d, 0x8d, 0x8d, 0x00, 0x8d, 0x8d, 0x8d, 0x00, 0x8d, 0x8d, 0x8d, 0x00, 0x8d, 0x8d, 0x8d, 0x00, 0x8d, 0x8d, 0x8d, 0x00, 0x8d, 0x8d, 0x8d, 0x00,
    0x8d, 0x8d, 0x8d, 0x00, 0x8d, 0x8d, 0x8d, 0x00, 0x8d, 0x8d, 0x8d, 0x00, 0x8d, 0x8d, 0x8d, 0x00, 0x8d, 0x8d, 0x8d, 0x00, 0x8d, 0x8d, 0x8d, 0x00, 0x8d, 0x8d, 0x8d, 0x00, 0x8d, 0x8d, 0x8d, 0x00,
    0x8d, 0x8d, 0x8d, 0x00, 0x8d, 0x8d, 0x8d, 0x00, 0x8d, 0x8d, 0x8d, 0x00, 0x8d, 0x8d, 0x8d, 0x00, 0x8d, 0x8d, 0x8d, 0x00, 0x8d, 0x8d, 0x8d, 0x00, 0x8d, 0x8d, 0x8d, 0x00, 0x8d, 0x8d, 0x8d, 0x00,
    0x8d, 0x8d, 0x8d, 0x00, 0x8d, 0x8d, 0x8d, 0x00, 0x8d, 0x8d, 0x8d, 0x00, 0x8d, 0x8d, 0x8d, 0x00, 0x8d, 0x8d, 0x8d, 0x00, 0x8d, 0x8d, 0x8d, 0x00, 0x8d, 0x8d, 0x8d, 0x00, 0x8d, 0x8d, 0x8d, 0x00,
    0x8d, 0x8d, 0x8d, 0x00, 0x8d, 0x8d, 0x8d, 0x00, 0x8d, 0x8d, 0x8d, 0x00, 0x8d, 0x8d, 0x8d, 0x00, 0x8d, 0x8d, 0x8d, 0x00, 0x8d, 0x8d, 0x8d, 0x00, 0x8d, 0x8d, 0x8d, 0x00, 0x8d, 0x8d, 0x8d, 0x00,
    0x8d, 0x8d, 0x8d, 0x00, 0x8d, 0x8d, 0x8d, 0x00, 0x8d, 0x8d, 0x8d, 0x00, 0x8d, 0x8d, 0x8d, 0x00, 0x8d, 0x8d, 0x8d, 0x00, 0x8d, 0x8d, 0x8d, 0x00, 0x8d, 0x8d, 0x8d, 0x00, 0x8d, 0x8d, 0x8d, 0x00,
    0x8d, 0x8d, 0x8d, 0x00, 0x8d, 0x8d, 0x8d, 0x00, 0x8d, 0x8d, 0x8d, 0x00, 0x8d, 0x8d, 0x8d, 0x00, 0x8d, 0x8d, 0x8d, 0x00, 0x8d, 0x8d, 0x8d, 0x00, 0x8d, 0x8d, 0x8d, 0x00, 0x8d, 0x8d, 0x8d, 0x00,
    0x8d, 0x8d, 0x8d, 0x00, 0x8d, 0x8d, 0x8d, 0x00, 0x8d, 0x8d, 0x8d, 0x00, 0x8d, 0x8d, 0x8d, 0x00, 0x8d, 0x8d, 0x8d, 0x00, 0x8d, 0x8d, 0x8d, 0x00, 0x8d, 0x8d, 0x8d, 0x00, 0x8d, 0x8d, 0x8d, 0x00,
    0x8d, 0x8d, 0x8d, 0x00, 0x8d, 0x8d, 0x8d, 0x00, 0x8d, 0x8d, 0x8d, 0x00, 0x8d, 0x8d, 0x8d, 0x00, 0x8d, 0x8d, 0x8d, 0x00, 0x8d, 0x8d, 0x8d, 0x00, 0x8d, 0x8d, 0x8d, 0x00, 0x8d, 0x8d, 0x8d, 0x00,
    0x8d, 0x8d, 0x8d, 0x00, 0x8d, 0x8d, 0x8d, 0x00, 0x8d, 0x8d, 0x8d, 0x00, 0x8d, 0x8d, 0x8d, 0x00, 0x8d, 0x8d, 0x8d, 0x00, 0x8d, 0x8d, 0x8d, 0x00, 0x8d, 0x8d, 0x8d, 0x00, 0x8d, 0x8d, 0x8d, 0x00,
    0x8d, 0x8d, 0x8d, 0x00, 0x8d, 0x8d, 0x8d, 0x00, 0x8d, 0x8d, 0x8d, 0x00, 0x8d, 0x8d, 0x8d, 0x00, 0x8d, 0x8d, 0x8d, 0x00, 0x8d, 0x8d, 0x8d, 0x00, 0x8d, 0x8d, 0x8d, 0x00, 0x8d, 0x8d, 0x8d, 0x00,
    0x8d, 0x8d, 0x8d, 0x00, 0x8d, 0x8d, 0x8d, 0x00, 0x8d, 0x8d, 0x8d, 0x00, 0x8d, 0x8d, 0x8d, 0x00, 0x8d, 0x8d, 0x8d, 0x00, 0x8d, 0x8d, 0x8d, 0x00, 0x8d, 0x8d, 0x8d, 0x00, 0x8d, 0x8d, 0x8d, 0x00,
    0x8d, 0x8d, 0x8d, 0x00, 0x8d, 0x8d, 0x8d, 0x00, 0x8d, 0x8d, 0x8d, 0x00, 0x8d, 0x8d, 0x8d, 0x00, 0x8d, 0x8d, 0x8d, 0x00, 0x8d, 0x8d, 0x8d, 0x00, 0x8d, 0x8d, 0x8d, 0x00, 0x8d, 0x8d, 0x8d, 0x00,
    0x8d, 0x8d, 0x8d, 0x00, 0x8d, 0x8d, 0x8d, 0x00, 0x8d, 0x8d, 0x8d, 0x00, 0x8d, 0x8d, 0x8d, 0x00, 0x8d, 0x8d, 0x8d, 0x00, 0x8d, 0x8d, 0x8d, 0x00, 0x8d, 0x8d, 0x8d, 0x00, 0x8d, 0x8d, 0x8d, 0x00,
    0x8d, 0x8d, 0x8d, 0x00, 0x8d, 0x8d, 0x8d, 0x00, 0x8d, 0x8d, 0x8d, 0x00, 0x8d, 0x8d, 0x8d, 0x00, 0x8d, 0x8d, 0x8d, 0x00, 0x8d, 0x8d, 0x8d, 0x00, 0x8d, 0x8d, 0x8d, 0x00, 0x8d, 0x8d, 0x8d, 0x00,
    0x8d, 0x8d, 0x8d, 0x00, 0x8d, 0x8d, 0x8d, 0x00, 0x8d, 0x8d, 0x8d, 0x00, 0x8d, 0x8d, 0x8d, 0x00, 0x8d, 0x8d, 0x8d, 0x00, 0x8d, 0x8d, 0x8d, 0x00, 0x8d, 0x8d, 0x8d, 0x00, 0x8d, 0x8d, 0x8d, 0x00,
    0x8d, 0x8d, 0x8d, 0x00, 0x8d, 0x8d, 0x8d, 0x00, 0x8d, 0x8d, 0x8d, 0x00, 0x8d, 0x8d, 0x8d, 0x00, 0x8d, 0x8d, 0x8d, 0x00, 0x8d, 0x8d, 0x8d, 0x00, 0x8d, 0x8d, 0x8d, 0x00, 0x8d, 0x8d, 0x8d, 0x00,
    0x8d, 0x8d, 0x8d, 0x00, 0x8d, 0x8d, 0x8d, 0x00, 0x8d, 0x8d, 0x8d, 0x00, 0x8d, 0x8d, 0x8d, 0x00, 0x8d, 0x8d, 0x8d, 0x00, 0x8d, 0x8d, 0x8d, 0x00, 0x8d, 0x8d, 0x8d, 0x00, 0x8d, 0x8d, 0x8d, 0x00,
    0x8d, 0x8d, 0x8d, 0x00, 0x8d, 0x8d, 0x8d, 0x00, 0x8d, 0x8d, 0x8d, 0x00, 0x8d, 0x8d, 0x8d, 0x00, 0x8d, 0x8d, 0x8d, 0x00, 0x8d, 0x8d, 0x8d, 0x00, 0x8d, 0x8d, 0x8d, 0x00, 0x8d, 0x8d, 0x8d, 0x00,
    0x8d, 0x8d, 0x8d, 0x00, 0x8d, 0x8d, 0x8d, 0x00, 0x8d, 0x8d, 0x8d, 0x00, 0x8d, 0x8d, 0x8d, 0x00, 0x8d, 0x8d, 0x8d, 0x00, 0x8d, 0x8d, 0x8d, 0x00, 0x8d, 0x8d, 0x8d, 0x00, 0x8d, 0x8d, 0x8d, 0x00,
    0x8d, 0x8d, 0x8d, 0x00, 0x8d, 0x8d, 0x8d, 0x00, 0x8d, 0x8d, 0x8d, 0x00, 0x8d, 0x8d, 0x8d, 0x00, 0x8d, 0x8d, 0x8d, 0x00, 0x8d, 0x8d, 0x8d, 0x00, 0x8d, 0x8d, 0x8d, 0x00, 0x8d, 0x8d, 0x8d, 0x00,
    0x8d, 0x8d, 0x8d, 0x00, 0x8d, 0x8d, 0x8d, 0x00, 0x8d, 0x8d, 0x8d, 0x00, 0x8d, 0x8d, 0x8d, 0x00, 0x8d, 0x8d, 0x8d, 0x00, 0x8d, 0x8d, 0x8d, 0x00, 0x8d, 0x8d, 0x8d, 0x00, 0x8d, 0x8d, 0x8d, 0x00,
    0x8d, 0x8d, 0x8d, 0x00, 0x8d, 0x8d, 0x8d, 0x00, 0x8d, 0x8d, 0x8d, 0x00, 0x8d, 0x8d, 0x8d, 0x00, 0x8d, 0x8d, 0x8d, 0x00, 0x8d, 0x8d, 0x8d, 0x00, 0x8d, 0x8d, 0x8d, 0x00, 0x8d, 0x8d, 0x8d, 0x00,
    0x8d, 0x8d, 0x8d, 0x00, 0x8d, 0x8d, 0x8d, 0x00, 0x8d, 0x8d, 0x8d, 0x00, 0x8d, 0x8d, 0x8d, 0x00, 0x8d, 0x8d, 0x8d, 0x00, 0x8d, 0x8d, 0x8d, 0x00, 0x8d, 0x8d, 0x8d, 0x00, 0x8d, 0x8d, 0x8d, 0x00,
    0x8d, 0x8d, 0x8d, 0x00, 0x8d, 0x8d, 0x8d, 0x00, 0x8d, 0x8d, 0x8d, 0x00, 0x8d, 0x8d, 0x8d, 0x00, 0x8d, 0x8d, 0x8d, 0x00, 0x8d, 0x8d, 0x8d, 0x00, 0x8d, 0x8d, 0x8d, 0x00, 0x8d, 0x8d, 0x8d, 0x00,
    0x8d, 0x8d, 0x8d, 0x00, 0x8d, 0x8d, 0x8d, 0x00, 0x8d, 0x8d, 0x8d, 0x00, 0x8d, 0x8d, 0x8d, 0x00, 0x8d, 0x8d, 0x8d, 0x00, 0x8d, 0x8d, 0x8d, 0x00, 0x8d, 0x8d, 0x8d, 0x00, 0x8d, 0x8d, 0x8d, 0x00,
    0x8d, 0x8d, 0x8d, 0x00, 0x8d, 0x8d, 0x8d, 0x00, 0x8d, 0x8d, 0x8d, 0x00, 0x8d, 0x8d, 0x8d, 0x00, 0x8d, 0x8d, 0x8d, 0x00, 0x8d, 0x8d, 0x8d, 0x00, 0x8d, 0x8d, 0x8d, 0x00, 0x8d, 0x8d, 0x8d, 0x00,
    0x8d, 0x8d, 0x8d, 0x00, 0x8d, 0x8d, 0x8d, 0x00, 0x8d, 0x8d, 0x8d, 0x00, 0x8d, 0x8d, 0x8d, 0x00, 0x8d, 0x8d, 0x8d, 0x00, 0x8d, 0x8d, 0x8d, 0x00, 0x8d, 0x8d, 0x8d, 0x00, 0x8d, 0x8d, 0x8d, 0x00,
    0x8d, 0x8d, 0x8d, 0x00, 0x8d, 0x8d, 0x8d, 0x00, 0x8d, 0x8d, 0x8d, 0x00, 0x8d, 0x8d, 0x8d, 0x00, 0x8d, 0x8d, 0x8d, 0x00, 0x8d, 0x8d, 0x8d, 0x00, 0x8d, 0x8d, 0x8d, 0x00, 0x8d, 0x8d, 0x8d, 0x00,
    0x8d, 0x8d, 0x8d, 0x00, 0x8d, 0x8d, 0x8d, 0x00, 0x8d, 0x8d, 0x8d, 0x00, 0x8d, 0x8d, 0x8d, 0x00, 0x8d, 0x8d, 0x8d, 0x00, 0x8d, 0x8d, 0x8d, 0x00, 0x8d, 0x8d, 0x8d, 0x00, 0x8d, 0x8d, 0x8d, 0x00,
    0x8d, 0x8d, 0x8d, 0x00, 0x8d, 0x8d, 0x8d, 0x00, 0x8d, 0x8d, 0x8d, 0x00, 0x8d, 0x8d, 0x8d, 0x00, 0x8d, 0x8d, 0x8d, 0x00, 0x8d, 0x8d, 0x8d, 0x00, 0x8d, 0x8d, 0x8d, 0x00, 0x8d, 0x8d, 0x8d, 0x00,
    0x8d, 0x8d, 0x8d, 0x00, 0x8d, 0x8d, 0x8d, 0x00, 0x8d, 0x8d, 0x8d, 0x00, 0x8d, 0x8d, 0x8d, 0x00, 0x8d, 0x8d, 0x8d, 0x00, 0x8d, 0x8d, 0x8d, 0x00, 0x8d, 0x8d, 0x8d, 0x00, 0x8d, 0x8d, 0x8d, 0x00,
    0x8d, 0x8d, 0x8d, 0x00, 0x8d, 0x8d, 0x8d, 0x00, 0x8d, 0x8d, 0x8d, 0x00, 0x8d, 0x8d, 0x8d, 0x00, 0x8d, 0x8d, 0x8d, 0x00, 0x8d, 0x8d, 0x8d, 0x00, 0x8d, 0x8d, 0x8d, 0x00, 0x8d, 0x8d, 0x8d, 0x00,
    0x8d, 0x8d, 0x8d, 0x00, 0x8d, 0x8d, 0x8d, 0x00, 0x8d, 0x8d, 0x8d, 0x00, 0x8d, 0x8d, 0x8d, 0x00, 0x8d, 0x8d, 0x8d, 0x00, 0x8d, 0x8d, 0x8d, 0x00, 0x8d, 0x8d, 0x8d, 0x00, 0x8d, 0x8d, 0x8d, 0x00,
    0x8d, 0x8d, 0x8d, 0x00, 0x8d, 0x8d, 0x8d, 0x00, 0x8d, 0x8d, 0x8d, 0x00, 0x8d, 0x8d, 0x8d, 0x00, 0x8d, 0x8d, 0x8d, 0x00, 0x8d, 0x8d, 0x8d, 0x00, 0x8d, 0x8d, 0x8d, 0x00, 0x8d, 0x8d, 0x8d, 0x00,
    0x8d, 0x8d, 0x8d, 0x00, 0x8d, 0x8d, 0x8d, 0x00, 0x8d, 0x8d, 0x8d, 0x00, 0x8d, 0x8d, 0x8d, 0x00, 0x8d, 0x8d, 0x8d, 0x00, 0x8d, 0x8d, 0x8d, 0x00, 0x8d, 0x8d, 0x8d, 0x00, 0x8d, 0x8d, 0x8d, 0x00,
    0x8d, 0x8d, 0x8d, 0x00, 0x8d, 0x8d, 0x8d, 0x00, 0x8d, 0x8d, 0x8d, 0x00, 0x8d, 0x8d, 0x8d, 0x00, 0x8d, 0x8d, 0x8d, 0x00, 0x8d, 0x8d, 0x8d, 0x00, 0x8d, 0x8d, 0x8d, 0x00, 0x8d, 0x8d, 0x8d, 0x00,
    0x8d, 0x8d, 0x8d, 0x00, 0x8d, 0x8d, 0x8d, 0x00, 0x8d, 0x8d, 0x8d, 0x00, 0x8d, 0x8d, 0x8d, 0x00, 0x8d, 0x8d, 0x8d, 0x00, 0x8d, 0x8d, 0x8d, 0x00, 0x8d, 0x8d, 0x8d, 0x00, 0x8d, 0x8d, 0x8d, 0x00,
    0x8d, 0x8d, 0x8d, 0x00, 0x8d, 0x8d, 0x8d, 0x00, 0x8d, 0x8d, 0x8d, 0x00, 0x8d, 0x8d, 0x8d, 0x00, 0x8d, 0x8d, 0x8d, 0x00, 0x8d, 0x8d, 0x8d, 0x00, 0x8d, 0x8d, 0x8d, 0x00, 0x8d, 0x8d, 0x8d, 0x00,
    0x8d, 0x8d, 0x8d, 0x00, 0x8d, 0x8d, 0x8d, 0x00, 0x8d, 0x8d, 0x8d, 0x00, 0x8d, 0x8d, 0x8d, 0x00, 0x8d, 0x8d, 0x8d, 0x00, 0x8d, 0x8d, 0x8d, 0x00, 0x8d, 0x8d, 0x8d, 0x00, 0x8d, 0x8d, 0x8d, 0x00,
    0x8d, 0x8d, 0x8d, 0x00, 0x8d, 0x8d, 0x8d, 0x00, 0x8d, 0x8d, 0x8d, 0x00, 0x8d, 0x8d, 0x8d, 0x00, 0x8d, 0x8d, 0x8d, 0x00, 0x8d, 0x8d, 0x8d, 0x00, 0x8d, 0x8d, 0x8d, 0x00, 0x8d, 0x8d, 0x8d, 0x00,
    0x8d, 0x8d, 0x8d, 0x00, 0x8d, 0x8d, 0x8d, 0x00, 0x8d, 0x8d, 0x8d, 0x00, 0x8d, 0x8d, 0x8d, 0x00, 0x8d, 0x8d, 0x8d, 0x00, 0x8d, 0x8d, 0x8d, 0x00, 0x8d, 0x8d, 0x8d, 0x00, 0x8d, 0x8d, 0x8d, 0x00,
    0x8d, 0x8d, 0x8d, 0x00, 0x8d, 0x8d, 0x8d, 0x00, 0x8d, 0x8d, 0x8d, 0x00, 0x8d, 0x8d, 0x8d, 0x00, 0x8d, 0x8d, 0x8d, 0x00, 0x8d, 0x8d, 0x8d, 0x00, 0x8d, 0x8d, 0x8d, 0x00, 0x8d, 0x8d, 0x8d, 0x00,
    0x8d, 0x8d, 0x8d, 0x00, 0x8d, 0x8d, 0x8d, 0x00, 0x8d, 0x8d, 0x8d, 0x00, 0x8d, 0x8d, 0x8d, 0x00, 0x8d, 0x8d, 0x8d, 0x00, 0x8d, 0x8d, 0x8d, 0x00, 0x8d, 0x8d, 0x8d, 0x00, 0x8d, 0x8d, 0x8d, 0x00,
    0x8d, 0x8d, 0x8d, 0x00, 0x8d, 0x8d, 0x8d, 0x00, 0x8d, 0x8d, 0x8d, 0x00, 0x8d, 0x8d, 0x8d, 0x00, 0x8d, 0x8d, 0x8d, 0x00, 0x8d, 0x8d, 0x8d, 0x00, 0x8d, 0x8d, 0x8d, 0x00, 0x8d, 0x8d, 0x8d, 0x00,
    0x8d, 0x8d, 0x8d, 0x00, 0x8d, 0x8d, 0x8d, 0x00, 0x8d, 0x8d, 0x8d, 0x00, 0x8d, 0x8d, 0x8d, 0x00, 0x8d, 0x8d, 0x8d, 0x00, 0x8d, 0x8d, 0x8d, 0x00, 0x8d, 0x8d, 0x8d, 0x00, 0x8d, 0x8d, 0x8d, 0x00,
    0x8d, 0x8d, 0x8d, 0x00, 0x8d, 0x8d, 0x8d, 0x00, 0x8d, 0x8d, 0x8d, 0x00, 0x8d, 0x8d, 0x8d, 0x00, 0x8d, 0x8d, 0x8d, 0x00, 0x8d, 0x8d, 0x8d, 0x00, 0x8d, 0x8d, 0x8d, 0x00, 0x8d, 0x8d, 0x8d, 0x00,
    0x8d, 0x8d, 0x8d, 0x00, 0x8d, 0x8d, 0x8d, 0x00, 0x8d, 0x8d, 0x8d, 0x00, 0x8d, 0x8d, 0x8d, 0x00, 0x8d, 0x8d, 0x8d, 0x00, 0x8d, 0x8d, 0x8d, 0x00, 0x8d, 0x8d, 0x8d, 0x00, 0x8d, 0x8d, 0x8d, 0x00,
    0x8d, 0x8d, 0x8d, 0x00, 0x8d, 0x8d, 0x8d, 0x00, 0x8d, 0x8d, 0x8d, 0x00, 0x8d, 0x8d, 0x8d, 0x00, 0x8d, 0x8d, 0x8d, 0x00, 0x8d, 0x8d, 0x8d, 0x00, 0x8d, 0x8d, 0x8d, 0x00, 0x8d, 0x8d, 0x8d, 0x00,
    0x8d, 0x8d, 0x8d, 0x00, 0x8d, 0x8d, 0x8d, 0x00, 0x8d, 0x8d, 0x8d, 0x00, 0x8d, 0x8d, 0x8d, 0x00, 0x8d, 0x8d, 0x8d, 0x00, 0x8d, 0x8d, 0x8d, 0x00, 0x8d, 0x8d, 0x8d, 0x00, 0x8d, 0x8d, 0x8d, 0x00,
    0x8d, 0x8d, 0x8d, 0x00, 0x8d, 0x8d, 0x8d, 0x00, 0x8d, 0x8d, 0x8d, 0x00, 0x8d, 0x8d, 0x8d, 0x00, 0x8d, 0x8d, 0x8d, 0x00, 0x8d, 0x8d, 0x8d, 0x00, 0x8d, 0x8d, 0x8d, 0x00, 0x8d, 0x8d, 0x8d, 0x00,
    0x8d, 0x8d, 0x8d, 0x00, 0x8d, 0x8d, 0x8d, 0x00, 0x8d, 0x8d, 0x8d, 0x00, 0x8d, 0x8d, 0x8d, 0x00, 0x8d, 0x8d, 0x8d, 0x00, 0x8d, 0x8d, 0x8d, 0x00, 0x8d, 0x8d, 0x8d, 0x00, 0x8d, 0x8d, 0x8d, 0x00,
    0x8d, 0x8d, 0x8d, 0x00, 0x8d, 0x8d, 0x8d, 0x00, 0x8d, 0x8d, 0x8d, 0x00, 0x8d, 0x8d, 0x8d, 0x00, 0x8d, 0x8d, 0x8d, 0x00, 0x8d, 0x8d, 0x8d, 0x00, 0x8d, 0x8d, 0x8d, 0x00, 0x8d, 0x8d, 0x8d, 0x00,
    0x8d, 0x8d, 0x8d, 0x00, 0x8d, 0x8d, 0x8d, 0x00, 0x8d, 0x8d, 0x8d, 0x00, 0x8d, 0x8d, 0x8d, 0x00, 0x8d, 0x8d, 0x8d, 0x00, 0x8d, 0x8d, 0x8d, 0x00, 0x8d, 0x8d, 0x8d, 0x00, 0x8d, 0x8d, 0x8d, 0x00,
    0x8d, 0x8d, 0x8d, 0x00, 0x8d, 0x8d, 0x8d, 0x00, 0x8d, 0x8d, 0x8d, 0x00, 0x8d, 0x8d, 0x8d, 0x00, 0x8d, 0x8d, 0x8d, 0x00, 0x8d, 0x8d, 0x8d, 0x00, 0x8d, 0x8d, 0x8d, 0x00, 0x8d, 0x8d, 0x8d, 0x00,
    0x8d, 0x8d, 0x8d, 0x00, 0x8d, 0x8d, 0x8d, 0x00, 0x8d, 0x8d, 0x8d, 0x00, 0x8d, 0x8d, 0x8d, 0x00, 0x8d, 0x8d, 0x8d, 0x00, 0x8d, 0x8d, 0x8d, 0x00, 0x8d, 0x8d, 0x8d, 0x00, 0x8d, 0x8d, 0x8d, 0x00,
    0x8d, 0x8d, 0x8d, 0x00, 0x8d, 0x8d, 0x8d, 0x00, 0x8d, 0x8d, 0x8d, 0x00, 0x8d, 0x8d, 0x8d, 0x00, 0x8d, 0x8d, 0x8d, 0x00, 0x8d, 0x8d, 0x8d, 0x00, 0x8d, 0x8d, 0x8d, 0x00, 0x8d, 0x8d, 0x8d, 0x00,
    0x8d, 0x8d, 0x8d, 0x00, 0x8d, 0x8d, 0x8d, 0x00, 0x8d, 0x8d, 0x8d, 0x00, 0x8d, 0x8d, 0x8d, 0x00, 0x8d, 0x8d, 0x8d, 0x00, 0x8d, 0x8d, 0x8d, 0x00, 0x8d, 0x8d, 0x8d, 0x00, 0x8d, 0x8d, 0x8d, 0x00,
    0x8d, 0x8d, 0x8d, 0x00, 0x8d, 0x8d, 0x8d, 0x00, 0x8d, 0x8d, 0x8d, 0x00, 0x8d, 0x8d, 0x8d, 0x00, 0x8d, 0x8d, 0x8d, 0x00, 0x8d, 0x8d, 0x8d, 0x00, 0x8d, 0x8d, 0x8d, 0x00, 0x8d, 0x8d, 0x8d, 0x00,
    0x8d, 0x8d, 0x8d, 0x00, 0x8d, 0x8d, 0x8d, 0x00, 0x8d, 0x8d, 0x8d, 0x00, 0x8d, 0x8d, 0x8d, 0x00, 0x8d, 0x8d, 0x8d, 0x00, 0x8d, 0x8d, 0x8d, 0x00, 0x8d, 0x8d, 0x8d, 0x00, 0x8d, 0x8d, 0x8d, 0x00,
    0x8d, 0x8d, 0x8d, 0x00, 0x8d, 0x8d, 0x8d, 0x00, 0x8d, 0x8d, 0x8d, 0x00, 0x8d, 0x8d, 0x8d, 0x00, 0x8d, 0x8d, 0x8d, 0x00, 0x8d, 0x8d, 0x8d, 0x00, 0x8d, 0x8d, 0x8d, 0x00, 0x8d, 0x8d, 0x8d, 0x00,
    0x8d, 0x8d, 0x8d, 0x00, 0x8d, 0x8d, 0x8d, 0x00, 0x8d, 0x8d, 0x8d, 0x00, 0x8d, 0x8d, 0x8d, 0x00, 0x8d, 0x8d, 0x8d, 0x00, 0x8d, 0x8d, 0x8d, 0x00, 0x8d, 0x8d, 0x8d, 0x00, 0x8d, 0x8d, 0x8d, 0x00,
    0x8d, 0x8d, 0x8d, 0x00, 0x8d, 0x8d, 0x8d, 0x00, 0x8d, 0x8d, 0x8d, 0x00, 0x8d, 0x8d, 0x8d, 0x00, 0x8d, 0x8d, 0x8d, 0x00, 0x8d, 0x8d, 0x8d, 0x00, 0x8d, 0x8d, 0x8d, 0x00, 0x8d, 0x8d, 0x8d, 0x00,
    0x8d, 0x8d, 0x8d, 0x00, 0x8d, 0x8d, 0x8d, 0x00, 0x8d, 0x8d, 0x8d, 0x00, 0x8d, 0x8d, 0x8d, 0x00, 0x8d, 0x8d, 0x8d, 0x00, 0x8d, 0x8d, 0x8d, 0x00, 0x8d, 0x8d, 0x8d, 0x00, 0x8d, 0x8d, 0x8d, 0x00,
    0x8d, 0x8d, 0x8d, 0x00, 0x8d, 0x8d, 0x8d, 0x00, 0x8d, 0x8d, 0x8d, 0x00, 0x8d, 0x8d, 0x8d, 0x00, 0x8d, 0x8d, 0x8d, 0x00, 0x8d, 0x8d, 0x8d, 0x00, 0x8d, 0x8d, 0x8d, 0x00, 0x8d, 0x8d, 0x8d, 0x00,
    0x8d, 0x8d, 0x8d, 0x00, 0x8d, 0x8d, 0x8d, 0x00, 0x8d, 0x8d, 0x8d, 0x00, 0x8d, 0x8d, 0x8d, 0x00, 0x8d, 0x8d, 0x8d, 0x00, 0x8d, 0x8d, 0x8d, 0x00, 0x8d, 0x8d, 0x8d, 0x00, 0x8d, 0x8d, 0x8d, 0x00,
    0x8d, 0x8d, 0x8d, 0x00, 0x8d, 0x8d, 0x8d, 0x00, 0x8d, 0x8d, 0x8d, 0x00, 0x8d, 0x8d, 0x8d, 0x00, 0x8d, 0x8d, 0x8d, 0x00, 0x8d, 0x8d, 0x8d, 0x00, 0x8d, 0x8d, 0x8d, 0x00, 0x8d, 0x8d, 0x8d, 0x00,
    0x8d, 0x8d, 0x8d, 0x00, 0x8d, 0x8d, 0x8d, 0x00, 0x8d, 0x8d, 0x8d, 0x00, 0x8d, 0x8d, 0x8d, 0x00, 0x8d, 0x8d, 0x8d, 0x00, 0x8d, 0x8d, 0x8d, 0x00, 0x8d, 0x8d, 0x8d, 0x00, 0x8d, 0x8d, 0x8d, 0x00,
    0x8d, 0x8d, 0x8d, 0x00, 0x8d, 0x8d, 0x8d, 0x00, 0x8d, 0x8d, 0x8d, 0x00, 0x8d, 0x8d, 0x8d, 0x00, 0x8d, 0x8d, 0x8d, 0x00, 0x8d, 0x8d, 0x8d, 0x00, 0x8d, 0x8d, 0x8d, 0x00, 0x8d, 0x8d, 0x8d, 0x00,
    0x8d, 0x8d, 0x8d, 0x00, 0x8d, 0x8d, 0x8d, 0x00, 0x8d, 0x8d, 0x8d, 0x00, 0x8d, 0x8d, 0x8d, 0x00, 0x8d, 0x8d, 0x8d, 0x00, 0x8d, 0x8d, 0x8d, 0x00, 0x8d, 0x8d, 0x8d, 0x00, 0x8d, 0x8d, 0x8d, 0x00,
    0x8d, 0x8d, 0x8d, 0x00, 0x8d, 0x8d, 0x8d, 0x00, 0x8d, 0x8d, 0x8d, 0x00, 0x8d, 0x8d, 0x8d, 0x00, 0x8d, 0x8d, 0x8d, 0x00, 0x8d, 0x8d, 0x8d, 0x00, 0x8d, 0x8d, 0x8d, 0x00, 0x8d, 0x8d, 0x8d, 0x00,
    0x8d, 0x8d, 0x8d, 0x00, 0x8d, 0x8d, 0x8d, 0x00, 0x8d, 0x8d, 0x8d, 0x00, 0x8d, 0x8d, 0x8d, 0x00, 0x8d, 0x8d, 0x8d, 0x00, 0x8d, 0x8d, 0x8d, 0x00, 0x8d, 0x8d, 0x8d, 0x00, 0x8d, 0x8d, 0x8d, 0x00,
    0x8d, 0x8d, 0x8d, 0x00, 0x8d, 0x8d, 0x8d, 0x00, 0x8d, 0x8d, 0x8d, 0x00, 0x8d, 0x8d, 0x8d, 0x00, 0x8d, 0x8d, 0x8d, 0x00, 0x8d, 0x8d, 0x8d, 0x00, 0x8d, 0x8d, 0x8d, 0x00, 0x8d, 0x8d, 0x8d, 0x00,
    0x8d, 0x8d, 0x8d, 0x00, 0x8d, 0x8d, 0x8d, 0x00, 0x8d, 0x8d, 0x8d, 0x00, 0x8d, 0x8d, 0x8d, 0x00, 0x8d, 0x8d, 0x8d, 0x00, 0x8d, 0x8d, 0x8d, 0x00, 0x8d, 0x8d, 0x8d, 0x00, 0x8d, 0x8d, 0x8d, 0x00,
    0x8d, 0x8d, 0x8d, 0x00, 0x8d, 0x8d, 0x8d, 0x00, 0x8d, 0x8d, 0x8d, 0x00, 0x8d, 0x8d, 0x8d, 0x00, 0x8d, 0x8d, 0x8d, 0x00, 0x8d, 0x8d, 0x8d, 0x00, 0x8d, 0x8d, 0x8d, 0x00, 0x8d, 0x8d, 0x8d, 0x00,
    0x8d, 0x8d, 0x8d, 0x00, 0x8d, 0x8d, 0x8d, 0x00, 0x8d, 0x8d, 0x8d, 0x00, 0x8d, 0x8d, 0x8d, 0x00, 0x8d, 0x8d, 0x8d, 0x00, 0x8d, 0x8d, 0x8d, 0x00, 0x8d, 0x8d, 0x8d, 0x00, 0x8d, 0x8d, 0x8d, 0x00,
    0x8d, 0x8d, 0x8d, 0x00, 0x8d, 0x8d, 0x8d, 0x00, 0x8d, 0x8d, 0x8d, 0x00, 0x8d, 0x8d, 0x8d, 0x00, 0x8d, 0x8d, 0x8d, 0x00, 0x8d, 0x8d, 0x8d, 0x00, 0x8d, 0x8d, 0x8d, 0x00, 0x8d, 0x8d, 0x8d, 0x00,
    0x8d, 0x8d, 0x8d, 0x00, 0x8d, 0x8d, 0x8d, 0x00, 0x8d, 0x8d, 0x8d, 0x00, 0x8d, 0x8d, 0x8d, 0x00, 0x8d, 0x8d, 0x8d, 0x00, 0x8d, 0x8d, 0x8d, 0x00, 0x8d, 0x8d, 0x8d, 0x00, 0x8d, 0x8d, 0x8d, 0x00,
    0x8d, 0x8d, 0x8d, 0x00, 0x8d, 0x8d, 0x8d, 0x00, 0x8d, 0x8d, 0x8d, 0x00, 0x8d, 0x8d, 0x8d, 0x00, 0x8d, 0x8d, 0x8d, 0x00, 0x8d, 0x8d, 0x8d, 0x00, 0x8d, 0x8d, 0x8d, 0x00, 0x8d, 0x8d, 0x8d, 0x00,
    0x8d, 0x8d, 0x8d, 0x00, 0x8d, 0x8d, 0x8d, 0x00, 0x8d, 0x8d, 0x8d, 0x00, 0x8d, 0x8d, 0x8d, 0x00, 0x8d, 0x8d, 0x8d, 0x00, 0x8d, 0x8d, 0x8d, 0x00, 0x8d, 0x8d, 0x8d, 0x00, 0x8d, 0x8d, 0x8d, 0x00,
    0x8d, 0x8d, 0x8d, 0x00, 0x8d, 0x8d, 0x8d, 0x00, 0x8d, 0x8d, 0x8d, 0x00, 0x8d, 0x8d, 0x8d, 0x00, 0x8d, 0x8d, 0x8d, 0x00, 0x8d, 0x8d, 0x8d, 0x00, 0x8d, 0x8d, 0x8d, 0x00, 0x8d, 0x8d, 0x8d, 0x00,
    0x8d, 0x8d, 0x8d, 0x00, 0x8d, 0x8d, 0x8d, 0x00, 0x8d, 0x8d, 0x8d, 0x00, 0x8d, 0x8d, 0x8d, 0x00, 0x8d, 0x8d, 0x8d, 0x00, 0x8d, 0x8d, 0x8d, 0x00, 0x8d, 0x8d, 0x8d, 0x00, 0x8d, 0x8d, 0x8d, 0x00,
    0x8d, 0x8d, 0x8d, 0x00, 0x8d, 0x8d, 0x8d, 0x00, 0x8d, 0x8d, 0x8d, 0x00, 0x8d, 0x8d, 0x8d, 0x00, 0x8d, 0x8d, 0x8d, 0x00, 0x8d, 0x8d, 0x8d, 0x00, 0x8d, 0x8d, 0x8d, 0x00, 0x8d, 0x8d, 0x8d, 0x00,
    0x8d, 0x8d, 0x8d, 0x00, 0x8d, 0x8d, 0x8d, 0x01, 0x8d, 0x8d, 0x8d, 0x06, 0x8d, 0x8d, 0x8d, 0x0d, 0x8d, 0x8d, 0x8d, 0x14, 0x8d, 0x8d, 0x8d, 0x1b, 0x8d, 0x8d, 0x8d, 0x21, 0x8d, 0x8d, 0x8d, 0x25,
    0x8d, 0x8d, 0x8d, 0x27, 0x8d, 0x8d, 0x8d, 0x27, 0x8d, 0x8d, 0x8d, 0x25, 0x8d, 0x8d, 0x8d, 0x21, 0x8d, 0x8d, 0x8d, 0x1b, 0x8d, 0x8d, 0x8d, 0x14, 0x8d, 0x8d, 0x8d, 0x0d, 0x8d, 0x8d, 0x8d, 0x06,
    0x8d, 0x8d, 0x8d, 0x01, 0x8d, 0x8d, 0x8d, 0x00, 0x8d, 0x8d, 0x8d, 0x00, 0x8d, 0x8d, 0x8d, 0x00, 0x8d, 0x8d, 0x8d, 0x00, 0x8d, 0x8d, 0x8d, 0x00, 0x8d, 0x8d, 0x8d, 0x00, 0x8d, 0x8d, 0x8d, 0x00,
    0x8d, 0x8d, 0x8d, 0x00, 0x8d, 0x8d, 0x8d, 0x00, 0x8d, 0x8d, 0x8d, 0x00, 0x8d, 0x8d, 0x8d, 0x00, 0x8d, 0x8d, 0x8d, 0x00, 0x8d, 0x8d, 0x8d, 0x00, 0x8d, 0x8d, 0x8d, 0x00, 0x8d, 0x8d, 0x8d, 0x00,
    0x8d, 0x8d, 0x8d, 0x00, 0x8d, 0x8d, 0x8d, 0x00, 0x8d, 0x8d, 0x8d, 0x00, 0x8d, 0x8d, 0x8d, 0x00, 0x8d, 0x8d, 0x8d, 0x00, 0x8d, 0x8d, 0x8d, 0x00, 0x8d, 0x8d, 0x8d, 0x00, 0x8d, 0x8d, 0x8d, 0x00,
    0x8d, 0x8d, 0x8d, 0x00, 0x8d, 0x8d, 0x8d, 0x00, 0x8d, 0x8d, 0x8d, 0x00, 0x8d, 0x8d, 0x8d, 0x00, 0x8d, 0x8d, 0x8d, 0x00, 0x8d, 0x8d, 0x8d, 0x00, 0x8d, 0x8d, 0x8d, 0x00, 0x8d, 0x8d, 0x8d, 0x00,
    0x8d, 0x8d, 0x8d, 0x00, 0x8d, 0x8d, 0x8d, 0x00, 0x8d, 0x8d, 0x8d, 0x00, 0x8d, 0x8d, 0x8d, 0x00, 0x8d, 0x8d, 0x8d, 0x00, 0x8d, 0x8d, 0x8d, 0x00, 0x8d, 0x8d, 0x8d, 0x00, 0x8d, 0x8d, 0x8d, 0x00,
    0x8d, 0x8d, 0x8d, 0x00, 0x8d, 0x8d, 0x8d, 0x00, 0x8d, 0x8d, 0x8d, 0x00, 0x8d, 0x8d, 0x8d, 0x00, 0x8d, 0x8d, 0x8d, 0x00, 0x8d, 0x8d, 0x8d, 0x00, 0x8d, 0x8d, 0x8d, 0x00, 0x8d, 0x8d, 0x8d, 0x00,
    0x8d, 0x8d, 0x8d, 0x00, 0x8d, 0x8d, 0x8d, 0x00, 0x8d, 0x8d, 0x8d, 0x00, 0x8d, 0x8d, 0x8d, 0x00, 0x8d, 0x8d, 0x8d, 0x00, 0x8d, 0x8d, 0x8d, 0x00, 0x8d, 0x8d, 0x8d, 0x00, 0x8d, 0x8d, 0x8d, 0x00,
    0x8d, 0x8d, 0x8d, 0x00, 0x8d, 0x8d, 0x8d, 0x00, 0x8d, 0x8d, 0x8d, 0x00, 0x8d, 0x8d, 0x8d, 0x00, 0x8d, 0x8d, 0x8d, 0x00, 0x8d, 0x8d, 0x8d, 0x00, 0x8d, 0x8d, 0x8d, 0x00, 0x8d, 0x8d, 0x8d, 0x00,
    0x8d, 0x8d, 0x8d, 0x00, 0x8d, 0x8d, 0x8d, 0x00, 0x8d, 0x8d, 0x8d, 0x00, 0x8d, 0x8d, 0x8d, 0x00, 0x8d, 0x8d, 0x8d, 0x00, 0x8d, 0x8d, 0x8d, 0x00, 0x8d, 0x8d, 0x8d, 0x00, 0x8d, 0x8d, 0x8d, 0x00,
    0x8d, 0x8d, 0x8d, 0x00, 0x8d, 0x8d, 0x8d, 0x00, 0x8d, 0x8d, 0x8d, 0x00, 0x8d, 0x8d, 0x8d, 0x00, 0x8d, 0x8d, 0x8d, 0x00, 0x8d, 0x8d, 0x8d, 0x00, 0x8d, 0x8d, 0x8d, 0x00, 0x8d, 0x8d, 0x8d, 0x00,
    0x8d, 0x8d, 0x8d, 0x00, 0x8d, 0x8d, 0x8d, 0x00, 0x8d, 0x8d, 0x8d, 0x00, 0x8d, 0x8d, 0x8d, 0x00, 0x8d, 0x8d, 0x8d, 0x00, 0x8d, 0x8d, 0x8d, 0x00, 0x8d, 0x8d, 0x8d, 0x00, 0x8d, 0x8d, 0x8d, 0x00,
    0x8d, 0x8d, 0x8d, 0x00, 0x8d, 0x8d, 0x8d, 0x00, 0x8d, 0x8d, 0x8d, 0x00, 0x8d, 0x8d, 0x8d, 0x00, 0x8d, 0x8d, 0x8d, 0x00, 0x8d, 0x8d, 0x8d, 0x00, 0x8d, 0x8d, 0x8d, 0x00, 0x8d, 0x8d, 0x8d, 0x00,
    0x8d, 0x8d, 0x8d, 0x00, 0x8d, 0x8d, 0x8d, 0x00, 0x8d, 0x8d, 0x8d, 0x00, 0x8d, 0x8d, 0x8d, 0x00, 0x8d, 0x8d, 0x8d, 0x00, 0x8d, 0x8d, 0x8d, 0x00, 0x8d, 0x8d, 0x8d, 0x00, 0x8d, 0x8d, 0x8d, 0x00,
    0x8d, 0x8d, 0x8d, 0x00, 0x8d, 0x8d, 0x8d, 0x04, 0x8d, 0x8d, 0x8d, 0x14, 0x8d, 0x8d, 0x8d, 0x2b, 0x8d, 0x8d, 0x8d, 0x45, 0x8d, 0x8d, 0x8d, 0x60, 0x8d, 0x8d, 0x8d, 0x79, 0x8d, 0x8d, 0x8d, 0x8f,
    0x8d, 0x8d, 0x8d, 0xa2, 0x8d, 0x8d, 0x8d, 0xb2, 0x8d, 0x8d, 0x8d, 0xbf, 0x8d, 0x8d, 0x8d, 0xc9, 0x8d, 0x8d, 0x8d, 0xd0, 0x8d, 0x8d, 0x8d, 0xd4, 0x8d, 0x8d, 0x8d, 0xd6, 0x8d, 0x8d, 0x8d, 0xd6,
    0x8d, 0x8d, 0x8d, 0xd4, 0x8d, 0x8d, 0x8d, 0xd0, 0x8d, 0x8d, 0x8d, 0xc9, 0x8d, 0x8d, 0x8d, 0xbf, 0x8d, 0x8d, 0x8d, 0xb2, 0x8d, 0x8d, 0x8d, 0xa2, 0x8d, 0x8d, 0x8d, 0x8f, 0x8d, 0x8d, 0x8d, 0x79,
    0x8d, 0x8d, 0x8d, 0x60, 0x8d, 0x8d, 0x8d, 0x45, 0x8d, 0x8d, 0x8d, 0x2b, 0x8d, 0x8d, 0x8d, 0x14, 0x8d, 0x8d, 0x8d, 0x04, 0x8d, 0x8d, 0x8d, 0x00, 0x8d, 0x8d, 0x8d, 0x00, 0x8d, 0x8d, 0x8d, 0x00,
    0x8d, 0x8d, 0x8d, 0x00, 0x8d, 0x8d, 0x8d, 0x00, 0x8d, 0x8d, 0x8d, 0x00, 0x8d, 0x8d, 0x8d, 0x00, 0x8d, 0x8d, 0x8d, 0x00, 0x8d, 0x8d, 0x8d, 0x00, 0x8d, 0x8d, 0x8d, 0x00, 0x8d, 0x8d, 0x8d, 0x00,
    0x8d, 0x8d, 0x8d, 0x00, 0x8d, 0x8d, 0x8d, 0x00, 0x8d, 0x8d, 0x8d, 0x00, 0x8d, 0x8d, 0x8d, 0x00, 0x8d, 0x8d, 0x8d, 0x00, 0x8d, 0x8d, 0x8d, 0x00, 0x8d, 0x8d, 0x8d, 0x00, 0x8d, 0x8d, 0x8d, 0x00,
    0x8d, 0x8d, 0x8d, 0x00, 0x8d, 0x8d, 0x8d, 0x00, 0x8d, 0x8d, 0x8d, 0x00, 0x8d, 0x8d, 0x8d, 0x00, 0x8d, 0x8d, 0x8d, 0x00, 0x8d, 0x8d, 0x8d, 0x00, 0x8d, 0x8d, 0x8d, 0x00, 0x8d, 0x8d, 0x8d, 0x00,
    0x8d, 0x8d, 0x8d, 0x00, 0x8d, 0x8d, 0x8d, 0x00, 0x8d, 0x8d, 0x8d, 0x00, 0x8d, 0x8d, 0x8d, 0x00, 0x8d, 0x8d, 0x8d, 0x00, 0x8d, 0x8d, 0x8d, 0x00, 0x8d, 0x8d, 0x8d, 0x00, 0x8d, 0x8d, 0x8d, 0x00,
    0x8d, 0x8d, 0x8d, 0x00, 0x8d, 0x8d, 0x8d, 0x00, 0x8d, 0x8d, 0x8d, 0x00, 0x8d, 0x8d, 0x8d, 0x00, 0x8d, 0x8d, 0x8d, 0x00, 0x8d, 0x8d, 0x8d, 0x00, 0x8d, 0x8d, 0x8d, 0x00, 0x8d, 0x8d, 0x8d, 0x00,
    0x8d, 0x8d, 0x8d, 0x00, 0x8d, 0x8d, 0x8d, 0x00, 0x8d, 0x8d, 0x8d, 0x00, 0x8d, 0x8d, 0x8d, 0x00, 0x8d, 0x8d, 0x8d, 0x00, 0x8d, 0x8d, 0x8d, 0x00, 0x8d, 0x8d, 0x8d, 0x00, 0x8d, 0x8d, 0x8d, 0x00,
    0x8d, 0x8d, 0x8d, 0x00, 0x8d, 0x8d, 0x8d, 0x00, 0x8d, 0x8d, 0x8d, 0x00, 0x8d, 0x8d, 0x8d, 0x00, 0x8d, 0x8d, 0x8d, 0x00, 0x8d, 0x8d, 0x8d, 0x00, 0x8d, 0x8d, 0x8d, 0x00, 0x8d, 0x8d, 0x8d, 0x00,
    0x8d, 0x8d, 0x8d, 0x00, 0x8d, 0x8d, 0x8d, 0x00, 0x8d, 0x8d, 0x8d, 0x00, 0x8d, 0x8d, 0x8d, 0x00, 0x8d, 0x8d, 0x8d, 0x00, 0x8d, 0x8d, 0x8d, 0x00, 0x8d, 0x8d, 0x8d, 0x00, 0x8d, 0x8d, 0x8d, 0x00,
    0x8d, 0x8d, 0x8d, 0x00, 0x8d, 0x8d, 0x8d, 0x00, 0x8d, 0x8d, 0x8d, 0x00, 0x8d, 0x8d, 0x8d, 0x00, 0x8d, 0x8d, 0x8d, 0x00, 0x8d, 0x8d, 0x8d, 0x00, 0x8d, 0x8d, 0x8d, 0x00, 0x8d, 0x8d, 0x8d, 0x00,
    0x8d, 0x8d, 0x8d, 0x00, 0x8d, 0x8d, 0x8d, 0x00, 0x8d, 0x8d, 0x8d, 0x00, 0x8d, 0x8d, 0x8d, 0x00, 0x8d, 0x8d, 0x8d, 0x00, 0x8d, 0x8d, 0x8d, 0x00, 0x8d, 0x8d, 0x8d, 0x00, 0x8d, 0x8d, 0x8d, 0x00,
    0x8d, 0x8d, 0x8d, 0x00, 0x8d, 0x8d, 0x8d, 0x00, 0x8d, 0x8d, 0x8d, 0x00, 0x8d, 0x8d, 0x8d, 0x00, 0x8d, 0x8d, 0x8d, 0x00, 0x8d, 0x8d, 0x8d, 0x00, 0x8d, 0x8d, 0x8d, 0x00, 0x8d, 0x8d, 0x8d, 0x00,
    0x8d, 0x8d, 0x8d, 0x00, 0x8d, 0x8d, 0x8d, 0x00, 0x8d, 0x8d, 0x8d, 0x00, 0x8d, 0x8d, 0x8d, 0x09, 0x8d, 0x8d, 0x8d, 0x25, 0x8d, 0x8d, 0x8d, 0x4a, 0x8d, 0x8d, 0x8d, 0x73, 0x8d, 0x8d, 0x8d, 0x9a,
    0x8d, 0x8d, 0x8d, 0xbd, 0x8d, 0x8d, 0x8d, 0xd8, 0x8d, 0x8d, 0x8d, 0xed, 0x8d, 0x8d, 0x8d, 0xf9, 0x8d, 0x8d, 0x8d, 0xfe, 0x8d, 0x8d, 0x8d, 0xff, 0x8d, 0x8d, 0x8d, 0xff, 0x8d, 0x8d, 0x8d, 0xff,
    0x8d, 0x8d, 0x8d, 0xff, 0x8d, 0x8d, 0x8d, 0xff, 0x8d, 0x8d, 0x8d, 0xff, 0x8d, 0x8d, 0x8d, 0xff, 0x8d, 0x8d, 0x8d, 0xff, 0x8d, 0x8d, 0x8d, 0xff, 0x8d, 0x8d, 0x8d, 0xff, 0x8d, 0x8d, 0x8d, 0xff,
    0x8d, 0x8d, 0x8d, 0xff, 0x8d, 0x8d, 0x8d, 0xff, 0x8d, 0x8d, 0x8d, 0xff, 0x8d, 0x8d, 0x8d, 0xff, 0x8d, 0x8d, 0x8d, 0xff, 0x8d, 0x8d, 0x8d, 0xfe, 0x8d, 0x8d, 0x8d, 0xf9, 0x8d, 0x8d, 0x8d, 0xed,
    0x8d, 0x8d, 0x8d, 0xd8, 0x8d, 0x8d, 0x8d, 0xbd, 0x8d, 0x8d, 0x8d, 0x9a, 0x8d, 0x8d, 0x8d, 0x73, 0x8d, 0x8d, 0x8d, 0x4a, 0x8d, 0x8d, 0x8d, 0x25, 0x8d, 0x8d, 0x8d, 0x09, 0x8d, 0x8d, 0x8d, 0x00,
    0x8d, 0x8d, 0x8d, 0x00, 0x8d, 0x8d, 0x8d, 0x00, 0x8d, 0x8d, 0x8d, 0x00, 0x8d, 0x8d, 0x8d, 0x00, 0x8d, 0x8d, 0x8d, 0x00, 0x8d, 0x8d, 0x8d, 0x00, 0x8d, 0x8d, 0x8d, 0x00, 0x8d, 0x8d, 0x8d, 0x00,
    0x8d, 0x8d, 0x8d, 0x00, 0x8d, 0x8d, 0x8d, 0x00, 0x8d, 0x8d, 0x8d, 0x00, 0x8d, 0x8d, 0x8d, 0x00, 0x8d, 0x8d, 0x8d, 0x00, 0x8d, 0x8d, 0x8d, 0x00, 0x8d, 0x8d, 0x8d, 0x00, 0x8d, 0x8d, 0x8d, 0x00,
    0x8d, 0x8d, 0x8d, 0x00, 0x8d, 0x8d, 0x8d, 0x00, 0x8d, 0x8d, 0x8d, 0x00, 0x8d, 0x8d, 0x8d, 0x00, 0x8d, 0x8d, 0x8d, 0x00, 0x8d, 0x8d, 0x8d, 0x00, 0x8d, 0x8d, 0x8d, 0x00, 0x8d, 0x8d, 0x8d, 0x00,
    0x8d, 0x8d, 0x8d, 0x00, 0x8d, 0x8d, 0x8d, 0x00, 0x8d, 0x8d, 0x8d, 0x00, 0x8d, 0x8d, 0x8d, 0x00, 0x8d, 0x8d, 0x8d, 0x00, 0x8d, 0x8d, 0x8d, 0x00, 0x8d, 0x8d, 0x8d, 0x00, 0x8d, 0x8d, 0x8d, 0x00,
    0x8d, 0x8d, 0x8d, 0x00, 0x8d, 0x8d, 0x8d, 0x00, 0x8d, 0x8d, 0x8d, 0x00, 0x8d, 0x8d, 0x8d, 0x00, 0x8d, 0x8d, 0x8d, 0x00, 0x8d, 0x8d, 0x8d, 0x00, 0x8d, 0x8d, 0x8d, 0x00, 0x8d, 0x8d, 0x8d, 0x00,
    0x8d, 0x8d, 0x8d, 0x00, 0x8d, 0x8d, 0x8d, 0x00, 0x8d, 0x8d, 0x8d, 0x00, 0x8d, 0x8d, 0x8d, 0x00, 0x8d, 0x8d, 0x8d, 0x00, 0x8d, 0x8d, 0x8d, 0x00, 0x8d, 0x8d, 0x8d, 0x00, 0x8d, 0x8d, 0x8d, 0x00,
    0x8d, 0x8d, 0x8d, 0x00, 0x8d, 0x8d, 0x8d, 0x00, 0x8d, 0x8d, 0x8d, 0x00, 0x8d, 0x8d, 0x8d, 0x00, 0x8d, 0x8d, 0x8d, 0x00, 0x8d, 0x8d, 0x8d, 0x00, 0x8d, 0x8d, 0x8d, 0x00, 0x8d, 0x8d, 0x8d, 0x00,
    0x8d, 0x8d, 0x8d, 0x00, 0x8d, 0x8d, 0x8d, 0x00, 0x8d, 0x8d, 0x8d, 0x00, 0x8d, 0x8d, 0x8d, 0x00, 0x8d, 0x8d, 0x8d, 0x00, 0x8d, 0x8d, 0x8d, 0x00, 0x8d, 0x8d, 0x8d, 0x00, 0x8d, 0x8d, 0x8d, 0x00,
    0x8d, 0x8d, 0x8d, 0x00, 0x8d, 0x8d, 0x8d, 0x00, 0x8d, 0x8d, 0x8d, 0x00, 0x8d, 0x8d, 0x8d, 0x00, 0x8d, 0x8d, 0x8d, 0x00, 0x8d, 0x8d, 0x8d, 0x00, 0x8d, 0x8d, 0x8d, 0x00, 0x8d, 0x8d, 0x8d, 0x00,
    0x8d, 0x8d, 0x8d, 0x00, 0x8d, 0x8d, 0x8d, 0x00, 0x8d, 0x8d, 0x8d, 0x00, 0x8d, 0x8d, 0x8d, 0x00, 0x8d, 0x8d, 0x8d, 0x00, 0x8d, 0x8d, 0x8d, 0x00, 0x8d, 0x8d, 0x8d, 0x00, 0x8d, 0x8d, 0x8d, 0x00,
    0x8d, 0x8d, 0x8d, 0x00, 0x8d, 0x8d, 0x8d, 0x00, 0x8d, 0x8d, 0x8d, 0x00, 0x8d, 0x8d, 0x8d, 0x00, 0x8d, 0x8d, 0x8d, 0x00, 0x8d, 0x8d, 0x8d, 0x00, 0x8d, 0x8d, 0x8d, 0x16, 0x8d, 0x8d, 0x8d, 0x40,
    0x8d, 0x8d, 0x8d, 0x73, 0x8d, 0x8d, 0x8d, 0xa5, 0x8d, 0x8d, 0x8d, 0xd0, 0x8d, 0x8d, 0x8d, 0xee, 0x8d, 0x8d, 0x8d, 0xfd, 0x8d, 0x8d, 0x8d, 0xff, 0x8d, 0x8d, 0x8d, 0xff, 0x8d, 0x8d, 0x8d, 0xff,
    0x8d, 0x8d, 0x8d, 0xff, 0x8d, 0x8d, 0x8d, 0xff, 0x8d, 0x8d, 0x8d, 0xff, 0x8d, 0x8d, 0x8d, 0xff, 0x8d, 0x8d, 0x8d, 0xff, 0x8d, 0x8d, 0x8d, 0xff, 0x8d, 0x8d, 0x8d, 0xff, 0x8d, 0x8d, 0x8d, 0xff,
    0x8d, 0x8d, 0x8d, 0xff, 0x8d, 0x8d, 0x8d, 0xff, 0x8d, 0x8d, 0x8d, 0xff, 0x8d, 0x8d, 0x8d, 0xff, 0x8d, 0x8d, 0x8d, 0xff, 0x8d, 0x8d, 0x8d, 0xff, 0x8d, 0x8d, 0x8d, 0xff, 0x8d, 0x8d, 0x8d, 0xff,
    0x8d, 0x8d, 0x8d, 0xff, 0x8d, 0x8d, 0x8d, 0xff, 0x8d, 0x8d, 0x8d, 0xff, 0x8d, 0x8d, 0x8d, 0xff, 0x8d, 0x8d, 0x8d, 0xff, 0x8d, 0x8d, 0x8d, 0xff, 0x8d, 0x8d, 0x8d, 0xff, 0x8d, 0x8d, 0x8d, 0xff,
    0x8d, 0x8d, 0x8d, 0xff, 0x8d, 0x8d, 0x8d, 0xfd, 0x8d, 0x8d, 0x8d, 0xee, 0x8d, 0x8d, 0x8d, 0xd0, 0x8d, 0x8d, 0x8d, 0xa5, 0x8d, 0x8d, 0x8d, 0x73, 0x8d, 0x8d, 0x8d, 0x40, 0x8d, 0x8d, 0x8d, 0x16,
    0x8d, 0x8d, 0x8d, 0x00, 0x8d, 0x8d, 0x8d, 0x00, 0x8d, 0x8d, 0x8d, 0x00, 0x8d, 0x8d, 0x8d, 0x00, 0x8d, 0x8d, 0x8d, 0x00, 0x8d, 0x8d, 0x8d, 0x00, 0x8d, 0x8d, 0x8d, 0x00, 0x8d, 0x8d, 0x8d, 0x00,
    0x8d, 0x8d, 0x8d, 0x00, 0x8d, 0x8d, 0x8d, 0x00, 0x8d, 0x8d, 0x8d, 0x00, 0x8d, 0x8d, 0x8d, 0x00, 0x8d, 0x8d, 0x8d, 0x00, 0x8d, 0x8d, 0x8d, 0x00, 0x8d, 0x8d, 0x8d, 0x00, 0x8d, 0x8d, 0x8d, 0x00,
    0x8d, 0x8d, 0x8d, 0x00, 0x8d, 0x8d, 0x8d, 0x00, 0x8d, 0x8d, 0x8d, 0x00, 0x8d, 0x8d, 0x8d, 0x00, 0x8d, 0x8d, 0x8d, 0x00, 0x8d, 0x8d, 0x8d, 0x00, 0x8d, 0x8d, 0x8d, 0x00, 0x8d, 0x8d, 0x8d, 0x00,
    0x8d, 0x8d, 0x8d, 0x00, 0x8d, 0x8d, 0x8d, 0x00, 0x8d, 0x8d, 0x8d, 0x00, 0x8d, 0x8d, 0x8d, 0x00, 0x8d, 0x8d, 0x8d, 0x00, 0x8d, 0x8d, 0x8d, 0x00, 0x8d, 0x8d, 0x8d, 0x00, 0x8d, 0x8d, 0x8d, 0x00,
    0x8d, 0x8d, 0x8d, 0x00, 0x8d, 0x8d, 0x8d, 0x00, 0x8d, 0x8d, 0x8d, 0x00, 0x8d, 0x8d, 0x8d, 0x00, 0x8d, 0x8d, 0x8d, 0x00, 0x8d, 0x8d, 0x8d, 0x00, 0x8d, 0x8d, 0x8d, 0x00, 0x8d, 0x8d, 0x8d, 0x00,
    0x8d, 0x8d, 0x8d, 0x00, 0x8d, 0x8d, 0x8d, 0x00, 0x8d, 0x8d, 0x8d, 0x00, 0x8d, 0x8d, 0x8d, 0x00, 0x8d, 0x8d, 0x8d, 0x00, 0x8d, 0x8d, 0x8d, 0x00, 0x8d, 0x8d, 0x8d, 0x00, 0x8d, 0x8d, 0x8d, 0x00,
    0x8d, 0x8d, 0x8d, 0x00, 0x8d, 0x8d, 0x8d, 0x00, 0x8d, 0x8d, 0x8d, 0x00, 0x8d, 0x8d, 0x8d, 0x00, 0x8d, 0x8d, 0x8d, 0x00, 0x8d, 0x8d, 0x8d, 0x00, 0x8d, 0x8d, 0x8d, 0x00, 0x8d, 0x8d, 0x8d, 0x00,
    0x8d, 0x8d, 0x8d, 0x00, 0x8d, 0x8d, 0x8d, 0x00, 0x8d, 0x8d, 0x8d, 0x00, 0x8d, 0x8d, 0x8d, 0x00, 0x8d, 0x8d, 0x8d, 0x00, 0x8d, 0x8d, 0x8d, 0x00, 0x8d, 0x8d, 0x8d, 0x00, 0x8d, 0x8d, 0x8d, 0x00,
    0x8d, 0x8d, 0x8d, 0x00, 0x8d, 0x8d, 0x8d, 0x00, 0x8d, 0x8d, 0x8d, 0x00, 0x8d, 0x8d, 0x8d, 0x00, 0x8d, 0x8d, 0x8d, 0x00, 0x8d, 0x8d, 0x8d, 0x00, 0x8d, 0x8d, 0x8d, 0x00, 0x8d, 0x8d, 0x8d, 0x00,
    0x8d, 0x8d, 0x8d, 0x00, 0x8d, 0x8d, 0x8d, 0x00, 0x8d, 0x8d, 0x8d, 0x00, 0x8d, 0x8d, 0x8d, 0x00, 0x8d, 0x8d, 0x8d, 0x00, 0x8d, 0x8d, 0x8d, 0x00, 0x8d, 0x8d, 0x8d, 0x00, 0x8d, 0x8d, 0x8d, 0x00,
    0x8d, 0x8d, 0x8d, 0x00, 0x8d, 0x8d, 0x8d, 0x14, 0x8d, 0x8d, 0x8d, 0x45, 0x8d, 0x8d, 0x8d, 0x81, 0x8d, 0x8d, 0x8d, 0xba, 0x8d, 0x8d, 0x8d, 0xe6, 0x8d, 0x8d, 0x8d, 0xfd, 0x8d, 0x8d, 0x8d, 0xff,
    0x8d, 0x8d, 0x8d, 0xff, 0x8d, 0x8d, 0x8d, 0xff, 0x8d, 0x8d, 0x8d, 0xff, 0x8d, 0x8d, 0x8d, 0xff, 0x8d, 0x8d, 0x8d, 0xff, 0x8d, 0x8d, 0x8d, 0xff, 0x8d, 0x8d, 0x8d, 0xff, 0x8d, 0x8d, 0x8d, 0xff,
    0x8d, 0x8d, 0x8d, 0xff, 0x8d, 0x8d, 0x8d, 0xff, 0x8d, 0x8d, 0x8d, 0xff, 0x8d, 0x8d, 0x8d, 0xff, 0x8d, 0x8d, 0x8d, 0xff, 0x8d, 0x8d, 0x8d, 0xff, 0x8d, 0x8d, 0x8d, 0xff, 0x8d, 0x8d, 0x8d, 0xff,
    0x8d, 0x8d, 0x8d, 0xff, 0x8d, 0x8d, 0x8d, 0xff, 0x8d, 0x8d, 0x8d, 0xff, 0x8d, 0x8d, 0x8d, 0xff, 0x8d, 0x8d, 0x8d, 0xff, 0x8d, 0x8d, 0x8d, 0xff, 0x8d, 0x8d, 0x8d, 0xff, 0x8d, 0x8d, 0x8d, 0xff,
    0x8d, 0x8d, 0x8d, 0xff, 0x8d, 0x8d, 0x8d, 0xff, 0x8d, 0x8d, 0x8d, 0xff, 0x8d, 0x8d, 0x8d, 0xff, 0x8d, 0x8d, 0x8d, 0xff, 0x8d, 0x8d, 0x8d, 0xff, 0x8d, 0x8d, 0x8d, 0xff, 0x8d, 0x8d, 0x8d, 0xff,
    0x8d, 0x8d, 0x8d, 0xff, 0x8d, 0x8d, 0x8d, 0xff, 0x8d, 0x8d, 0x8d, 0xff, 0x8d, 0x8d, 0x8d, 0xfd, 0x8d, 0x8d, 0x8d, 0xe6, 0x8d, 0x8d, 0x8d, 0xba, 0x8d, 0x8d, 0x8d, 0x81, 0x8d, 0x8d, 0x8d, 0x45,
    0x8d, 0x8d, 0x8d, 0x14, 0x8d, 0x8d, 0x8d, 0x00, 0x8d, 0x8d, 0x8d, 0x00, 0x8d, 0x8d, 0x8d, 0x00, 0x8d, 0x8d, 0x8d, 0x00, 0x8d, 0x8d, 0x8d, 0x00, 0x8d, 0x8d, 0x8d, 0x00, 0x8d, 0x8d, 0x8d, 0x00,
    0x8d, 0x8d, 0x8d, 0x00, 0x8d, 0x8d, 0x8d, 0x00, 0x8d, 0x8d, 0x8d, 0x00, 0x8d, 0x8d, 0x8d, 0x00, 0x8d, 0x8d, 0x8d, 0x00, 0x8d, 0x8d, 0x8d, 0x00, 0x8d, 0x8d, 0x8d, 0x00, 0x8d, 0x8d, 0x8d, 0x00,
    0x8d, 0x8d, 0x8d, 0x00, 0x8d, 0x8d, 0x8d, 0x00, 0x8d, 0x8d, 0x8d, 0x00, 0x8d, 0x8d, 0x8d, 0x00, 0x8d, 0x8d, 0x8d, 0x00, 0x8d, 0x8d, 0x8d, 0x00, 0x8d, 0x8d, 0x8d, 0x00, 0x8d, 0x8d, 0x8d, 0x00,
    0x8d, 0x8d, 0x8d, 0x00, 0x8d, 0x8d, 0x8d, 0x00, 0x8d, 0x8d, 0x8d, 0x00, 0x8d, 0x8d, 0x8d, 0x00, 0x8d, 0x8d, 0x8d, 0x00, 0x8d, 0x8d, 0x8d, 0x00, 0x8d, 0x8d, 0x8d, 0x00, 0x8d, 0x8d, 0x8d, 0x00,
    0x8d, 0x8d, 0x8d, 0x00, 0x8d, 0x8d, 0x8d, 0x00, 0x8d, 0x8d, 0x8d, 0x00, 0x8d, 0x8d, 0x8d, 0x00, 0x8d, 0x8d, 0x8d, 0x00, 0x8d, 0x8d, 0x8d, 0x00, 0x8d, 0x8d, 0x8d, 0x00, 0x8d, 0x8d, 0x8d, 0x00,
    0x8d, 0x8d, 0x8d, 0x00, 0x8d, 0x8d, 0x8d, 0x00, 0x8d, 0x8d, 0x8d, 0x00, 0x8d, 0x8d, 0x8d, 0x00, 0x8d, 0x8d, 0x8d, 0x00, 0x8d, 0x8d, 0x8d, 0x00, 0x8d, 0x8d, 0x8d, 0x00, 0x8d, 0x8d, 0x8d, 0x00,
    0x8d, 0x8d, 0x8d, 0x00, 0x8d, 0x8d, 0x8d, 0x00, 0x8d, 0x8d, 0x8d, 0x00, 0x8d, 0x8d, 0x8d, 0x00, 0x8d, 0x8d, 0x8d, 0x00, 0x8d, 0x8d, 0x8d, 0x00, 0x8d, 0x8d, 0x8d, 0x00, 0x8d, 0x8d, 0x8d, 0x00,
    0x8d, 0x8d, 0x8d, 0x00, 0x8d, 0x8d, 0x8d, 0x00, 0x8d, 0x8d, 0x8d, 0x00, 0x8d, 0x8d, 0x8d, 0x00, 0x8d, 0x8d, 0x8d, 0x00, 0x8d, 0x8d, 0x8d, 0x00, 0x8d, 0x8d, 0x8d, 0x00, 0x8d, 0x8d, 0x8d, 0x00,
    0x8d, 0x8d, 0x8d, 0x00, 0x8d, 0x8d, 0x8d, 0x00, 0x8d, 0x8d, 0x8d, 0x00, 0x8d, 0x8d, 0x8d, 0x00, 0x8d, 0x8d, 0x8d, 0x00, 0x8d, 0x8d, 0x8d, 0x00, 0x8d, 0x8d, 0x8d, 0x00, 0x8d, 0x8d, 0x8d, 0x00,
    0x8d, 0x8d, 0x8d, 0x00, 0x8d, 0x8d, 0x8d, 0x00, 0x8d, 0x8d, 0x8d, 0x00, 0x8d, 0x8d, 0x8d, 0x00, 0x8d, 0x8d, 0x8d, 0x06, 0x8d, 0x8d, 0x8d, 0x32, 0x8d, 0x8d, 0x8d, 0x73, 0x8d, 0x8d, 0x8d, 0xb5,
    0x8d, 0x8d, 0x8d, 0xe8, 0x8d, 0x8d, 0x8d, 0xfe, 0x8d, 0x8d, 0x8d, 0xff, 0x8d, 0x8d, 0x8d, 0xff, 0x8d, 0x8d, 0x8d, 0xff, 0x8d, 0x8d, 0x8d, 0xff, 0x8d, 0x8d, 0x8d, 0xff, 0x8d, 0x8d, 0x8d, 0xff,
    0x8d, 0x8d, 0x8d, 0xff, 0x8d, 0x8d, 0x8d, 0xff, 0x8d, 0x8d, 0x8d, 0xff, 0x8d, 0x8d, 0x8d, 0xff, 0x8d, 0x8d, 0x8d, 0xff, 0x8d, 0x8d, 0x8d, 0xff, 0x8d, 0x8d, 0x8d, 0xff, 0x8d, 0x8d, 0x8d, 0xff,
    0x8d, 0x8d, 0x8d, 0xff, 0x8d, 0x8d, 0x8d, 0xff, 0x8d, 0x8d, 0x8d, 0xff, 0x8d, 0x8d, 0x8d, 0xff, 0x8d, 0x8d, 0x8d, 0xff, 0x8d, 0x8d, 0x8d, 0xff, 0x8d, 0x8d, 0x8d, 0xff, 0x8d, 0x8d, 0x8d, 0xff,
    0x8d, 0x8d, 0x8d, 0xff, 0x8d, 0x8d, 0x8d, 0xff, 0x8d, 0x8d, 0x8d, 0xff, 0x8d, 0x8d, 0x8d, 0xff, 0x8d, 0x8d, 0x8d, 0xff, 0x8d, 0x8d, 0x8d, 0xff, 0x8d, 0x8d, 0x8d, 0xff, 0x8d, 0x8d, 0x8d, 0xff,
    0x8d, 0x8d, 0x8d, 0xff, 0x8d, 0x8d, 0x8d, 0xff, 0x8d, 0x8d, 0x8d, 0xff, 0x8d, 0x8d, 0x8d, 0xff, 0x8d, 0x8d, 0x8d, 0xff, 0x8d, 0x8d, 0x8d, 0xff, 0x8d, 0x8d, 0x8d, 0xff, 0x8d, 0x8d, 0x8d, 0xff,
    0x8d, 0x8d, 0x8d, 0xff, 0x8d, 0x8d, 0x8d, 0xff, 0x8d, 0x8d, 0x8d, 0xff, 0x8d, 0x8d, 0x8d, 0xff, 0x8d, 0x8d, 0x8d, 0xfe, 0x8d, 0x8d, 0x8d, 0xe8, 0x8d, 0x8d, 0x8d, 0xb5, 0x8d, 0x8d, 0x8d, 0x73,
    0x8d, 0x8d, 0x8d, 0x32, 0x8d, 0x8d, 0x8d, 0x06, 0x8d, 0x8d, 0x8d, 0x00, 0x8d, 0x8d, 0x8d, 0x00, 0x8d, 0x8d, 0x8d, 0x00, 0x8d, 0x8d, 0x8d, 0x00, 0x8d, 0x8d, 0x8d, 0x00, 0x8d, 0x8d, 0x8d, 0x00,
    0x8d, 0x8d, 0x8d, 0x00, 0x8d, 0x8d, 0x8d, 0x00, 0x8d, 0x8d, 0x8d, 0x00, 0x8d, 0x8d, 0x8d, 0x00, 0x8d, 0x8d, 0x8d, 0x00, 0x8d, 0x8d, 0x8d, 0x00, 0x8d, 0x8d, 0x8d, 0x00, 0x8d, 0x8d, 0x8d, 0x00,
    0x8d, 0x8d, 0x8d, 0x00, 0x8d, 0x8d, 0x8d, 0x00, 0x8d, 0x8d, 0x8d, 0x00, 0x8d, 0x8d, 0x8d, 0x00, 0x8d, 0x8d, 0x8d, 0x00, 0x8d, 0x8d, 0x8d, 0x00, 0x8d, 0x8d, 0x8d, 0x00, 0x8d, 0x8d, 0x8d, 0x00,
    0x8d, 0x8d, 0x8d, 0x00, 0x8d, 0x8d, 0x8d, 0x00, 0x8d, 0x8d, 0x8d, 0x00, 0x8d, 0x8d, 0x8d, 0x00, 0x8d, 0x8d, 0x8d, 0x00, 0x8d, 0x8d, 0x8d, 0x00, 0x8d, 0x8d, 0x8d, 0x00, 0x8d, 0x8d, 0x8d, 0x00,
    0x8d, 0x8d, 0x8d, 0x00, 0x8d, 0x8d, 0x8d, 0x00, 0x8d, 0x8d, 0x8d, 0x00, 0x8d, 0x8d, 0x8d, 0x00, 0x8d, 0x8d, 0x8d, 0x00, 0x8d, 0x8d, 0x8d, 0x00, 0x8d, 0x8d, 0x8d, 0x00, 0x8d, 0x8d, 0x8d, 0x00,
    0x8d, 0x8d, 0x8d, 0x00, 0x8d, 0x8d, 0x8d, 0x00, 0x8d, 0x8d, 0x8d, 0x00, 0x8d, 0x8d, 0x8d, 0x00, 0x8d, 0x8d, 0x8d, 0x00, 0x8d, 0x8d, 0x8d, 0x00, 0x8d, 0x8d, 0x8d, 0x00, 0x8d, 0x8d, 0x8d, 0x00,
    0x8d, 0x8d, 0x8d, 0x00, 0x8d, 0x8d, 0x8d, 0x00, 0x8d, 0x8d, 0x8d, 0x00, 0x8d, 0x8d, 0x8d, 0x00, 0x8d, 0x8d, 0x8d, 0x00, 0x8d, 0x8d, 0x8d, 0x00, 0x8d, 0x8d, 0x8d, 0x00, 0x8d, 0x8d, 0x8d, 0x00,
    0x8d, 0x8d, 0x8d, 0x00, 0x8d, 0x8d, 0x8d, 0x00, 0x8d, 0x8d, 0x8d, 0x00, 0x8d, 0x8d, 0x8d, 0x00, 0x8d, 0x8d, 0x8d, 0x00, 0x8d, 0x8d, 0x8d, 0x00, 0x8d, 0x8d, 0x8d, 0x00, 0x8d, 0x8d, 0x8d, 0x00,
    0x8d, 0x8d, 0x8d, 0x00, 0x8d, 0x8d, 0x8d, 0x00, 0x8d, 0x8d, 0x8d, 0x00, 0x8d, 0x8d, 0x8d, 0x00, 0x8d, 0x8d, 0x8d, 0x00, 0x8d, 0x8d, 0x8d, 0x00, 0x8d, 0x8d, 0x8d, 0x00, 0x8d, 0x8d, 0x8d, 0x00,
    0x8d, 0x8d, 0x8d, 0x10, 0x8d, 0x8d, 0x8d, 0x4a, 0x8d, 0x8d, 0x8d, 0x95, 0x8d, 0x8d, 0x8d, 0xd6, 0x8d, 0x8d, 0x8d, 0xfb, 0x8d, 0x8d, 0x8d, 0xff, 0x8d, 0x8d, 0x8d, 0xff, 0x8d, 0x8d, 0x8d, 0xff,
    0x8d, 0x8d, 0x8d, 0xff, 0x8d, 0x8d, 0x8d, 0xff, 0x8d, 0x8d, 0x8d, 0xff, 0x8d, 0x8d, 0x8d, 0xff, 0x8d, 0x8d, 0x8d, 0xff, 0x8d, 0x8d, 0x8d, 0xff, 0x8d, 0x8d, 0x8d, 0xff, 0x8d, 0x8d, 0x8d, 0xff,
    0x8d, 0x8d, 0x8d, 0xff, 0x8d, 0x8d, 0x8d, 0xff, 0x8d, 0x8d, 0x8d, 0xff, 0x8d, 0x8d, 0x8d, 0xff, 0x8d, 0x8d, 0x8d, 0xff, 0x8d, 0x8d, 0x8d, 0xff, 0x8d, 0x8d, 0x8d, 0xff, 0x8d, 0x8d, 0x8d, 0xff,
    0x8d, 0x8d, 0x8d, 0xff, 0x8d, 0x8d, 0x8d, 0xff, 0x8d, 0x8d, 0x8d, 0xff, 0x8d, 0x8d, 0x8d, 0xff, 0x8d, 0x8d, 0x8d, 0xff, 0x8d, 0x8d, 0x8d, 0xff, 0x8d, 0x8d, 0x8d, 0xff, 0x8d, 0x8d, 0x8d, 0xff,
    0x8d, 0x8d, 0x8d, 0xff, 0x8d, 0x8d, 0x8d, 0xff, 0x8d, 0x8d, 0x8d, 0xff, 0x8d, 0x8d, 0x8d, 0xff, 0x8d, 0x8d, 0x8d, 0xff, 0x8d, 0x8d, 0x8d, 0xff, 0x8d, 0x8d, 0x8d, 0xff, 0x8d, 0x8d, 0x8d, 0xff,
    0x8d, 0x8d, 0x8d, 0xff, 0x8d, 0x8d, 0x8d, 0xff, 0x8d, 0x8d, 0x8d, 0xff, 0x8d, 0x8d, 0x8d, 0xff, 0x8d, 0x8d, 0x8d, 0xff, 0x8d, 0x8d, 0x8d, 0xff, 0x8d, 0x8d, 0x8d, 0xff, 0x8d, 0x8d, 0x8d, 0xff,
    0x8d, 0x8d, 0x8d, 0xff, 0x8d, 0x8d, 0x8d, 0xff, 0x8d, 0x8d, 0x8d, 0xff, 0x8d, 0x8d, 0x8d, 0xff, 0x8d, 0x8d, 0x8d, 0xff, 0x8d, 0x8d, 0x8d, 0xfb, 0x8d, 0x8d, 0x8d, 0xd6, 0x8d, 0x8d, 0x8d, 0x95,
    0x8d, 0x8d, 0x8d, 0x4a, 0x8d, 0x8d, 0x8d, 0x10, 0x8d, 0x8d, 0x8d, 0x00, 0x8d, 0x8d, 0x8d, 0x00, 0x8d, 0x8d, 0x8d, 0x00, 0x8d, 0x8d, 0x8d, 0x00, 0x8d, 0x8d, 0x8d, 0x00, 0x8d, 0x8d, 0x8d, 0x00,
    0x8d, 0x8d, 0x8d, 0x00, 0x8d, 0x8d, 0x8d, 0x00, 0x8d, 0x8d, 0x8d, 0x00, 0x8d, 0x8d, 0x8d, 0x00, 0x8d, 0x8d, 0x8d, 0x00, 0x8d, 0x8d, 0x8d, 0x00, 0x8d, 0x8d, 0x8d, 0x00, 0x8d, 0x8d, 0x8d, 0x00,
    0x8d, 0x8d, 0x8d, 0x00, 0x8d, 0x8d, 0x8d, 0x00, 0x8d, 0x8d, 0x8d, 0x00, 0x8d, 0x8d, 0x8d, 0x00, 0x8d, 0x8d, 0x8d, 0x00, 0x8d, 0x8d, 0x8d, 0x00, 0x8d, 0x8d, 0x8d, 0x00, 0x8d, 0x8d, 0x8d, 0x00,
    0x8d, 0x8d, 0x8d, 0x00, 0x8d, 0x8d, 0x8d, 0x00, 0x8d, 0x8d, 0x8d, 0x00, 0x8d, 0x8d, 0x8d, 0x00, 0x8d, 0x8d, 0x8d, 0x00, 0x8d, 0x8d, 0x8d, 0x00, 0x8d, 0x8d, 0x8d, 0x00, 0x8d, 0x8d, 0x8d, 0x00,
    0x8d, 0x8d, 0x8d, 0x00, 0x8d, 0x8d, 0x8d, 0x00, 0x8d, 0x8d, 0x8d, 0x00, 0x8d, 0x8d, 0x8d, 0x00, 0x8d, 0x8d, 0x8d, 0x00, 0x8d, 0x8d, 0x8d, 0x00, 0x8d, 0x8d, 0x8d, 0x00, 0x8d, 0x8d, 0x8d, 0x00,
    0x8d, 0x8d, 0x8d, 0x00, 0x8d, 0x8d, 0x8d, 0x00, 0x8d, 0x8d, 0x8d, 0x00, 0x8d, 0x8d, 0x8d, 0x00, 0x8d, 0x8d, 0x8d, 0x00, 0x8d, 0x8d, 0x8d, 0x00, 0x8d, 0x8d, 0x8d, 0x00, 0x8d, 0x8d, 0x8d, 0x00,
    0x8d, 0x8d, 0x8d, 0x00, 0x8d, 0x8d, 0x8d, 0x00, 0x8d, 0x8d, 0x8d, 0x00, 0x8d, 0x8d, 0x8d, 0x00, 0x8d, 0x8d, 0x8d, 0x00, 0x8d, 0x8d, 0x8d, 0x00, 0x8d, 0x8d, 0x8d, 0x00, 0x8d, 0x8d, 0x8d, 0x00,
    0x8d, 0x8d, 0x8d, 0x00, 0x8d, 0x8d, 0x8d, 0x00, 0x8d, 0x8d, 0x8d, 0x00, 0x8d, 0x8d, 0x8d, 0x00, 0x8d, 0x8d, 0x8d, 0x00, 0x8d, 0x8d, 0x8d, 0x00, 0x8d, 0x8d, 0x8d, 0x00, 0x8d, 0x8d, 0x8d, 0x00,
    0x8d, 0x8d, 0x8d, 0x00, 0x8d, 0x8d, 0x8d, 0x00, 0x8d, 0x8d, 0x8d, 0x00, 0x8d, 0x8d, 0x8d, 0x00, 0x8d, 0x8d, 0x8d, 0x14, 0x8d, 0x8d, 0x8d, 0x58, 0x8d, 0x8d, 0x8d, 0xa8, 0x8d, 0x8d, 0x8d, 0xe8,
    0x8d, 0x8d, 0x8d, 0xff, 0x8d, 0x8d, 0x8d, 0xff, 0x8d, 0x8d, 0x8d, 0xff, 0x8d, 0x8d, 0x8d, 0xff, 0x8d, 0x8d, 0x8d, 0xff, 0x8d, 0x8d, 0x8d, 0xff, 0x8d, 0x8d, 0x8d, 0xff, 0x8d, 0x8d, 0x8d, 0xff,
    0x8d, 0x8d, 0x8d, 0xff, 0x8d, 0x8d, 0x8d, 0xff, 0x8d, 0x8d, 0x8d, 0xff, 0x8d, 0x8d, 0x8d, 0xff, 0x8d, 0x8d, 0x8d, 0xff, 0x8d, 0x8d, 0x8d, 0xff, 0x8d, 0x8d, 0x8d, 0xff, 0x8d, 0x8d, 0x8d, 0xff,
    0x8d, 0x8d, 0x8d, 0xff, 0x8d, 0x8d, 0x8d, 0xff, 0x8d, 0x8d, 0x8d, 0xff, 0x8d, 0x8d, 0x8d, 0xff, 0x8d, 0x8d, 0x8d, 0xff, 0x8d, 0x8d, 0x8d, 0xff, 0x8d, 0x8d, 0x8d, 0xff, 0x8d, 0x8d, 0x8d, 0xff,
    0x8d, 0x8d, 0x8d, 0xff, 0x8d, 0x8d, 0x8d, 0xff, 0x8d, 0x8d, 0x8d, 0xff, 0x8d, 0x8d, 0x8d, 0xff, 0x8d, 0x8d, 0x8d, 0xff, 0x8d, 0x8d, 0x8d, 0xff, 0x8d, 0x8d, 0x8d, 0xff, 0x8d, 0x8d, 0x8d, 0xff,
    0x8d, 0x8d, 0x8d, 0xff, 0x8d, 0x8d, 0x8d, 0xff, 0x8d, 0x8d, 0x8d, 0xff, 0x8d, 0x8d, 0x8d, 0xff, 0x8d, 0x8d, 0x8d, 0xff, 0x8d, 0x8d, 0x8d, 0xff, 0x8d, 0x8d, 0x8d, 0xff, 0x8d, 0x8d, 0x8d, 0xff,
    0x8d, 0x8d, 0x8d, 0xff, 0x8d, 0x8d, 0x8d, 0xff, 0x8d, 0x8d, 0x8d, 0xff, 0x8d, 0x8d, 0x8d, 0xff, 0x8d, 0x8d, 0x8d, 0xff, 0x8d, 0x8d, 0x8d, 0xff, 0x8d, 0x8d, 0x8d, 0xff, 0x8d, 0x8d, 0x8d, 0xff,
    0x8d, 0x8d, 0x8d, 0xff, 0x8d, 0x8d, 0x8d, 0xff, 0x8d, 0x8d, 0x8d, 0xff, 0x8d, 0x8d, 0x8d, 0xff, 0x8d, 0x8d, 0x8d, 0xff, 0x8d, 0x8d, 0x8d, 0xff, 0x8d, 0x8d, 0x8d, 0xe8, 0x8d, 0x8d, 0x8d, 0xa8,
    0x8d, 0x8d, 0x8d, 0x58, 0x8d, 0x8d, 0x8d, 0x14, 0x8d, 0x8d, 0x8d, 0x00, 0x8d, 0x8d, 0x8d, 0x00, 0x8d, 0x8d, 0x8d, 0x00, 0x8d, 0x8d, 0x8d, 0x00, 0x8d, 0x8d, 0x8d, 0x00, 0x8d, 0x8d, 0x8d, 0x00,
    0x8d, 0x8d, 0x8d, 0x00, 0x8d, 0x8d, 0x8d, 0x00, 0x8d, 0x8d, 0x8d, 0x00, 0x8d, 0x8d, 0x8d, 0x00, 0x8d, 0x8d, 0x8d, 0x00, 0x8d, 0x8d, 0x8d, 0x00, 0x8d, 0x8d, 0x8d, 0x00, 0x8d, 0x8d, 0x8d, 0x00,
    0x8d, 0x8d, 0x8d, 0x00, 0x8d, 0x8d, 0x8d, 0x00, 0x8d, 0x8d, 0x8d, 0x00, 0x8d, 0x8d, 0x8d, 0x00, 0x8d, 0x8d, 0x8d, 0x00, 0x8d, 0x8d, 0x8d, 0x00, 0x8d, 0x8d, 0x8d, 0x00, 0x8d, 0x8d, 0x8d, 0x00,
    0x8d, 0x8d, 0x8d, 0x00, 0x8d, 0x8d, 0x8d, 0x00, 0x8d, 0x8d, 0x8d, 0x00, 0x8d, 0x8d, 0x8d, 0x00, 0x8d, 0x8d, 0x8d, 0x00, 0x8d, 0x8d, 0x8d, 0x00, 0x8d, 0x8d, 0x8d, 0x00, 0x8d, 0x8d, 0x8d, 0x00,
    0x8d, 0x8d, 0x8d, 0x00, 0x8d, 0x8d, 0x8d, 0x00, 0x8d, 0x8d, 0x8d, 0x00, 0x8d, 0x8d, 0x8d, 0x00, 0x8d, 0x8d, 0x8d, 0x00, 0x8d, 0x8d, 0x8d, 0x00, 0x8d, 0x8d, 0x8d, 0x00, 0x8d, 0x8d, 0x8d, 0x00,
    0x8d, 0x8d, 0x8d, 0x00, 0x8d, 0x8d, 0x8d, 0x00, 0x8d, 0x8d, 0x8d, 0x00, 0x8d, 0x8d, 0x8d, 0x00, 0x8d, 0x8d, 0x8d, 0x00, 0x8d, 0x8d, 0x8d, 0x00, 0x8d, 0x8d, 0x8d, 0x00, 0x8d, 0x8d, 0x8d, 0x00,
    0x8d, 0x8d, 0x8d, 0x00, 0x8d, 0x8d, 0x8d, 0x00, 0x8d, 0x8d, 0x8d, 0x00, 0x8d, 0x8d, 0x8d, 0x00, 0x8d, 0x8d, 0x8d, 0x00, 0x8d, 0x8d, 0x8d, 0x00, 0x8d, 0x8d, 0x8d, 0x00, 0x8d, 0x8d, 0x8d, 0x00,
    0x8d, 0x8d, 0x8d, 0x00, 0x8d, 0x8d, 0x8d, 0x00, 0x8d, 0x8d, 0x8d, 0x00, 0x8d, 0x8d, 0x8d, 0x00, 0x8d, 0x8d, 0x8d, 0x00, 0x8d, 0x8d, 0x8d, 0x00, 0x8d, 0x8d, 0x8d, 0x00, 0x8d, 0x8d, 0x8d, 0x00,
    0x8d, 0x8d, 0x8d, 0x11, 0x8d, 0x8d, 0x8d, 0x58, 0x8d, 0x8d, 0x8d, 0xad, 0x8d, 0x8d, 0x8d, 0xee, 0x8d, 0x8d, 0x8d, 0xff, 0x8d, 0x8d, 0x8d, 0xff, 0x8d, 0x8d, 0x8d, 0xff, 0x8d, 0x8d, 0x8d, 0xff,
    0x8d, 0x8d, 0x8d, 0xff, 0x8d, 0x8d, 0x8d, 0xff, 0x8d, 0x8d, 0x8d, 0xff, 0x8d, 0x8d, 0x8d, 0xff, 0x8d, 0x8d, 0x8d, 0xff, 0x8d, 0x8d, 0x8d, 0xff, 0x8d, 0x8d, 0x8d, 0xff, 0x8d, 0x8d, 0x8d, 0xff,
    0x8d, 0x8d, 0x8d, 0xff, 0x8d, 0x8d, 0x8d, 0xff, 0x8d, 0x8d, 0x8d, 0xff, 0x8d, 0x8d, 0x8d, 0xff, 0x8d, 0x8d, 0x8d, 0xff, 0x8d, 0x8d, 0x8d, 0xff, 0x8d, 0x8d, 0x8d, 0xff, 0x8d, 0x8d, 0x8d, 0xff,
    0x8d, 0x8d, 0x8d, 0xff, 0x8d, 0x8d, 0x8d, 0xff, 0x8d, 0x8d, 0x8d, 0xff, 0x8d, 0x8d, 0x8d, 0xff, 0x8d, 0x8d, 0x8d, 0xff, 0x8d, 0x8d, 0x8d, 0xff, 0x8d, 0x8d, 0x8d, 0xff, 0x8d, 0x8d, 0x8d, 0xff,
    0x8d, 0x8d, 0x8d, 0xff, 0x8d, 0x8d, 0x8d, 0xff, 0x8d, 0x8d, 0x8d, 0xff, 0x8d, 0x8d, 0x8d, 0xff, 0x8d, 0x8d, 0x8d, 0xff, 0x8d, 0x8d, 0x8d, 0xff, 0x8d, 0x8d, 0x8d, 0xff, 0x8d, 0x8d, 0x8d, 0xff,
    0x8d, 0x8d, 0x8d, 0xff, 0x8d, 0x8d, 0x8d, 0xff, 0x8d, 0x8d, 0x8d, 0xff, 0x8d, 0x8d, 0x8d, 0xff, 0x8d, 0x8d, 0x8d, 0xff, 0x8d, 0x8d, 0x8d, 0xff, 0x8d, 0x8d, 0x8d, 0xff, 0x8d, 0x8d, 0x8d, 0xff,
    0x8d, 0x8d, 0x8d, 0xff, 0x8d, 0x8d, 0x8d, 0xff, 0x8d, 0x8d, 0x8d, 0xff, 0x8d, 0x8d, 0x8d, 0xff, 0x8d, 0x8d, 0x8d, 0xff, 0x8d, 0x8d, 0x8d, 0xff, 0x8d, 0x8d, 0x8d, 0xff, 0x8d, 0x8d, 0x8d, 0xff,
    0x8d, 0x8d, 0x8d, 0xff, 0x8d, 0x8d, 0x8d, 0xff, 0x8d, 0x8d, 0x8d, 0xff, 0x8d, 0x8d, 0x8d, 0xff, 0x8d, 0x8d, 0x8d, 0xff, 0x8d, 0x8d, 0x8d, 0xff, 0x8d, 0x8d, 0x8d, 0xee, 0x8d, 0x8d, 0x8d, 0xad,
    0x8d, 0x8d, 0x8d, 0x58, 0x8d, 0x8d, 0x8d, 0x11, 0x8d, 0x8d, 0x8d, 0x00, 0x8d, 0x8d, 0x8d, 0x00, 0x8d, 0x8d, 0x8d, 0x00, 0x8d, 0x8d, 0x8d, 0x00, 0x8d, 0x8d, 0x8d, 0x00, 0x8d, 0x8d, 0x8d, 0x00,
    0x8d, 0x8d, 0x8d, 0x00, 0x8d, 0x8d, 0x8d, 0x00, 0x8d, 0x8d, 0x8d, 0x00, 0x8d, 0x8d, 0x8d, 0x00, 0x8d, 0x8d, 0x8d, 0x00, 0x8d, 0x8d, 0x8d, 0x00, 0x8d, 0x8d, 0x8d, 0x00, 0x8d, 0x8d, 0x8d, 0x00,
    0x8d, 0x8d, 0x8d, 0x00, 0x8d, 0x8d, 0x8d, 0x00, 0x8d, 0x8d, 0x8d, 0x00, 0x8d, 0x8d, 0x8d, 0x00, 0x8d, 0x8d, 0x8d, 0x00, 0x8d, 0x8d, 0x8d, 0x00, 0x8d, 0x8d, 0x8d, 0x00, 0x8d, 0x8d, 0x8d, 0x00,
    0x8d, 0x8d, 0x8d, 0x00, 0x8d, 0x8d, 0x8d, 0x00, 0x8d, 0x8d, 0x8d, 0x00, 0x8d, 0x8d, 0x8d, 0x00, 0x8d, 0x8d, 0x8d, 0x00, 0x8d, 0x8d, 0x8d, 0x00, 0x8d, 0x8d, 0x8d, 0x00, 0x8d, 0x8d, 0x8d, 0x00,
    0x8d, 0x8d, 0x8d, 0x00, 0x8d, 0x8d, 0x8d, 0x00, 0x8d, 0x8d, 0x8d, 0x00, 0x8d, 0x8d, 0x8d, 0x00, 0x8d, 0x8d, 0x8d, 0x00, 0x8d, 0x8d, 0x8d, 0x00, 0x8d, 0x8d, 0x8d, 0x00, 0x8d, 0x8d, 0x8d, 0x00,
    0x8d, 0x8d, 0x8d, 0x00, 0x8d, 0x8d, 0x8d, 0x00, 0x8d, 0x8d, 0x8d, 0x00, 0x8d, 0x8d, 0x8d, 0x00, 0x8d, 0x8d, 0x8d, 0x00, 0x8d, 0x8d, 0x8d, 0x00, 0x8d, 0x8d, 0x8d, 0x00, 0x8d, 0x8d, 0x8d, 0x00,
    0x8d, 0x8d, 0x8d, 0x00, 0x8d, 0x8d, 0x8d, 0x00, 0x8d, 0x8d, 0x8d, 0x00, 0x8d, 0x8d, 0x8d, 0x00, 0x8d, 0x8d, 0x8d, 0x00, 0x8d, 0x8d, 0x8d, 0x00, 0x8d, 0x8d, 0x8d, 0x00, 0x8d, 0x8d, 0x8d, 0x00,
    0x8d, 0x8d, 0x8d, 0x00, 0x8d, 0x8d, 0x8d, 0x00, 0x8d, 0x8d, 0x8d, 0x00, 0x8d, 0x8d, 0x8d, 0x00, 0x8d, 0x8d, 0x8d, 0x08, 0x8d, 0x8d, 0x8d, 0x4a, 0x8d, 0x8d, 0x8d, 0xa5, 0x8d, 0x8d, 0x8d, 0xed,
    0x8d, 0x8d, 0x8d, 0xff, 0x8d, 0x8d, 0x8d, 0xff, 0x8d, 0x8d, 0x8d, 0xff, 0x8d, 0x8d, 0x8d, 0xff, 0x8d, 0x8d, 0x8d, 0xff, 0x8d, 0x8d, 0x8d, 0xff, 0x8d, 0x8d, 0x8d, 0xff, 0x8d, 0x8d, 0x8d, 0xff,
    0x8d, 0x8d, 0x8d, 0xff, 0x8d, 0x8d, 0x8d, 0xff, 0x8d, 0x8d, 0x8d, 0xff, 0x8d, 0x8d, 0x8d, 0xff, 0x8d, 0x8d, 0x8d, 0xff, 0x8d, 0x8d, 0x8d, 0xff, 0x8d, 0x8d, 0x8d, 0xff, 0x8d, 0x8d, 0x8d, 0xff,
    0x8d, 0x8d, 0x8d, 0xff, 0x8d, 0x8d, 0x8d, 0xff, 0x8d, 0x8d, 0x8d, 0xff, 0x8d, 0x8d, 0x8d, 0xff, 0x8d, 0x8d, 0x8d, 0xff, 0x8d, 0x8d, 0x8d, 0xff, 0x8d, 0x8d, 0x8d, 0xff, 0x8d, 0x8d, 0x8d, 0xff,
    0x8d, 0x8d, 0x8d, 0xff, 0x8d, 0x8d, 0x8d, 0xff, 0x8d, 0x8d, 0x8d, 0xff, 0x8d, 0x8d, 0x8d, 0xff, 0x8d, 0x8d, 0x8d, 0xff, 0x8d, 0x8d, 0x8d, 0xff, 0x8d, 0x8d, 0x8d, 0xff, 0x8d, 0x8d, 0x8d, 0xff,
    0x8d, 0x8d, 0x8d, 0xff, 0x8d, 0x8d, 0x8d, 0xff, 0x8d, 0x8d, 0x8d, 0xff, 0x8d, 0x8d, 0x8d, 0xff, 0x8d, 0x8d, 0x8d, 0xff, 0x8d, 0x8d, 0x8d, 0xff, 0x8d, 0x8d, 0x8d, 0xff, 0x8d, 0x8d, 0x8d, 0xff,
    0x8d, 0x8d, 0x8d, 0xff, 0x8d, 0x8d, 0x8d, 0xff, 0x8d, 0x8d, 0x8d, 0xff, 0x8d, 0x8d, 0x8d, 0xff, 0x8d, 0x8d, 0x8d, 0xff, 0x8d, 0x8d, 0x8d, 0xff, 0x8d, 0x8d, 0x8d, 0xff, 0x8d, 0x8d, 0x8d, 0xff,
    0x8d, 0x8d, 0x8d, 0xff, 0x8d, 0x8d, 0x8d, 0xff, 0x8d, 0x8d, 0x8d, 0xff, 0x8d, 0x8d, 0x8d, 0xff, 0x8d, 0x8d, 0x8d, 0xff, 0x8d, 0x8d, 0x8d, 0xff, 0x8d, 0x8d, 0x8d, 0xff, 0x8d, 0x8d, 0x8d, 0xff,
    0x8d, 0x8d, 0x8d, 0xff, 0x8d, 0x8d, 0x8d, 0xff, 0x8d, 0x8d, 0x8d, 0xff, 0x8d, 0x8d, 0x8d, 0xff, 0x8d, 0x8d, 0x8d, 0xff, 0x8d, 0x8d, 0x8d, 0xff, 0x8d, 0x8d, 0x8d, 0xed, 0x8d, 0x8d, 0x8d, 0xa5,
    0x8d, 0x8d, 0x8d, 0x4a, 0x8d, 0x8d, 0x8d, 0x08, 0x8d, 0x8d, 0x8d, 0x00, 0x8d, 0x8d, 0x8d, 0x00, 0x8d, 0x8d, 0x8d, 0x00, 0x8d, 0x8d, 0x8d, 0x00, 0x8d, 0x8d, 0x8d, 0x00, 0x8d, 0x8d, 0x8d, 0x00,
    0x8d, 0x8d, 0x8d, 0x00, 0x8d, 0x8d, 0x8d, 0x00, 0x8d, 0x8d, 0x8d, 0x00, 0x8d, 0x8d, 0x8d, 0x00, 0x8d, 0x8d, 0x8d, 0x00, 0x8d, 0x8d, 0x8d, 0x00, 0x8d, 0x8d, 0x8d, 0x00, 0x8d, 0x8d, 0x8d, 0x00,
    0x8d, 0x8d, 0x8d, 0x00, 0x8d, 0x8d, 0x8d, 0x00, 0x8d, 0x8d, 0x8d, 0x00, 0x8d, 0x8d, 0x8d, 0x00, 0x8d, 0x8d, 0x8d, 0x00, 0x8d, 0x8d, 0x8d, 0x00, 0x8d, 0x8d, 0x8d, 0x00, 0x8d, 0x8d, 0x8d, 0x00,
    0x8d, 0x8d, 0x8d, 0x00, 0x8d, 0x8d, 0x8d, 0x00, 0x8d, 0x8d, 0x8d, 0x00, 0x8d, 0x8d, 0x8d, 0x00, 0x8d, 0x8d, 0x8d, 0x00, 0x8d, 0x8d, 0x8d, 0x00, 0x8d, 0x8d, 0x8d, 0x00, 0x8d, 0x8d, 0x8d, 0x00,
    0x8d, 0x8d, 0x8d, 0x00, 0x8d, 0x8d, 0x8d, 0x00, 0x8d, 0x8d, 0x8d, 0x00, 0x8d, 0x8d, 0x8d, 0x00, 0x8d, 0x8d, 0x8d, 0x00, 0x8d, 0x8d, 0x8d, 0x00, 0x8d, 0x8d, 0x8d, 0x00, 0x8d, 0x8d, 0x8d, 0x00,
    0x8d, 0x8d, 0x8d, 0x00, 0x8d, 0x8d, 0x8d, 0x00, 0x8d, 0x8d, 0x8d, 0x00, 0x8d, 0x8d, 0x8d, 0x00, 0x8d, 0x8d, 0x8d, 0x00, 0x8d, 0x8d, 0x8d, 0x00, 0x8d, 0x8d, 0x8d, 0x00, 0x8d, 0x8d, 0x8d, 0x00,
    0x8d, 0x8d, 0x8d, 0x00, 0x8d, 0x8d, 0x8d, 0x00, 0x8d, 0x8d, 0x8d, 0x00, 0x8d, 0x8d, 0x8d, 0x00, 0x8d, 0x8d, 0x8d, 0x00, 0x8d, 0x8d, 0x8d, 0x00, 0x8d, 0x8d, 0x8d, 0x00, 0x8d, 0x8d, 0x8d, 0x00,
    0x8d, 0x8d, 0x8d, 0x00, 0x8d, 0x8d, 0x8d, 0x32, 0x8d, 0x8d, 0x8d, 0x8f, 0x8d, 0x8d, 0x8d, 0xe2, 0x8d, 0x8d, 0x8d, 0xff, 0x8d, 0x8d, 0x8d, 0xff, 0x8d, 0x8d, 0x8d, 0xff, 0x8d, 0x8d, 0x8d, 0xff,
    0x8d, 0x8d, 0x8d, 0xff, 0x8d, 0x8d, 0x8d, 0xff, 0x8d, 0x8d, 0x8d, 0xff, 0x8d, 0x8d, 0x8d, 0xff, 0x8d, 0x8d, 0x8d, 0xff, 0x8d, 0x8d, 0x8d, 0xff, 0x8d, 0x8d, 0x8d, 0xff, 0x8d, 0x8d, 0x8d, 0xff,
    0x8d, 0x8d, 0x8d, 0xff, 0x8d, 0x8d, 0x8d, 0xff, 0x8d, 0x8d, 0x8d, 0xff, 0x8d, 0x8d, 0x8d, 0xff, 0x8d, 0x8d, 0x8d, 0xff, 0x8d, 0x8d, 0x8d, 0xff, 0x8d, 0x8d, 0x8d, 0xff, 0x8d, 0x8d, 0x8d, 0xff,
    0x8d, 0x8d, 0x8d, 0xff, 0x8d, 0x8d, 0x8d, 0xff, 0x8d, 0x8d, 0x8d, 0xff, 0x8d, 0x8d, 0x8d, 0xff, 0x8d, 0x8d, 0x8d, 0xff, 0x8d, 0x8d, 0x8d, 0xff, 0x8d, 0x8d, 0x8d, 0xff, 0x8d, 0x8d, 0x8d, 0xff,
    0x8d, 0x8d, 0x8d, 0xff, 0x8d, 0x8d, 0x8d, 0xff, 0x8d, 0x8d, 0x8d, 0xff, 0x8d, 0x8d, 0x8d, 0xff, 0x8d, 0x8d, 0x8d, 0xff, 0x8d, 0x8d, 0x8d, 0xff, 0x8d, 0x8d, 0x8d, 0xff, 0x8d, 0x8d, 0x8d, 0xff,
    0x8d, 0x8d, 0x8d, 0xff, 0x8d, 0x8d, 0x8d, 0xff, 0x8d, 0x8d, 0x8d, 0xff, 0x8d, 0x8d, 0x8d, 0xff, 0x8d, 0x8d, 0x8d, 0xff, 0x8d, 0x8d, 0x8d, 0xff, 0x8d, 0x8d, 0x8d, 0xff, 0x8d, 0x8d, 0x8d, 0xff,
    0x8d, 0x8d, 0x8d, 0xff, 0x8d, 0x8d, 0x8d, 0xff, 0x8d, 0x8d, 0x8d, 0xff, 0x8d, 0x8d, 0x8d, 0xff, 0x8d, 0x8d, 0x8d, 0xff, 0x8d, 0x8d, 0x8d, 0xff, 0x8d, 0x8d, 0x8d, 0xff, 0x8d, 0x8d, 0x8d, 0xff,
    0x8d, 0x8d, 0x8d, 0xff, 0x8d, 0x8d, 0x8d, 0xff, 0x8d, 0x8d, 0x8d, 0xff, 0x8d, 0x8d, 0x8d, 0xff, 0x8d, 0x8d, 0x8d, 0xff, 0x8d, 0x8d, 0x8d, 0xff, 0x8d, 0x8d, 0x8d, 0xff, 0x8d, 0x8d, 0x8d, 0xff,
    0x8d, 0x8d, 0x8d, 0xff, 0x8d, 0x8d, 0x8d, 0xff, 0x8d, 0x8d, 0x8d, 0xff, 0x8d, 0x8d, 0x8d, 0xff, 0x8d, 0x8d, 0x8d, 0xff, 0x8d, 0x8d, 0x8d, 0xff, 0x8d, 0x8d, 0x8d, 0xe2, 0x8d, 0x8d, 0x8d, 0x8f,
    0x8d, 0x8d, 0x8d, 0x32, 0x8d, 0x8d, 0x8d, 0x00, 0x8d, 0x8d, 0x8d, 0x00, 0x8d, 0x8d, 0x8d, 0x00, 0x8d, 0x8d, 0x8d, 0x00, 0x8d, 0x8d, 0x8d, 0x00, 0x8d, 0x8d, 0x8d, 0x00, 0x8d, 0x8d, 0x8d, 0x00,
    0x8d, 0x8d, 0x8d, 0x00, 0x8d, 0x8d, 0x8d, 0x00, 0x8d, 0x8d, 0x8d, 0x00, 0x8d, 0x8d, 0x8d, 0x00, 0x8d, 0x8d, 0x8d, 0x00, 0x8d, 0x8d, 0x8d, 0x00, 0x8d, 0x8d, 0x8d, 0x00, 0x8d, 0x8d, 0x8d, 0x00,
    0x8d, 0x8d, 0x8d, 0x00, 0x8d, 0x8d, 0x8d, 0x00, 0x8d, 0x8d, 0x8d, 0x00, 0x8d, 0x8d, 0x8d, 0x00, 0x8d, 0x8d, 0x8d, 0x00, 0x8d, 0x8d, 0x8d, 0x00, 0x8d, 0x8d, 0x8d, 0x00, 0x8d, 0x8d, 0x8d, 0x00,
    0x8d, 0x8d, 0x8d, 0x00, 0x8d, 0x8d, 0x8d, 0x00, 0x8d, 0x8d, 0x8d, 0x00, 0x8d, 0x8d, 0x8d, 0x00, 0x8d, 0x8d, 0x8d, 0x00, 0x8d, 0x8d, 0x8d, 0x00, 0x8d, 0x8d, 0x8d, 0x00, 0x8d, 0x8d, 0x8d, 0x00,
    0x8d, 0x8d, 0x8d, 0x00, 0x8d, 0x8d, 0x8d, 0x00, 0x8d, 0x8d, 0x8d, 0x00, 0x8d, 0x8d, 0x8d, 0x00, 0x8d, 0x8d, 0x8d, 0x00, 0x8d, 0x8d, 0x8d, 0x00, 0x8d, 0x8d, 0x8d, 0x00, 0x8d, 0x8d, 0x8d, 0x00,
    0x8d, 0x8d, 0x8d, 0x00, 0x8d, 0x8d, 0x8d, 0x00, 0x8d, 0x8d, 0x8d, 0x00, 0x8d, 0x8d, 0x8d, 0x00, 0x8d, 0x8d, 0x8d, 0x00, 0x8d, 0x8d, 0x8d, 0x00, 0x8d, 0x8d, 0x8d, 0x00, 0x8d, 0x8d, 0x8d, 0x00,
    0x8d, 0x8d, 0x8d, 0x00, 0x8d, 0x8d, 0x8d, 0x00, 0x8d, 0x8d, 0x8d, 0x00, 0x8d, 0x8d, 0x8d, 0x00, 0x8d, 0x8d, 0x8d, 0x00, 0x8d, 0x8d, 0x8d, 0x14, 0x8d, 0x8d, 0x8d, 0x6b, 0x8d, 0x8d, 0x8d, 0xcb,
    0x8d, 0x8d, 0x8d, 0xfe, 0x8d, 0x8d, 0x8d, 0xff, 0x8d, 0x8d, 0x8d, 0xff, 0x8d, 0x8d, 0x8d, 0xff, 0x8d, 0x8d, 0x8d, 0xff, 0x8d, 0x8d, 0x8d, 0xff, 0x8d, 0x8d, 0x8d, 0xff, 0x8d, 0x8d, 0x8d, 0xff,
    0x8d, 0x8d, 0x8d, 0xff, 0x8d, 0x8d, 0x8d, 0xff, 0x8d, 0x8d, 0x8d, 0xff, 0x8d, 0x8d, 0x8d, 0xff, 0x8d, 0x8d, 0x8d, 0xff, 0x8d, 0x8d, 0x8d, 0xff, 0x8d, 0x8d, 0x8d, 0xff, 0x8d, 0x8d, 0x8d, 0xff,
    0x8d, 0x8d, 0x8d, 0xff, 0x8d, 0x8d, 0x8d, 0xff, 0x8d, 0x8d, 0x8d, 0xff, 0x8d, 0x8d, 0x8d, 0xff, 0x8d, 0x8d, 0x8d, 0xff, 0x8d, 0x8d, 0x8d, 0xff, 0x8d, 0x8d, 0x8d, 0xff, 0x8d, 0x8d, 0x8d, 0xff,
    0x8d, 0x8d, 0x8d, 0xff, 0x8d, 0x8d, 0x8d, 0xff, 0x8d, 0x8d, 0x8d, 0xff, 0x8d, 0x8d, 0x8d, 0xff, 0x8d, 0x8d, 0x8d, 0xff, 0x8d, 0x8d, 0x8d, 0xff, 0x8d, 0x8d, 0x8d, 0xff, 0x8d, 0x8d, 0x8d, 0xff,
    0x8d, 0x8d, 0x8d, 0xff, 0x8d, 0x8d, 0x8d, 0xff, 0x8d, 0x8d, 0x8d, 0xff, 0x8d, 0x8d, 0x8d, 0xff, 0x8d, 0x8d, 0x8d, 0xff, 0x8d, 0x8d, 0x8d, 0xff, 0x8d, 0x8d, 0x8d, 0xff, 0x8d, 0x8d, 0x8d, 0xff,
    0x8d, 0x8d, 0x8d, 0xff, 0x8d, 0x8d, 0x8d, 0xff, 0x8d, 0x8d, 0x8d, 0xff, 0x8d, 0x8d, 0x8d, 0xff, 0x8d, 0x8d, 0x8d, 0xff, 0x8d, 0x8d, 0x8d, 0xff, 0x8d, 0x8d, 0x8d, 0xff, 0x8d, 0x8d, 0x8d, 0xff,
    0x8d, 0x8d, 0x8d, 0xff, 0x8d, 0x8d, 0x8d, 0xff, 0x8d, 0x8d, 0x8d, 0xff, 0x8d, 0x8d, 0x8d, 0xff, 0x8d, 0x8d, 0x8d, 0xff, 0x8d, 0x8d, 0x8d, 0xff, 0x8d, 0x8d, 0x8d, 0xff, 0x8d, 0x8d, 0x8d, 0xff,
    0x8d, 0x8d, 0x8d, 0xff, 0x8d, 0x8d, 0x8d, 0xff, 0x8d, 0x8d, 0x8d, 0xff, 0x8d, 0x8d, 0x8d, 0xff, 0x8d, 0x8d, 0x8d, 0xff, 0x8d, 0x8d, 0x8d, 0xff, 0x8d, 0x8d, 0x8d, 0xff, 0x8d, 0x8d, 0x8d, 0xff,
    0x8d, 0x8d, 0x8d, 0xff, 0x8d, 0x8d, 0x8d, 0xff, 0x8d, 0x8d, 0x8d, 0xff, 0x8d, 0x8d, 0x8d, 0xff, 0x8d, 0x8d, 0x8d, 0xff, 0x8d, 0x8d, 0x8d, 0xfe, 0x8d, 0x8d, 0x8d, 0xcb, 0x8d, 0x8d, 0x8d, 0x6b,
    0x8d, 0x8d, 0x8d, 0x14, 0x8d, 0x8d, 0x8d, 0x00, 0x8d, 0x8d, 0x8d, 0x00, 0x8d, 0x8d, 0x8d, 0x00, 0x8d, 0x8d, 0x8d, 0x00, 0x8d, 0x8d, 0x8d, 0x00, 0x8d, 0x8d, 0x8d, 0x00, 0x8d, 0x8d, 0x8d, 0x00,
    0x8d, 0x8d, 0x8d, 0x00, 0x8d, 0x8d, 0x8d, 0x00, 0x8d, 0x8d, 0x8d, 0x00, 0x8d, 0x8d, 0x8d, 0x00, 0x8d, 0x8d, 0x8d, 0x00, 0x8d, 0x8d, 0x8d, 0x00, 0x8d, 0x8d, 0x8d, 0x00, 0x8d, 0x8d, 0x8d, 0x00,
    0x8d, 0x8d, 0x8d, 0x00, 0x8d, 0x8d, 0x8d, 0x00, 0x8d, 0x8d, 0x8d, 0x00, 0x8d, 0x8d, 0x8d, 0x00, 0x8d, 0x8d, 0x8d, 0x00, 0x8d, 0x8d, 0x8d, 0x00, 0x8d, 0x8d, 0x8d, 0x00, 0x8d, 0x8d, 0x8d, 0x00,
    0x8d, 0x8d, 0x8d, 0x00, 0x8d, 0x8d, 0x8d, 0x00, 0x8d, 0x8d, 0x8d, 0x00, 0x8d, 0x8d, 0x8d, 0x00, 0x8d, 0x8d, 0x8d, 0x00, 0x8d, 0x8d, 0x8d, 0x00, 0x8d, 0x8d, 0x8d, 0x00, 0x8d, 0x8d, 0x8d, 0x00,
    0x8d, 0x8d, 0x8d, 0x00, 0x8d, 0x8d, 0x8d, 0x00, 0x8d, 0x8d, 0x8d, 0x00, 0x8d, 0x8d, 0x8d, 0x00, 0x8d, 0x8d, 0x8d, 0x00, 0x8d, 0x8d, 0x8d, 0x00, 0x8d, 0x8d, 0x8d, 0x00, 0x8d, 0x8d, 0x8d, 0x00,
    0x8d, 0x8d, 0x8d, 0x00, 0x8d, 0x8d, 0x8d, 0x00, 0x8d, 0x8d, 0x8d, 0x00, 0x8d, 0x8d, 0x8d, 0x00, 0x8d, 0x8d, 0x8d, 0x00, 0x8d, 0x8d, 0x8d, 0x00, 0x8d, 0x8d, 0x8d, 0x00, 0x8d, 0x8d, 0x8d, 0x00,
    0x8d, 0x8d, 0x8d, 0x00, 0x8d, 0x8d, 0x8d, 0x00, 0x8d, 0x8d, 0x8d, 0x3b, 0x8d, 0x8d, 0x8d, 0xa2, 0x8d, 0x8d, 0x8d, 0xf2, 0x8d, 0x8d, 0x8d, 0xff, 0x8d, 0x8d, 0x8d, 0xff, 0x8d, 0x8d, 0x8d, 0xff,
    0x8d, 0x8d, 0x8d, 0xff, 0x8d, 0x8d, 0x8d, 0xff, 0x8d, 0x8d, 0x8d, 0xff, 0x8d, 0x8d, 0x8d, 0xff, 0x8d, 0x8d, 0x8d, 0xff, 0x8d, 0x8d, 0x8d, 0xff, 0x8d, 0x8d, 0x8d, 0xff, 0x8d, 0x8d, 0x8d, 0xff,
    0x8d, 0x8d, 0x8d, 0xff, 0x8d, 0x8d, 0x8d, 0xff, 0x8d, 0x8d, 0x8d, 0xff, 0x8d, 0x8d, 0x8d, 0xff, 0x8d, 0x8d, 0x8d, 0xff, 0x8d, 0x8d, 0x8d, 0xff, 0x8d, 0x8d, 0x8d, 0xff, 0x8d, 0x8d, 0x8d, 0xff,
    0x8d, 0x8d, 0x8d, 0xff, 0x8d, 0x8d, 0x8d, 0xff, 0x8d, 0x8d, 0x8d, 0xff, 0x8d, 0x8d, 0x8d, 0xff, 0x8d, 0x8d, 0x8d, 0xff, 0x8d, 0x8d, 0x8d, 0xff, 0x8d, 0x8d, 0x8d, 0xff, 0x8d, 0x8d, 0x8d, 0xff,
    0x8d, 0x8d, 0x8d, 0xff, 0x8d, 0x8d, 0x8d, 0xff, 0x8d, 0x8d, 0x8d, 0xff, 0x8d, 0x8d, 0x8d, 0xff, 0x8d, 0x8d, 0x8d, 0xff, 0x8d, 0x8d, 0x8d, 0xff, 0x8d, 0x8d, 0x8d, 0xff, 0x8d, 0x8d, 0x8d, 0xff,
    0x8d, 0x8d, 0x8d, 0xff, 0x8d, 0x8d, 0x8d, 0xff, 0x8d, 0x8d, 0x8d, 0xff, 0x8d, 0x8d, 0x8d, 0xff, 0x8d, 0x8d, 0x8d, 0xff, 0x8d, 0x8d, 0x8d, 0xff, 0x8d, 0x8d, 0x8d, 0xff, 0x8d, 0x8d, 0x8d, 0xff,
    0x8d, 0x8d, 0x8d, 0xff, 0x8d, 0x8d, 0x8d, 0xff, 0x8d, 0x8d, 0x8d, 0xff, 0x8d, 0x8d, 0x8d, 0xff, 0x8d, 0x8d, 0x8d, 0xff, 0x8d, 0x8d, 0x8d, 0xff, 0x8d, 0x8d, 0x8d, 0xff, 0x8d, 0x8d, 0x8d, 0xff,
    0x8d, 0x8d, 0x8d, 0xff, 0x8d, 0x8d, 0x8d, 0xff, 0x8d, 0x8d, 0x8d, 0xff, 0x8d, 0x8d, 0x8d, 0xff, 0x8d, 0x8d, 0x8d, 0xff, 0x8d, 0x8d, 0x8d, 0xff, 0x8d, 0x8d, 0x8d, 0xff, 0x8d, 0x8d, 0x8d, 0xff,
    0x8d, 0x8d, 0x8d, 0xff, 0x8d, 0x8d, 0x8d, 0xff, 0x8d, 0x8d, 0x8d, 0xff, 0x8d, 0x8d, 0x8d, 0xff, 0x8d, 0x8d, 0x8d, 0xff, 0x8d, 0x8d, 0x8d, 0xff, 0x8d, 0x8d, 0x8d, 0xff, 0x8d, 0x8d, 0x8d, 0xff,
    0x8d, 0x8d, 0x8d, 0xff, 0x8d, 0x8d, 0x8d, 0xff, 0x8d, 0x8d, 0x8d, 0xff, 0x8d, 0x8d, 0x8d, 0xff, 0x8d, 0x8d, 0x8d, 0xff, 0x8d, 0x8d, 0x8d, 0xf2, 0x8d, 0x8d, 0x8d, 0xa2, 0x8d, 0x8d, 0x8d, 0x3b,
    0x8d, 0x8d, 0x8d, 0x00, 0x8d, 0x8d, 0x8d, 0x00, 0x8d, 0x8d, 0x8d, 0x00, 0x8d, 0x8d, 0x8d, 0x00, 0x8d, 0x8d, 0x8d, 0x00, 0x8d, 0x8d, 0x8d, 0x00, 0x8d, 0x8d, 0x8d, 0x00, 0x8d, 0x8d, 0x8d, 0x00,
    0x8d, 0x8d, 0x8d, 0x00, 0x8d, 0x8d, 0x8d, 0x00, 0x8d, 0x8d, 0x8d, 0x00, 0x8d, 0x8d, 0x8d, 0x00, 0x8d, 0x8d, 0x8d, 0x00, 0x8d, 0x8d, 0x8d, 0x00, 0x8d, 0x8d, 0x8d, 0x00, 0x8d, 0x8d, 0x8d, 0x00,
    0x8d, 0x8d, 0x8d, 0x00, 0x8d, 0x8d, 0x8d, 0x00, 0x8d, 0x8d, 0x8d, 0x00, 0x8d, 0x8d, 0x8d, 0x00, 0x8d, 0x8d, 0x8d, 0x00, 0x8d, 0x8d, 0x8d, 0x00, 0x8d, 0x8d, 0x8d, 0x00, 0x8d, 0x8d, 0x8d, 0x00,
    0x8d, 0x8d, 0x8d, 0x00, 0x8d, 0x8d, 0x8d, 0x00, 0x8d, 0x8d, 0x8d, 0x00, 0x8d, 0x8d, 0x8d, 0x00, 0x8d, 0x8d, 0x8d, 0x00, 0x8d, 0x8d, 0x8d, 0x00, 0x8d, 0x8d, 0x8d, 0x00, 0x8d, 0x8d, 0x8d, 0x00,
    0x8d, 0x8d, 0x8d, 0x00, 0x8d, 0x8d, 0x8d, 0x00, 0x8d, 0x8d, 0x8d, 0x00, 0x8d, 0x8d, 0x8d, 0x00, 0x8d, 0x8d, 0x8d, 0x00, 0x8d, 0x8d, 0x8d, 0x00, 0x8d, 0x8d, 0x8d, 0x00, 0x8d, 0x8d, 0x8d, 0x00,
    0x8d, 0x8d, 0x8d, 0x00, 0x8d, 0x8d, 0x8d, 0x00, 0x8d, 0x8d, 0x8d, 0x00, 0x8d, 0x8d, 0x8d, 0x00, 0x8d, 0x8d, 0x8d, 0x00, 0x8d, 0x8d, 0x8d, 0x00, 0x8d, 0x8d, 0x8d, 0x0e, 0x8d, 0x8d, 0x8d, 0x68,
    0x8d, 0x8d, 0x8d, 0xd0, 0x8d, 0x8d, 0x8d, 0xff, 0x8d, 0x8d, 0x8d, 0xff, 0x8d, 0x8d, 0x8d, 0xff, 0x8d, 0x8d, 0x8d, 0xff, 0x8d, 0x8d, 0x8d, 0xff, 0x8d, 0x8d, 0x8d, 0xff, 0x8d, 0x8d, 0x8d, 0xff,
    0x8d, 0x8d, 0x8d, 0xff, 0x8d, 0x8d, 0x8d, 0xff, 0x8d, 0x8d, 0x8d, 0xff, 0x8d, 0x8d, 0x8d, 0xff, 0x8d, 0x8d, 0x8d, 0xff, 0x8d, 0x8d, 0x8d, 0xff, 0x8d, 0x8d, 0x8d, 0xff, 0x8d, 0x8d, 0x8d, 0xff,
    0x8d, 0x8d, 0x8d, 0xff, 0x8d, 0x8d, 0x8d, 0xff, 0x8d, 0x8d, 0x8d, 0xff, 0x8d, 0x8d, 0x8d, 0xff, 0x8d, 0x8d, 0x8d, 0xff, 0x8d, 0x8d, 0x8d, 0xff, 0x8d, 0x8d, 0x8d, 0xff, 0x8d, 0x8d, 0x8d, 0xff,
    0x8d, 0x8d, 0x8d, 0xff, 0x8d, 0x8d, 0x8d, 0xff, 0x8d, 0x8d, 0x8d, 0xff, 0x8d, 0x8d, 0x8d, 0xff, 0x8d, 0x8d, 0x8d, 0xff, 0x8d, 0x8d, 0x8d, 0xff, 0x8d, 0x8d, 0x8d, 0xff, 0x8d, 0x8d, 0x8d, 0xff,
    0x8d, 0x8d, 0x8d, 0xff, 0x8d, 0x8d, 0x8d, 0xff, 0x8d, 0x8d, 0x8d, 0xff, 0x8d, 0x8d, 0x8d, 0xff, 0x8d, 0x8d, 0x8d, 0xff, 0x8d, 0x8d, 0x8d, 0xff, 0x8d, 0x8d, 0x8d, 0xff, 0x8d, 0x8d, 0x8d, 0xff,
    0x8d, 0x8d, 0x8d, 0xff, 0x8d, 0x8d, 0x8d, 0xff, 0x8d, 0x8d, 0x8d, 0xff, 0x8d, 0x8d, 0x8d, 0xff, 0x8d, 0x8d, 0x8d, 0xff, 0x8d, 0x8d, 0x8d, 0xff, 0x8d, 0x8d, 0x8d, 0xff, 0x8d, 0x8d, 0x8d, 0xff,
    0x8d, 0x8d, 0x8d, 0xff, 0x8d, 0x8d, 0x8d, 0xff, 0x8d, 0x8d, 0x8d, 0xff, 0x8d, 0x8d, 0x8d, 0xff, 0x8d, 0x8d, 0x8d, 0xff, 0x8d, 0x8d, 0x8d, 0xff, 0x8d, 0x8d, 0x8d, 0xff, 0x8d, 0x8d, 0x8d, 0xff,
    0x8d, 0x8d, 0x8d, 0xff, 0x8d, 0x8d, 0x8d, 0xff, 0x8d, 0x8d, 0x8d, 0xff, 0x8d, 0x8d, 0x8d, 0xff, 0x8d, 0x8d, 0x8d, 0xff, 0x8d, 0x8d, 0x8d, 0xff, 0x8d, 0x8d, 0x8d, 0xff, 0x8d, 0x8d, 0x8d, 0xff,
    0x8d, 0x8d, 0x8d, 0xff, 0x8d, 0x8d, 0x8d, 0xff, 0x8d, 0x8d, 0x8d, 0xff, 0x8d, 0x8d, 0x8d, 0xff, 0x8d, 0x8d, 0x8d, 0xff, 0x8d, 0x8d, 0x8d, 0xff, 0x8d, 0x8d, 0x8d, 0xff, 0x8d, 0x8d, 0x8d, 0xff,
    0x8d, 0x8d, 0x8d, 0xff, 0x8d, 0x8d, 0x8d, 0xff, 0x8d, 0x8d, 0x8d, 0xff, 0x8d, 0x8d, 0x8d, 0xff, 0x8d, 0x8d, 0x8d, 0xff, 0x8d, 0x8d, 0x8d, 0xd0, 0x8d, 0x8d, 0x8d, 0x68, 0x8d, 0x8d, 0x8d, 0x0e,
    0x8d, 0x8d, 0x8d, 0x00, 0x8d, 0x8d, 0x8d, 0x00, 0x8d, 0x8d, 0x8d, 0x00, 0x8d, 0x8d, 0x8d, 0x00, 0x8d, 0x8d, 0x8d, 0x00, 0x8d, 0x8d, 0x8d, 0x00, 0x8d, 0x8d, 0x8d, 0x00, 0x8d, 0x8d, 0x8d, 0x00,
    0x8d, 0x8d, 0x8d, 0x00, 0x8d, 0x8d, 0x8d, 0x00, 0x8d, 0x8d, 0x8d, 0x00, 0x8d, 0x8d, 0x8d, 0x00, 0x8d, 0x8d, 0x8d, 0x00, 0x8d, 0x8d, 0x8d, 0x00, 0x8d, 0x8d, 0x8d, 0x00, 0x8d, 0x8d, 0x8d, 0x00,
    0x8d, 0x8d, 0x8d, 0x00, 0x8d, 0x8d, 0x8d, 0x00, 0x8d, 0x8d, 0x8d, 0x00, 0x8d, 0x8d, 0x8d, 0x00, 0x8d, 0x8d, 0x8d, 0x00, 0x8d, 0x8d, 0x8d, 0x00, 0x8d, 0x8d, 0x8d, 0x00, 0x8d, 0x8d, 0x8d, 0x00,
    0x8d, 0x8d, 0x8d, 0x00, 0x8d, 0x8d, 0x8d, 0x00, 0x8d, 0x8d, 0x8d, 0x00, 0x8d, 0x8d, 0x8d, 0x00, 0x8d, 0x8d, 0x8d, 0x00, 0x8d, 0x8d, 0x8d, 0x00, 0x8d, 0x8d, 0x8d, 0x00, 0x8d, 0x8d, 0x8d, 0x00,
    0x8d, 0x8d, 0x8d, 0x00, 0x8d, 0x8d, 0x8d, 0x00, 0x8d, 0x8d, 0x8d, 0x00, 0x8d, 0x8d, 0x8d, 0x00, 0x8d, 0x8d, 0x8d, 0x00, 0x8d, 0x8d, 0x8d, 0x00, 0x8d, 0x8d, 0x8d, 0x00, 0x8d, 0x8d, 0x8d, 0x00,
    0x8d, 0x8d, 0x8d, 0x00, 0x8d, 0x8d, 0x8d, 0x00, 0x8d, 0x8d, 0x8d, 0x00, 0x8d, 0x8d, 0x8d, 0x27, 0x8d, 0x8d, 0x8d, 0x92, 0x8d, 0x8d, 0x8d, 0xee, 0x8d, 0x8d, 0x8d, 0xff, 0x8d, 0x8d, 0x8d, 0xff,
    0x8d, 0x8d, 0x8d, 0xff, 0x8d, 0x8d, 0x8d, 0xff, 0x8d, 0x8d, 0x8d, 0xff, 0x8d, 0x8d, 0x8d, 0xff, 0x8d, 0x8d, 0x8d, 0xff, 0x8d, 0x8d, 0x8d, 0xff, 0x8d, 0x8d, 0x8d, 0xff, 0x8d, 0x8d, 0x8d, 0xff,
    0x8d, 0x8d, 0x8d, 0xff, 0x8d, 0x8d, 0x8d, 0xff, 0x8d, 0x8d, 0x8d, 0xff, 0x8d, 0x8d, 0x8d, 0xff, 0x8d, 0x8d, 0x8d, 0xff, 0x8d, 0x8d, 0x8d, 0xff, 0x8d, 0x8d, 0x8d, 0xff, 0x8d, 0x8d, 0x8d, 0xff,
    0x8d, 0x8d, 0x8d, 0xff, 0x8d, 0x8d, 0x8d, 0xff, 0x8d, 0x8d, 0x8d, 0xff, 0x8d, 0x8d, 0x8d, 0xff, 0x8d, 0x8d, 0x8d, 0xff, 0x8d, 0x8d, 0x8d, 0xff, 0x8d, 0x8d, 0x8d, 0xff, 0x8d, 0x8d, 0x8d, 0xff,
    0x8d, 0x8d, 0x8d, 0xff, 0x8d, 0x8d, 0x8d, 0xff, 0x8d, 0x8d, 0x8d, 0xff, 0x8d, 0x8d, 0x8d, 0xff, 0x8d, 0x8d, 0x8d, 0xff, 0x8d, 0x8d, 0x8d, 0xff, 0x8d, 0x8d, 0x8d, 0xff, 0x8d, 0x8d, 0x8d, 0xff,
    0x8d, 0x8d, 0x8d, 0xff, 0x8d, 0x8d, 0x8d, 0xff, 0x8d, 0x8d, 0x8d, 0xff, 0x8d, 0x8d, 0x8d, 0xff, 0x8d, 0x8d, 0x8d, 0xff, 0x8d, 0x8d, 0x8d, 0xff, 0x8d, 0x8d, 0x8d, 0xff, 0x8d, 0x8d, 0x8d, 0xff,
    0x8d, 0x8d, 0x8d, 0xff, 0x8d, 0x8d, 0x8d, 0xff, 0x8d, 0x8d, 0x8d, 0xff, 0x8d, 0x8d, 0x8d, 0xff, 0x8d, 0x8d, 0x8d, 0xff, 0x8d, 0x8d, 0x8d, 0xff, 0x8d, 0x8d, 0x8d, 0xff, 0x8d, 0x8d, 0x8d, 0xff,
    0x8d, 0x8d, 0x8d, 0xff, 0x8d, 0x8d, 0x8d, 0xff, 0x8d, 0x8d, 0x8d, 0xff, 0x8d, 0x8d, 0x8d, 0xff, 0x8d, 0x8d, 0x8d, 0xff, 0x8d, 0x8d, 0x8d, 0xff, 0x8d, 0x8d, 0x8d, 0xff, 0x8d, 0x8d, 0x8d, 0xff,
    0x8d, 0x8d, 0x8d, 0xff, 0x8d, 0x8d, 0x8d, 0xff, 0x8d, 0x8d, 0x8d, 0xff, 0x8d, 0x8d, 0x8d, 0xff, 0x8d, 0x8d, 0x8d, 0xff, 0x8d, 0x8d, 0x8d, 0xff, 0x8d, 0x8d, 0x8d, 0xff, 0x8d, 0x8d, 0x8d, 0xff,
    0x8d, 0x8d, 0x8d, 0xff, 0x8d, 0x8d, 0x8d, 0xff, 0x8d, 0x8d, 0x8d, 0xff, 0x8d, 0x8d, 0x8d, 0xff, 0x8d, 0x8d, 0x8d, 0xff, 0x8d, 0x8d, 0x8d, 0xff, 0x8d, 0x8d, 0x8d, 0xff, 0x8d, 0x8d, 0x8d, 0xff,
    0x8d, 0x8d, 0x8d, 0xff, 0x8d, 0x8d, 0x8d, 0xff, 0x8d, 0x8d, 0x8d, 0xff, 0x8d, 0x8d, 0x8d, 0xff, 0x8d, 0x8d, 0x8d, 0xee, 0x8d, 0x8d, 0x8d, 0x92, 0x8d, 0x8d, 0x8d, 0x27, 0x8d, 0x8d, 0x8d, 0x00,
    0x8d, 0x8d, 0x8d, 0x00, 0x8d, 0x8d, 0x8d, 0x00, 0x8d, 0x8d, 0x8d, 0x00, 0x8d, 0x8d, 0x8d, 0x00, 0x8d, 0x8d, 0x8d, 0x00, 0x8d, 0x8d, 0x8d, 0x00, 0x8d, 0x8d, 0x8d, 0x00, 0x8d, 0x8d, 0x8d, 0x00,
    0x8d, 0x8d, 0x8d, 0x00, 0x8d, 0x8d, 0x8d, 0x00, 0x8d, 0x8d, 0x8d, 0x00, 0x8d, 0x8d, 0x8d, 0x00, 0x8d, 0x8d, 0x8d, 0x00, 0x8d, 0x8d, 0x8d, 0x00, 0x8d, 0x8d, 0x8d, 0x00, 0x8d, 0x8d, 0x8d, 0x00,
    0x8d, 0x8d, 0x8d, 0x00, 0x8d, 0x8d, 0x8d, 0x00, 0x8d, 0x8d, 0x8d, 0x00, 0x8d, 0x8d, 0x8d, 0x00, 0x8d, 0x8d, 0x8d, 0x00, 0x8d, 0x8d, 0x8d, 0x00, 0x8d, 0x8d, 0x8d, 0x00, 0x8d, 0x8d, 0x8d, 0x00,
    0x8d, 0x8d, 0x8d, 0x00, 0x8d, 0x8d, 0x8d, 0x00, 0x8d, 0x8d, 0x8d, 0x00, 0x8d, 0x8d, 0x8d, 0x00, 0x8d, 0x8d, 0x8d, 0x00, 0x8d, 0x8d, 0x8d, 0x00, 0x8d, 0x8d, 0x8d, 0x00, 0x8d, 0x8d, 0x8d, 0x00,
    0x8d, 0x8d, 0x8d, 0x00, 0x8d, 0x8d, 0x8d, 0x00, 0x8d, 0x8d, 0x8d, 0x00, 0x8d, 0x8d, 0x8d, 0x00, 0x8d, 0x8d, 0x8d, 0x00, 0x8d, 0x8d, 0x8d, 0x00, 0x8d, 0x8d, 0x8d, 0x00, 0x8d, 0x8d, 0x8d, 0x00,
    0x8d, 0x8d, 0x8d, 0x43, 0x8d, 0x8d, 0x8d, 0xb5, 0x8d, 0x8d, 0x8d, 0xfd, 0x8d, 0x8d, 0x8d, 0xff, 0x8d, 0x8d, 0x8d, 0xff, 0x8d, 0x8d, 0x8d, 0xff, 0x8d, 0x8d, 0x8d, 0xff, 0x8d, 0x8d, 0x8d, 0xff,
    0x8d, 0x8d, 0x8d, 0xff, 0x8d, 0x8d, 0x8d, 0xff, 0x8d, 0x8d, 0x8d, 0xff, 0x8d, 0x8d, 0x8d, 0xff, 0x8d, 0x8d, 0x8d, 0xff, 0x8d, 0x8d, 0x8d, 0xff, 0x8d, 0x8d, 0x8d, 0xff, 0x8d, 0x8d, 0x8d, 0xff,
    0x8d, 0x8d, 0x8d, 0xff, 0x8d, 0x8d, 0x8d, 0xff, 0x8d, 0x8d, 0x8d, 0xff, 0x8d, 0x8d, 0x8d, 0xff, 0x8d, 0x8d, 0x8d, 0xff, 0x8d, 0x8d, 0x8d, 0xff, 0x8d, 0x8d, 0x8d, 0xff, 0x8d, 0x8d, 0x8d, 0xff,
    0x8d, 0x8d, 0x8d, 0xff, 0x8d, 0x8d, 0x8d, 0xff, 0x8d, 0x8d, 0x8d, 0xff, 0x8d, 0x8d, 0x8d, 0xff, 0x8d, 0x8d, 0x8d, 0xff, 0x8d, 0x8d, 0x8d, 0xff, 0x8d, 0x8d, 0x8d, 0xff, 0x8d, 0x8d, 0x8d, 0xff,
    0x8d, 0x8d, 0x8d, 0xff, 0x8d, 0x8d, 0x8d, 0xff, 0x8d, 0x8d, 0x8d, 0xff, 0x8d, 0x8d, 0x8d, 0xff, 0x8d, 0x8d, 0x8d, 0xff, 0x8d, 0x8d, 0x8d, 0xff, 0x8d, 0x8d, 0x8d, 0xff, 0x8d, 0x8d, 0x8d, 0xff,
    0x8d, 0x8d, 0x8d, 0xff, 0x8d, 0x8d, 0x8d, 0xff, 0x8d, 0x8d, 0x8d, 0xff, 0x8d, 0x8d, 0x8d, 0xff, 0x8d, 0x8d, 0x8d, 0xff, 0x8d, 0x8d, 0x8d, 0xff, 0x8d, 0x8d, 0x8d, 0xff, 0x8d, 0x8d, 0x8d, 0xff,
    0x8d, 0x8d, 0x8d, 0xff, 0x8d, 0x8d, 0x8d, 0xff, 0x8d, 0x8d, 0x8d, 0xff, 0x8d, 0x8d, 0x8d, 0xff, 0x8d, 0x8d, 0x8d, 0xff, 0x8d, 0x8d, 0x8d, 0xff, 0x8d, 0x8d, 0x8d, 0xff, 0x8d, 0x8d, 0x8d, 0xff,
    0x8d, 0x8d, 0x8d, 0xff, 0x8d, 0x8d, 0x8d, 0xff, 0x8d, 0x8d, 0x8d, 0xff, 0x8d, 0x8d, 0x8d, 0xff, 0x8d, 0x8d, 0x8d, 0xff, 0x8d, 0x8d, 0x8d, 0xff, 0x8d, 0x8d, 0x8d, 0xff, 0x8d, 0x8d, 0x8d, 0xff,
    0x8d, 0x8d, 0x8d, 0xff, 0x8d, 0x8d, 0x8d, 0xff, 0x8d, 0x8d, 0x8d, 0xff, 0x8d, 0x8d, 0x8d, 0xff, 0x8d, 0x8d, 0x8d, 0xff, 0x8d, 0x8d, 0x8d, 0xff, 0x8d, 0x8d, 0x8d, 0xff, 0x8d, 0x8d, 0x8d, 0xff,
    0x8d, 0x8d, 0x8d, 0xff, 0x8d, 0x8d, 0x8d, 0xff, 0x8d, 0x8d, 0x8d, 0xff, 0x8d, 0x8d, 0x8d, 0xff, 0x8d, 0x8d, 0x8d, 0xff, 0x8d, 0x8d, 0x8d, 0xff, 0x8d, 0x8d, 0x8d, 0xff, 0x8d, 0x8d, 0x8d, 0xff,
    0x8d, 0x8d, 0x8d, 0xff, 0x8d, 0x8d, 0x8d, 0xff, 0x8d, 0x8d, 0x8d, 0xff, 0x8d, 0x8d, 0x8d, 0xfd, 0x8d, 0x8d, 0x8d, 0xb5, 0x8d, 0x8d, 0x8d, 0x43, 0x8d, 0x8d, 0x8d, 0x00, 0x8d, 0x8d, 0x8d, 0x00,
    0x8d, 0x8d, 0x8d, 0x00, 0x8d, 0x8d, 0x8d, 0x00, 0x8d, 0x8d, 0x8d, 0x00, 0x8d, 0x8d, 0x8d, 0x00, 0x8d, 0x8d, 0x8d, 0x00, 0x8d, 0x8d, 0x8d, 0x00, 0x8d, 0x8d, 0x8d, 0x00, 0x8d, 0x8d, 0x8d, 0x00,
    0x8d, 0x8d, 0x8d, 0x00, 0x8d, 0x8d, 0x8d, 0x00, 0x8d, 0x8d, 0x8d, 0x00, 0x8d, 0x8d, 0x8d, 0x00, 0x8d, 0x8d, 0x8d, 0x00, 0x8d, 0x8d, 0x8d, 0x00, 0x8d, 0x8d, 0x8d, 0x00, 0x8d, 0x8d, 0x8d, 0x00,
    0x8d, 0x8d, 0x8d, 0x00, 0x8d, 0x8d, 0x8d, 0x00, 0x8d, 0x8d, 0x8d, 0x00, 0x8d, 0x8d, 0x8d, 0x00, 0x8d, 0x8d, 0x8d, 0x00, 0x8d, 0x8d, 0x8d, 0x00, 0x8d, 0x8d, 0x8d, 0x00, 0x8d, 0x8d, 0x8d, 0x00,
    0x8d, 0x8d, 0x8d, 0x00, 0x8d, 0x8d, 0x8d, 0x00, 0x8d, 0x8d, 0x8d, 0x00, 0x8d, 0x8d, 0x8d, 0x00, 0x8d, 0x8d, 0x8d, 0x00, 0x8d, 0x8d, 0x8d, 0x00, 0x8d, 0x8d, 0x8d, 0x00, 0x8d, 0x8d, 0x8d, 0x00,
    0x8d, 0x8d, 0x8d, 0x00, 0x8d, 0x8d, 0x8d, 0x00, 0x8d, 0x8d, 0x8d, 0x00, 0x8d, 0x8d, 0x8d, 0x00, 0x8d, 0x8d, 0x8d, 0x05, 0x8d, 0x8d, 0x8d, 0x5d, 0x8d, 0x8d, 0x8d, 0xd0, 0x8d, 0x8d, 0x8d, 0xff,
    0x8d, 0x8d, 0x8d, 0xff, 0x8d, 0x8d, 0x8d, 0xff, 0x8d, 0x8d, 0x8d, 0xff, 0x8d, 0x8d, 0x8d, 0xff, 0x8d, 0x8d, 0x8d, 0xff, 0x8d, 0x8d, 0x8d, 0xff, 0x8d, 0x8d, 0x8d, 0xff, 0x8d, 0x8d, 0x8d, 0xff,
    0x8d, 0x8d, 0x8d, 0xff, 0x8d, 0x8d, 0x8d, 0xff, 0x8d, 0x8d, 0x8d, 0xff, 0x8d, 0x8d, 0x8d, 0xff, 0x8d, 0x8d, 0x8d, 0xff, 0x8d, 0x8d, 0x8d, 0xff, 0x8d, 0x8d, 0x8d, 0xff, 0x8d, 0x8d, 0x8d, 0xff,
    0x8d, 0x8d, 0x8d, 0xff, 0x8d, 0x8d, 0x8d, 0xff, 0x8d, 0x8d, 0x8d, 0xff, 0x8d, 0x8d, 0x8d, 0xff, 0x8d, 0x8d, 0x8d, 0xff, 0x8d, 0x8d, 0x8d, 0xff, 0x8d, 0x8d, 0x8d, 0xff, 0x8d, 0x8d, 0x8d, 0xff,
    0x8d, 0x8d, 0x8d, 0xff, 0x8d, 0x8d, 0x8d, 0xff, 0x8d, 0x8d, 0x8d, 0xff, 0x8d, 0x8d, 0x8d, 0xff, 0x8d, 0x8d, 0x8d, 0xff, 0x8d, 0x8d, 0x8d, 0xff, 0x8d, 0x8d, 0x8d, 0xff, 0x8d, 0x8d, 0x8d, 0xff,
    0x8d, 0x8d, 0x8d, 0xff, 0x8d, 0x8d, 0x8d, 0xff, 0x8d, 0x8d, 0x8d, 0xfd, 0x8d, 0x8d, 0x8d, 0xf6, 0x8d, 0x8d, 0x8d, 0xee, 0x8d, 0x8d, 0x8d, 0xe6, 0x8d, 0x8d, 0x8d, 0xdf, 0x8d, 0x8d, 0x8d, 0xda,
    0x8d, 0x8d, 0x8d, 0xd7, 0x8d, 0x8d, 0x8d, 0xd7, 0x8d, 0x8d, 0x8d, 0xda, 0x8d, 0x8d, 0x8d, 0xdf, 0x8d, 0x8d, 0x8d, 0xe6, 0x8d, 0x8d, 0x8d, 0xee, 0x8d, 0x8d, 0x8d, 0xf6, 0x8d, 0x8d, 0x8d, 0xfd,
    0x8d, 0x8d, 0x8d, 0xff, 0x8d, 0x8d, 0x8d, 0xff, 0x8d, 0x8d, 0x8d, 0xff, 0x8d, 0x8d, 0x8d, 0xff, 0x8d, 0x8d, 0x8d, 0xff, 0x8d, 0x8d, 0x8d, 0xff, 0x8d, 0x8d, 0x8d, 0xff, 0x8d, 0x8d, 0x8d, 0xff,
    0x8d, 0x8d, 0x8d, 0xff, 0x8d, 0x8d, 0x8d, 0xff, 0x8d, 0x8d, 0x8d, 0xff, 0x8d, 0x8d, 0x8d, 0xff, 0x8d, 0x8d, 0x8d, 0xff, 0x8d, 0x8d, 0x8d, 0xff, 0x8d, 0x8d, 0x8d, 0xff, 0x8d, 0x8d, 0x8d, 0xff,
    0x8d, 0x8d, 0x8d, 0xff, 0x8d, 0x8d, 0x8d, 0xff, 0x8d, 0x8d, 0x8d, 0xff, 0x8d, 0x8d, 0x8d, 0xff, 0x8d, 0x8d, 0x8d, 0xff, 0x8d, 0x8d, 0x8d, 0xff, 0x8d, 0x8d, 0x8d, 0xff, 0x8d, 0x8d, 0x8d, 0xff,
    0x8d, 0x8d, 0x8d, 0xff, 0x8d, 0x8d, 0x8d, 0xff, 0x8d, 0x8d, 0x8d, 0xff, 0x8d, 0x8d, 0x8d, 0xff, 0x8d, 0x8d, 0x8d, 0xff, 0x8d, 0x8d, 0x8d, 0xff, 0x8d, 0x8d, 0x8d, 0xff, 0x8d, 0x8d, 0x8d, 0xff,
    0x8d, 0x8d, 0x8d, 0xff, 0x8d, 0x8d, 0x8d, 0xff, 0x8d, 0x8d, 0x8d, 0xff, 0x8d, 0x8d, 0x8d, 0xd0, 0x8d, 0x8d, 0x8d, 0x5d, 0x8d, 0x8d, 0x8d, 0x05, 0x8d, 0x8d, 0x8d, 0x00, 0x8d, 0x8d, 0x8d, 0x00,
    0x8d, 0x8d, 0x8d, 0x00, 0x8d, 0x8d, 0x8d, 0x00, 0x8d, 0x8d, 0x8d, 0x00, 0x8d, 0x8d, 0x8d, 0x00, 0x8d, 0x8d, 0x8d, 0x00, 0x8d, 0x8d, 0x8d, 0x00, 0x8d, 0x8d, 0x8d, 0x00, 0x8d, 0x8d, 0x8d, 0x00,
    0x8d, 0x8d, 0x8d, 0x00, 0x8d, 0x8d, 0x8d, 0x00, 0x8d, 0x8d, 0x8d, 0x00, 0x8d, 0x8d, 0x8d, 0x00, 0x8d, 0x8d, 0x8d, 0x00, 0x8d, 0x8d, 0x8d, 0x00, 0x8d, 0x8d, 0x8d, 0x00, 0x8d, 0x8d, 0x8d, 0x00,
    0x8d, 0x8d, 0x8d, 0x00, 0x8d, 0x8d, 0x8d, 0x00, 0x8d, 0x8d, 0x8d, 0x00, 0x8d, 0x8d, 0x8d, 0x00, 0x8d, 0x8d, 0x8d, 0x00, 0x8d, 0x8d, 0x8d, 0x00, 0x8d, 0x8d, 0x8d, 0x00, 0x8d, 0x8d, 0x8d, 0x00,
    0x8d, 0x8d, 0x8d, 0x00, 0x8d, 0x8d, 0x8d, 0x00, 0x8d, 0x8d, 0x8d, 0x00, 0x8d, 0x8d, 0x8d, 0x00, 0x8d, 0x8d, 0x8d, 0x00, 0x8d, 0x8d, 0x8d, 0x00, 0x8d, 0x8d, 0x8d, 0x00, 0x8d, 0x8d, 0x8d, 0x00,
    0x8d, 0x8d, 0x8d, 0x00, 0x8d, 0x8d, 0x8d, 0x0d, 0x8d, 0x8d, 0x8d, 0x73, 0x8d, 0x8d, 0x8d, 0xe2, 0x8d, 0x8d, 0x8d, 0xff, 0x8d, 0x8d, 0x8d, 0xff, 0x8d, 0x8d, 0x8d, 0xff, 0x8d, 0x8d, 0x8d, 0xff,
    0x8d, 0x8d, 0x8d, 0xff, 0x8d, 0x8d, 0x8d, 0xff, 0x8d, 0x8d, 0x8d, 0xff, 0x8d, 0x8d, 0x8d, 0xff, 0x8d, 0x8d, 0x8d, 0xff, 0x8d, 0x8d, 0x8d, 0xff, 0x8d, 0x8d, 0x8d, 0xff, 0x8d, 0x8d, 0x8d, 0xff,
    0x8d, 0x8d, 0x8d, 0xff, 0x8d, 0x8d, 0x8d, 0xff, 0x8d, 0x8d, 0x8d, 0xff, 0x8d, 0x8d, 0x8d, 0xff, 0x8d, 0x8d, 0x8d, 0xff, 0x8d, 0x8d, 0x8d, 0xff, 0x8d, 0x8d, 0x8d, 0xff, 0x8d, 0x8d, 0x8d, 0xff,
    0x8d, 0x8d, 0x8d, 0xff, 0x8d, 0x8d, 0x8d, 0xff, 0x8d, 0x8d, 0x8d, 0xff, 0x8d, 0x8d, 0x8d, 0xff, 0x8d, 0x8d, 0x8d, 0xff, 0x8d, 0x8d, 0x8d, 0xff, 0x8d, 0x8d, 0x8d, 0xff, 0x8d, 0x8d, 0x8d, 0xff,
    0x8d, 0x8d, 0x8d, 0xff, 0x8d, 0x8d, 0x8d, 0xff, 0x8d, 0x8d, 0x8d, 0xfe, 0x8d, 0x8d, 0x8d, 0xf5, 0x8d, 0x8d, 0x8d, 0xdf, 0x8d, 0x8d, 0x8d, 0xc2, 0x8d, 0x8d, 0x8d, 0xa4, 0x8d, 0x8d, 0x8d, 0x87,
    0x8d, 0x8d, 0x8d, 0x6e, 0x8d, 0x8d, 0x8d, 0x58, 0x8d, 0x8d, 0x8d, 0x47, 0x8d, 0x8d, 0x8d, 0x3a, 0x8d, 0x8d, 0x8d, 0x30, 0x8d, 0x8d, 0x8d, 0x2b, 0x8d, 0x8d, 0x8d, 0x28, 0x8d, 0x8d, 0x8d, 0x28,
    0x8d, 0x8d, 0x8d, 0x2b, 0x8d, 0x8d, 0x8d, 0x30, 0x8d, 0x8d, 0x8d, 0x3a, 0x8d, 0x8d, 0x8d, 0x47, 0x8d, 0x8d, 0x8d, 0x58, 0x8d, 0x8d, 0x8d, 0x6e, 0x8d, 0x8d, 0x8d, 0x87, 0x8d, 0x8d, 0x8d, 0xa4,
    0x8d, 0x8d, 0x8d, 0xc2, 0x8d, 0x8d, 0x8d, 0xdf, 0x8d, 0x8d, 0x8d, 0xf5, 0x8d, 0x8d, 0x8d, 0xfe, 0x8d, 0x8d, 0x8d, 0xff, 0x8d, 0x8d, 0x8d, 0xff, 0x8d, 0x8d, 0x8d, 0xff, 0x8d, 0x8d, 0x8d, 0xff,
    0x8d, 0x8d, 0x8d, 0xff, 0x8d, 0x8d, 0x8d, 0xff, 0x8d, 0x8d, 0x8d, 0xff, 0x8d, 0x8d, 0x8d, 0xff, 0x8d, 0x8d, 0x8d, 0xff, 0x8d, 0x8d, 0x8d, 0xff, 0x8d, 0x8d, 0x8d, 0xff, 0x8d, 0x8d, 0x8d, 0xff,
    0x8d, 0x8d, 0x8d, 0xff, 0x8d, 0x8d, 0x8d, 0xff, 0x8d, 0x8d, 0x8d, 0xff, 0x8d, 0x8d, 0x8d, 0xff, 0x8d, 0x8d, 0x8d, 0xff, 0x8d, 0x8d, 0x8d, 0xff, 0x8d, 0x8d, 0x8d, 0xff, 0x8d, 0x8d, 0x8d, 0xff,
    0x8d, 0x8d, 0x8d, 0xff, 0x8d, 0x8d, 0x8d, 0xff, 0x8d, 0x8d, 0x8d, 0xff, 0x8d, 0x8d, 0x8d, 0xff, 0x8d, 0x8d, 0x8d, 0xff, 0x8d, 0x8d, 0x8d, 0xff, 0x8d, 0x8d, 0x8d, 0xff, 0x8d, 0x8d, 0x8d, 0xff,
    0x8d, 0x8d, 0x8d, 0xff, 0x8d, 0x8d, 0x8d, 0xff, 0x8d, 0x8d, 0x8d, 0xe2, 0x8d, 0x8d, 0x8d, 0x73, 0x8d, 0x8d, 0x8d, 0x0d, 0x8d, 0x8d, 0x8d, 0x00, 0x8d, 0x8d, 0x8d, 0x00, 0x8d, 0x8d, 0x8d, 0x00,
    0x8d, 0x8d, 0x8d, 0x00, 0x8d, 0x8d, 0x8d, 0x00, 0x8d, 0x8d, 0x8d, 0x00, 0x8d, 0x8d, 0x8d, 0x00, 0x8d, 0x8d, 0x8d, 0x00, 0x8d, 0x8d, 0x8d, 0x00, 0x8d, 0x8d, 0x8d, 0x00, 0x8d, 0x8d, 0x8d, 0x00,
    0x8d, 0x8d, 0x8d, 0x00, 0x8d, 0x8d, 0x8d, 0x00, 0x8d, 0x8d, 0x8d, 0x00, 0x8d, 0x8d, 0x8d, 0x00, 0x8d, 0x8d, 0x8d, 0x00, 0x8d, 0x8d, 0x8d, 0x00, 0x8d, 0x8d, 0x8d, 0x00, 0x8d, 0x8d, 0x8d, 0x00,
    0x8d, 0x8d, 0x8d, 0x00, 0x8d, 0x8d, 0x8d, 0x00, 0x8d, 0x8d, 0x8d, 0x00, 0x8d, 0x8d, 0x8d, 0x00, 0x8d, 0x8d, 0x8d, 0x00, 0x8d, 0x8d, 0x8d, 0x00, 0x8d, 0x8d, 0x8d, 0x00, 0x8d, 0x8d, 0x8d, 0x00,
    0x8d, 0x8d, 0x8d, 0x00, 0x8d, 0x8d, 0x8d, 0x00, 0x8d, 0x8d, 0x8d, 0x00, 0x8d, 0x8d, 0x8d, 0x00, 0x8d, 0x8d, 0x8d, 0x00, 0x8d, 0x8d, 0x8d, 0x00, 0x8d, 0x8d, 0x8d, 0x14, 0x8d, 0x8d, 0x8d, 0x84,
    0x8d, 0x8d, 0x8d, 0xee, 0x8d, 0x8d, 0x8d, 0xff, 0x8d, 0x8d, 0x8d, 0xff, 0x8d, 0x8d, 0x8d, 0xff, 0x8d, 0x8d, 0x8d, 0xff, 0x8d, 0x8d, 0x8d, 0xff, 0x8d, 0x8d, 0x8d, 0xff, 0x8d, 0x8d, 0x8d, 0xff,
    0x8d, 0x8d, 0x8d, 0xff, 0x8d, 0x8d, 0x8d, 0xff, 0x8d, 0x8d, 0x8d, 0xff, 0x8d, 0x8d, 0x8d, 0xff, 0x8d, 0x8d, 0x8d, 0xff, 0x8d, 0x8d, 0x8d, 0xff, 0x8d, 0x8d, 0x8d, 0xff, 0x8d, 0x8d, 0x8d, 0xff,
    0x8d, 0x8d, 0x8d, 0xff, 0x8d, 0x8d, 0x8d, 0xff, 0x8d, 0x8d, 0x8d, 0xff, 0x8d, 0x8d, 0x8d, 0xff, 0x8d, 0x8d, 0x8d, 0xff, 0x8d, 0x8d, 0x8d, 0xff, 0x8d, 0x8d, 0x8d, 0xff, 0x8d, 0x8d, 0x8d, 0xff,
    0x8d, 0x8d, 0x8d, 0xff, 0x8d, 0x8d, 0x8d, 0xff, 0x8d, 0x8d, 0x8d, 0xff, 0x8d, 0x8d, 0x8d, 0xff, 0x8d, 0x8d, 0x8d, 0xff, 0x8d, 0x8d, 0x8d, 0xf9, 0x8d, 0x8d, 0x8d, 0xdc, 0x8d, 0x8d, 0x8d, 0xb2,
    0x8d, 0x8d, 0x8d, 0x84, 0x8d, 0x8d, 0x8d, 0x58, 0x8d, 0x8d, 0x8d, 0x33, 0x8d, 0x8d, 0x8d, 0x18, 0x8d, 0x8d, 0x8d, 0x07, 0x8d, 0x8d, 0x8d, 0x00, 0x8d, 0x8d, 0x8d, 0x00, 0x8d, 0x8d, 0x8d, 0x00,
    0x8d, 0x8d, 0x8d, 0x00, 0x8d, 0x8d, 0x8d, 0x00, 0x8d, 0x8d, 0x8d, 0x00, 0x8d, 0x8d, 0x8d, 0x00, 0x8d, 0x8d, 0x8d, 0x00, 0x8d, 0x8d, 0x8d, 0x00, 0x8d, 0x8d, 0x8d, 0x00, 0x8d, 0x8d, 0x8d, 0x00,
    0x8d, 0x8d, 0x8d, 0x00, 0x8d, 0x8d, 0x8d, 0x00, 0x8d, 0x8d, 0x8d, 0x00, 0x8d, 0x8d, 0x8d, 0x00, 0x8d, 0x8d, 0x8d, 0x00, 0x8d, 0x8d, 0x8d, 0x07, 0x8d, 0x8d, 0x8d, 0x18, 0x8d, 0x8d, 0x8d, 0x33,
    0x8d, 0x8d, 0x8d, 0x58, 0x8d, 0x8d, 0x8d, 0x84, 0x8d, 0x8d, 0x8d, 0xb2, 0x8d, 0x8d, 0x8d, 0xdc, 0x8d, 0x8d, 0x8d, 0xf9, 0x8d, 0x8d, 0x8d, 0xff, 0x8d, 0x8d, 0x8d, 0xff, 0x8d, 0x8d, 0x8d, 0xff,
    0x8d, 0x8d, 0x8d, 0xff, 0x8d, 0x8d, 0x8d, 0xff, 0x8d, 0x8d, 0x8d, 0xff, 0x8d, 0x8d, 0x8d, 0xff, 0x8d, 0x8d, 0x8d, 0xff, 0x8d, 0x8d, 0x8d, 0xff, 0x8d, 0x8d, 0x8d, 0xff, 0x8d, 0x8d, 0x8d, 0xff,
    0x8d, 0x8d, 0x8d, 0xff, 0x8d, 0x8d, 0x8d, 0xff, 0x8d, 0x8d, 0x8d, 0xff, 0x8d, 0x8d, 0x8d, 0xff, 0x8d, 0x8d, 0x8d, 0xff, 0x8d, 0x8d, 0x8d, 0xff, 0x8d, 0x8d, 0x8d, 0xff, 0x8d, 0x8d, 0x8d, 0xff,
    0x8d, 0x8d, 0x8d, 0xff, 0x8d, 0x8d, 0x8d, 0xff, 0x8d, 0x8d, 0x8d, 0xff, 0x8d, 0x8d, 0x8d, 0xff, 0x8d, 0x8d, 0x8d, 0xff, 0x8d, 0x8d, 0x8d, 0xff, 0x8d, 0x8d, 0x8d, 0xff, 0x8d, 0x8d, 0x8d, 0xff,
    0x8d, 0x8d, 0x8d, 0xff, 0x8d, 0x8d, 0x8d, 0xee, 0x8d, 0x8d, 0x8d, 0x84, 0x8d, 0x8d, 0x8d, 0x14, 0x8d, 0x8d, 0x8d, 0x00, 0x8d, 0x8d, 0x8d, 0x00, 0x8d, 0x8d, 0x8d, 0x00, 0x8d, 0x8d, 0x8d, 0x00,
    0x8d, 0x8d, 0x8d, 0x00, 0x8d, 0x8d, 0x8d, 0x00, 0x8d, 0x8d, 0x8d, 0x00, 0x8d, 0x8d, 0x8d, 0x00, 0x8d, 0x8d, 0x8d, 0x00, 0x8d, 0x8d, 0x8d, 0x00, 0x8d, 0x8d, 0x8d, 0x00, 0x8d, 0x8d, 0x8d, 0x00,
    0x8d, 0x8d, 0x8d, 0x00, 0x8d, 0x8d, 0x8d, 0x00, 0x8d, 0x8d, 0x8d, 0x00, 0x8d, 0x8d, 0x8d, 0x00, 0x8d, 0x8d, 0x8d, 0x00, 0x8d, 0x8d, 0x8d, 0x00, 0x8d, 0x8d, 0x8d, 0x00, 0x8d, 0x8d, 0x8d, 0x00,
    0x8d, 0x8d, 0x8d, 0x00, 0x8d, 0x8d, 0x8d, 0x00, 0x8d, 0x8d, 0x8d, 0x00, 0x8d, 0x8d, 0x8d, 0x00, 0x8d, 0x8d, 0x8d, 0x00, 0x8d, 0x8d, 0x8d, 0x00, 0x8d, 0x8d, 0x8d, 0x00, 0x8d, 0x8d, 0x8d, 0x00,
    0x8d, 0x8d, 0x8d, 0x00, 0x8d, 0x8d, 0x8d, 0x00, 0x8d, 0x8d, 0x8d, 0x00, 0x8d, 0x8d, 0x8d, 0x1a, 0x8d, 0x8d, 0x8d, 0x8f, 0x8d, 0x8d, 0x8d, 0xf5, 0x8d, 0x8d, 0x8d, 0xff, 0x8d, 0x8d, 0x8d, 0xff,
    0x8d, 0x8d, 0x8d, 0xff, 0x8d, 0x8d, 0x8d, 0xff, 0x8d, 0x8d, 0x8d, 0xff, 0x8d, 0x8d, 0x8d, 0xff, 0x8d, 0x8d, 0x8d, 0xff, 0x8d, 0x8d, 0x8d, 0xff, 0x8d, 0x8d, 0x8d, 0xff, 0x8d, 0x8d, 0x8d, 0xff,
    0x8d, 0x8d, 0x8d, 0xff, 0x8d, 0x8d, 0x8d, 0xff, 0x8d, 0x8d, 0x8d, 0xff, 0x8d, 0x8d, 0x8d, 0xff, 0x8d, 0x8d, 0x8d, 0xff, 0x8d, 0x8d, 0x8d, 0xff, 0x8d, 0x8d, 0x8d, 0xff, 0x8d, 0x8d, 0x8d, 0xff,
    0x8d, 0x8d, 0x8d, 0xff, 0x8d, 0x8d, 0x8d, 0xff, 0x8d, 0x8d, 0x8d, 0xff, 0x8d, 0x8d, 0x8d, 0xff, 0x8d, 0x8d, 0x8d, 0xff, 0x8d, 0x8d, 0x8d, 0xff, 0x8d, 0x8d, 0x8d, 0xff, 0x8d, 0x8d, 0x8d, 0xff,
    0x8d, 0x8d, 0x8d, 0xfa, 0x8d, 0x8d, 0x8d, 0xd7, 0x8d, 0x8d, 0x8d, 0xa1, 0x8d, 0x8d, 0x8d, 0x66, 0x8d, 0x8d, 0x8d, 0x33, 0x8d, 0x8d, 0x8d, 0x10, 0x8d, 0x8d, 0x8d, 0x00, 0x8d, 0x8d, 0x8d, 0x00,
    0x8d, 0x8d, 0x8d, 0x00, 0x8d, 0x8d, 0x8d, 0x00, 0x8d, 0x8d, 0x8d, 0x00, 0x8d, 0x8d, 0x8d, 0x00, 0x8d, 0x8d, 0x8d, 0x00, 0x8d, 0x8d, 0x8d, 0x00, 0x8d, 0x8d, 0x8d, 0x00, 0x8d, 0x8d, 0x8d, 0x00,
    0x8d, 0x8d, 0x8d, 0x00, 0x8d, 0x8d, 0x8d, 0x00, 0x8d, 0x8d, 0x8d, 0x00, 0x8d, 0x8d, 0x8d, 0x00, 0x8d, 0x8d, 0x8d, 0x00, 0x8d, 0x8d, 0x8d, 0x00, 0x8d, 0x8d, 0x8d, 0x00, 0x8d, 0x8d, 0x8d, 0x00,
    0x8d, 0x8d, 0x8d, 0x00, 0x8d, 0x8d, 0x8d, 0x00, 0x8d, 0x8d, 0x8d, 0x00, 0x8d, 0x8d, 0x8d, 0x00, 0x8d, 0x8d, 0x8d, 0x00, 0x8d, 0x8d, 0x8d, 0x00, 0x8d, 0x8d, 0x8d, 0x00, 0x8d, 0x8d, 0x8d, 0x00,
    0x8d, 0x8d, 0x8d, 0x10, 0x8d, 0x8d, 0x8d, 0x33, 0x8d, 0x8d, 0x8d, 0x66, 0x8d, 0x8d, 0x8d, 0xa1, 0x8d, 0x8d, 0x8d, 0xd7, 0x8d, 0x8d, 0x8d, 0xfa, 0x8d, 0x8d, 0x8d, 0xff, 0x8d, 0x8d, 0x8d, 0xff,
    0x8d, 0x8d, 0x8d, 0xff, 0x8d, 0x8d, 0x8d, 0xff, 0x8d, 0x8d, 0x8d, 0xff, 0x8d, 0x8d, 0x8d, 0xff, 0x8d, 0x8d, 0x8d, 0xff, 0x8d, 0x8d, 0x8d, 0xff, 0x8d, 0x8d, 0x8d, 0xff, 0x8d, 0x8d, 0x8d, 0xff,
    0x8d, 0x8d, 0x8d, 0xff, 0x8d, 0x8d, 0x8d, 0xff, 0x8d, 0x8d, 0x8d, 0xff, 0x8d, 0x8d, 0x8d, 0xff, 0x8d, 0x8d, 0x8d, 0xff, 0x8d, 0x8d, 0x8d, 0xff, 0x8d, 0x8d, 0x8d, 0xff, 0x8d, 0x8d, 0x8d, 0xff,
    0x8d, 0x8d, 0x8d, 0xff, 0x8d, 0x8d, 0x8d, 0xff, 0x8d, 0x8d, 0x8d, 0xff, 0x8d, 0x8d, 0x8d, 0xff, 0x8d, 0x8d, 0x8d, 0xff, 0x8d, 0x8d, 0x8d, 0xff, 0x8d, 0x8d, 0x8d, 0xff, 0x8d, 0x8d, 0x8d, 0xff,
    0x8d, 0x8d, 0x8d, 0xf5, 0x8d, 0x8d, 0x8d, 0x8f, 0x8d, 0x8d, 0x8d, 0x1a, 0x8d, 0x8d, 0x8d, 0x00, 0x8d, 0x8d, 0x8d, 0x00, 0x8d, 0x8d, 0x8d, 0x00, 0x8d, 0x8d, 0x8d, 0x00, 0x8d, 0x8d, 0x8d, 0x00,
    0x8d, 0x8d, 0x8d, 0x00, 0x8d, 0x8d, 0x8d, 0x00, 0x8d, 0x8d, 0x8d, 0x00, 0x8d, 0x8d, 0x8d, 0x00, 0x8d, 0x8d, 0x8d, 0x00, 0x8d, 0x8d, 0x8d, 0x00, 0x8d, 0x8d, 0x8d, 0x00, 0x8d, 0x8d, 0x8d, 0x00,
    0x8d, 0x8d, 0x8d, 0x00, 0x8d, 0x8d, 0x8d, 0x00, 0x8d, 0x8d, 0x8d, 0x00, 0x8d, 0x8d, 0x8d, 0x00, 0x8d, 0x8d, 0x8d, 0x00, 0x8d, 0x8d, 0x8d, 0x00, 0x8d, 0x8d, 0x8d, 0x00, 0x8d, 0x8d, 0x8d, 0x00,
    0x8d, 0x8d, 0x8d, 0x00, 0x8d, 0x8d, 0x8d, 0x00, 0x8d, 0x8d, 0x8d, 0x00, 0x8d, 0x8d, 0x8d, 0x00, 0x8d, 0x8d, 0x8d, 0x00, 0x8d, 0x8d, 0x8d, 0x00, 0x8d, 0x8d, 0x8d, 0x00, 0x8d, 0x8d, 0x8d, 0x00,
    0x8d, 0x8d, 0x8d, 0x1b, 0x8d, 0x8d, 0x8d, 0x95, 0x8d, 0x8d, 0x8d, 0xf8, 0x8d, 0x8d, 0x8d, 0xff, 0x8d, 0x8d, 0x8d, 0xff, 0x8d, 0x8d, 0x8d, 0xff, 0x8d, 0x8d, 0x8d, 0xff, 0x8d, 0x8d, 0x8d, 0xff,
    0x8d, 0x8d, 0x8d, 0xff, 0x8d, 0x8d, 0x8d, 0xff, 0x8d, 0x8d, 0x8d, 0xff, 0x8d, 0x8d, 0x8d, 0xff, 0x8d, 0x8d, 0x8d, 0xff, 0x8d, 0x8d, 0x8d, 0xff, 0x8d, 0x8d, 0x8d, 0xff, 0x8d, 0x8d, 0x8d, 0xff,
    0x8d, 0x8d, 0x8d, 0xff, 0x8d, 0x8d, 0x8d, 0xff, 0x8d, 0x8d, 0x8d, 0xff, 0x8d, 0x8d, 0x8d, 0xff, 0x8d, 0x8d, 0x8d, 0xff, 0x8d, 0x8d, 0x8d, 0xff, 0x8d, 0x8d, 0x8d, 0xff, 0x8d, 0x8d, 0x8d, 0xff,
    0x8d, 0x8d, 0x8d, 0xff, 0x8d, 0x8d, 0x8d, 0xff, 0x8d, 0x8d, 0x8d, 0xff, 0x8d, 0x8d, 0x8d, 0xff, 0x8d, 0x8d, 0x8d, 0xea, 0x8d, 0x8d, 0x8d, 0xb2, 0x8d, 0x8d, 0x8d, 0x6e, 0x8d, 0x8d, 0x8d, 0x30,
    0x8d, 0x8d, 0x8d, 0x09, 0x8d, 0x8d, 0x8d, 0x00, 0x8d, 0x8d, 0x8d, 0x00, 0x8d, 0x8d, 0x8d, 0x00, 0x8d, 0x8d, 0x8d, 0x00, 0x8d, 0x8d, 0x8d, 0x00, 0x8d, 0x8d, 0x8d, 0x00, 0x8d, 0x8d, 0x8d, 0x00,
    0x8d, 0x8d, 0x8d, 0x00, 0x8d, 0x8d, 0x8d, 0x00, 0x8d, 0x8d, 0x8d, 0x00, 0x8d, 0x8d, 0x8d, 0x00, 0x8d, 0x8d, 0x8d, 0x00, 0x8d, 0x8d, 0x8d, 0x00, 0x8d, 0x8d, 0x8d, 0x00, 0x8d, 0x8d, 0x8d, 0x00,
    0x8d, 0x8d, 0x8d, 0x00, 0x8d, 0x8d, 0x8d, 0x00, 0x8d, 0x8d, 0x8d, 0x00, 0x8d, 0x8d, 0x8d, 0x00, 0x8d, 0x8d, 0x8d, 0x00, 0x8d, 0x8d, 0x8d, 0x00, 0x8d, 0x8d, 0x8d, 0x00, 0x8d, 0x8d, 0x8d, 0x00,
    0x8d, 0x8d, 0x8d, 0x00, 0x8d, 0x8d, 0x8d, 0x00, 0x8d, 0x8d, 0x8d, 0x00, 0x8d, 0x8d, 0x8d, 0x00, 0x8d, 0x8d, 0x8d, 0x00, 0x8d, 0x8d, 0x8d, 0x00, 0x8d, 0x8d, 0x8d, 0x00, 0x8d, 0x8d, 0x8d, 0x00,
    0x8d, 0x8d, 0x8d, 0x00, 0x8d, 0x8d, 0x8d, 0x09, 0x8d, 0x8d, 0x8d, 0x30, 0x8d, 0x8d, 0x8d, 0x6e, 0x8d, 0x8d, 0x8d, 0xb2, 0x8d, 0x8d, 0x8d, 0xea, 0x8d, 0x8d, 0x8d, 0xff, 0x8d, 0x8d, 0x8d, 0xff,
    0x8d, 0x8d, 0x8d, 0xff, 0x8d, 0x8d, 0x8d, 0xff, 0x8d, 0x8d, 0x8d, 0xff, 0x8d, 0x8d, 0x8d, 0xff, 0x8d, 0x8d, 0x8d, 0xff, 0x8d, 0x8d, 0x8d, 0xff, 0x8d, 0x8d, 0x8d, 0xff, 0x8d, 0x8d, 0x8d, 0xff,
    0x8d, 0x8d, 0x8d, 0xff, 0x8d, 0x8d, 0x8d, 0xff, 0x8d, 0x8d, 0x8d, 0xff, 0x8d, 0x8d, 0x8d, 0xff, 0x8d, 0x8d, 0x8d, 0xff, 0x8d, 0x8d, 0x8d, 0xff, 0x8d, 0x8d, 0x8d, 0xff, 0x8d, 0x8d, 0x8d, 0xff,
    0x8d, 0x8d, 0x8d, 0xff, 0x8d, 0x8d, 0x8d, 0xff, 0x8d, 0x8d, 0x8d, 0xff, 0x8d, 0x8d, 0x8d, 0xff, 0x8d, 0x8d, 0x8d, 0xff, 0x8d, 0x8d, 0x8d, 0xff, 0x8d, 0x8d, 0x8d, 0xff, 0x8d, 0x8d, 0x8d, 0xf8,
    0x8d, 0x8d, 0x8d, 0x95, 0x8d, 0x8d, 0x8d, 0x1b, 0x8d, 0x8d, 0x8d, 0x00, 0x8d, 0x8d, 0x8d, 0x00, 0x8d, 0x8d, 0x8d, 0x00, 0x8d, 0x8d, 0x8d, 0x00, 0x8d, 0x8d, 0x8d, 0x00, 0x8d, 0x8d, 0x8d, 0x00,
    0x8d, 0x8d, 0x8d, 0x00, 0x8d, 0x8d, 0x8d, 0x00, 0x8d, 0x8d, 0x8d, 0x00, 0x8d, 0x8d, 0x8d, 0x00, 0x8d, 0x8d, 0x8d, 0x00, 0x8d, 0x8d, 0x8d, 0x00, 0x8d, 0x8d, 0x8d, 0x00, 0x8d, 0x8d, 0x8d, 0x00,
    0x8d, 0x8d, 0x8d, 0x00, 0x8d, 0x8d, 0x8d, 0x00, 0x8d, 0x8d, 0x8d, 0x00, 0x8d, 0x8d, 0x8d, 0x00, 0x8d, 0x8d, 0x8d, 0x00, 0x8d, 0x8d, 0x8d, 0x00, 0x8d, 0x8d, 0x8d, 0x00, 0x8d, 0x8d, 0x8d, 0x00,
    0x8d, 0x8d, 0x8d, 0x00, 0x8d, 0x8d, 0x8d, 0x00, 0x8d, 0x8d, 0x8d, 0x00, 0x8d, 0x8d, 0x8d, 0x00, 0x8d, 0x8d, 0x8d, 0x00, 0x8d, 0x8d, 0x8d, 0x1a, 0x8d, 0x8d, 0x8d, 0x95, 0x8d, 0x8d, 0x8d, 0xf9,
    0x8d, 0x8d, 0x8d, 0xff, 0x8d, 0x8d, 0x8d, 0xff, 0x8d, 0x8d, 0x8d, 0xff, 0x8d, 0x8d, 0x8d, 0xff, 0x8d, 0x8d, 0x8d, 0xff, 0x8d, 0x8d, 0x8d, 0xff, 0x8d, 0x8d, 0x8d, 0xff, 0x8d, 0x8d, 0x8d, 0xff,
    0x8d, 0x8d, 0x8d, 0xff, 0x8d, 0x8d, 0x8d, 0xff, 0x8d, 0x8d, 0x8d, 0xff, 0x8d, 0x8d, 0x8d, 0xff, 0x8d, 0x8d, 0x8d, 0xff, 0x8d, 0x8d, 0x8d, 0xff, 0x8d, 0x8d, 0x8d, 0xff, 0x8d, 0x8d, 0x8d, 0xff,
    0x8d, 0x8d, 0x8d, 0xff, 0x8d, 0x8d, 0x8d, 0xff, 0x8d, 0x8d, 0x8d, 0xff, 0x8d, 0x8d, 0x8d, 0xff, 0x8d, 0x8d, 0x8d, 0xff, 0x8d, 0x8d, 0x8d, 0xff, 0x8d, 0x8d, 0x8d, 0xff, 0x8d, 0x8d, 0x8d, 0xfe,
    0x8d, 0x8d, 0x8d, 0xdf, 0x8d, 0x8d, 0x8d, 0x99, 0x8d, 0x8d, 0x8d, 0x4d, 0x8d, 0x8d, 0x8d, 0x14, 0x8d, 0x8d, 0x8d, 0x00, 0x8d, 0x8d, 0x8d, 0x00, 0x8d, 0x8d, 0x8d, 0x00, 0x8d, 0x8d, 0x8d, 0x00,
    0x8d, 0x8d, 0x8d, 0x00, 0x8d, 0x8d, 0x8d, 0x00, 0x8d, 0x8d, 0x8d, 0x00, 0x8d, 0x8d, 0x8d, 0x00, 0x8d, 0x8d, 0x8d, 0x00, 0x8d, 0x8d, 0x8d, 0x00, 0x8d, 0x8d, 0x8d, 0x00, 0x8d, 0x8d, 0x8d, 0x00,
    0x8d, 0x8d, 0x8d, 0x00, 0x8d, 0x8d, 0x8d, 0x00, 0x8d, 0x8d, 0x8d, 0x00, 0x8d, 0x8d, 0x8d, 0x00, 0x8d, 0x8d, 0x8d, 0x00, 0x8d, 0x8d, 0x8d, 0x00, 0x8d, 0x8d, 0x8d, 0x00, 0x8d, 0x8d, 0x8d, 0x00,
    0x8d, 0x8d, 0x8d, 0x00, 0x8d, 0x8d, 0x8d, 0x00, 0x8d, 0x8d, 0x8d, 0x00, 0x8d, 0x8d, 0x8d, 0x00, 0x8d, 0x8d, 0x8d, 0x00, 0x8d, 0x8d, 0x8d, 0x00, 0x8d, 0x8d, 0x8d, 0x00, 0x8d, 0x8d, 0x8d, 0x00,
    0x8d, 0x8d, 0x8d, 0x00, 0x8d, 0x8d, 0x8d, 0x00, 0x8d, 0x8d, 0x8d, 0x00, 0x8d, 0x8d, 0x8d, 0x00, 0x8d, 0x8d, 0x8d, 0x00, 0x8d, 0x8d, 0x8d, 0x00, 0x8d, 0x8d, 0x8d, 0x00, 0x8d, 0x8d, 0x8d, 0x00,
    0x8d, 0x8d, 0x8d, 0x00, 0x8d, 0x8d, 0x8d, 0x00, 0x8d, 0x8d, 0x8d, 0x14, 0x8d, 0x8d, 0x8d, 0x4d, 0x8d, 0x8d, 0x8d, 0x99, 0x8d, 0x8d, 0x8d, 0xdf, 0x8d, 0x8d, 0x8d, 0xfe, 0x8d, 0x8d, 0x8d, 0xff,
    0x8d, 0x8d, 0x8d, 0xff, 0x8d, 0x8d, 0x8d, 0xff, 0x8d, 0x8d, 0x8d, 0xff, 0x8d, 0x8d, 0x8d, 0xff, 0x8d, 0x8d, 0x8d, 0xff, 0x8d, 0x8d, 0x8d, 0xff, 0x8d, 0x8d, 0x8d, 0xff, 0x8d, 0x8d, 0x8d, 0xff,
    0x8d, 0x8d, 0x8d, 0xff, 0x8d, 0x8d, 0x8d, 0xff, 0x8d, 0x8d, 0x8d, 0xff, 0x8d, 0x8d, 0x8d, 0xff, 0x8d, 0x8d, 0x8d, 0xff, 0x8d, 0x8d, 0x8d, 0xff, 0x8d, 0x8d, 0x8d, 0xff, 0x8d, 0x8d, 0x8d, 0xff,
    0x8d, 0x8d, 0x8d, 0xff, 0x8d, 0x8d, 0x8d, 0xff, 0x8d, 0x8d, 0x8d, 0xff, 0x8d, 0x8d, 0x8d, 0xff, 0x8d, 0x8d, 0x8d, 0xff, 0x8d, 0x8d, 0x8d, 0xff, 0x8d, 0x8d, 0x8d, 0xf9, 0x8d, 0x8d, 0x8d, 0x95,
    0x8d, 0x8d, 0x8d, 0x1a, 0x8d, 0x8d, 0x8d, 0x00, 0x8d, 0x8d, 0x8d, 0x00, 0x8d, 0x8d, 0x8d, 0x00, 0x8d, 0x8d, 0x8d, 0x00, 0x8d, 0x8d, 0x8d, 0x00, 0x8d, 0x8d, 0x8d, 0x00, 0x8d, 0x8d, 0x8d, 0x00,
    0x8d, 0x8d, 0x8d, 0x00, 0x8d, 0x8d, 0x8d, 0x00, 0x8d, 0x8d, 0x8d, 0x00, 0x8d, 0x8d, 0x8d, 0x00, 0x8d, 0x8d, 0x8d, 0x00, 0x8d, 0x8d, 0x8d, 0x00, 0x8d, 0x8d, 0x8d, 0x00, 0x8d, 0x8d, 0x8d, 0x00,
    0x8d, 0x8d, 0x8d, 0x00, 0x8d, 0x8d, 0x8d, 0x00, 0x8d, 0x8d, 0x8d, 0x00, 0x8d, 0x8d, 0x8d, 0x00, 0x8d, 0x8d, 0x8d, 0x00, 0x8d, 0x8d, 0x8d, 0x00, 0x8d, 0x8d, 0x8d, 0x00, 0x8d, 0x8d, 0x8d, 0x00,
    0x8d, 0x8d, 0x8d, 0x00, 0x8d, 0x8d, 0x8d, 0x00, 0x8d, 0x8d, 0x8d, 0x14, 0x8d, 0x8d, 0x8d, 0x8f, 0x8d, 0x8d, 0x8d, 0xf8, 0x8d, 0x8d, 0x8d, 0xff, 0x8d, 0x8d, 0x8d, 0xff, 0x8d, 0x8d, 0x8d, 0xff,
    0x8d, 0x8d, 0x8d, 0xff, 0x8d, 0x8d, 0x8d, 0xff, 0x8d, 0x8d, 0x8d, 0xff, 0x8d, 0x8d, 0x8d, 0xff, 0x8d, 0x8d, 0x8d, 0xff, 0x8d, 0x8d, 0x8d, 0xff, 0x8d, 0x8d, 0x8d, 0xff, 0x8d, 0x8d, 0x8d, 0xff,
    0x8d, 0x8d, 0x8d, 0xff, 0x8d, 0x8d, 0x8d, 0xff, 0x8d, 0x8d, 0x8d, 0xff, 0x8d, 0x8d, 0x8d, 0xff, 0x8d, 0x8d, 0x8d, 0xff, 0x8d, 0x8d, 0x8d, 0xff, 0x8d, 0x8d, 0x8d, 0xff, 0x8d, 0x8d, 0x8d, 0xff,
    0x8d, 0x8d, 0x8d, 0xff, 0x8d, 0x8d, 0x8d, 0xff, 0x8d, 0x8d, 0x8d, 0xff, 0x8d, 0x8d, 0x8d, 0xff, 0x8d, 0x8d, 0x8d, 0xdf, 0x8d, 0x8d, 0x8d, 0x92, 0x8d, 0x8d, 0x8d, 0x40, 0x8d, 0x8d, 0x8d, 0x09,
    0x8d, 0x8d, 0x8d, 0x00, 0x8d, 0x8d, 0x8d, 0x00, 0x8d, 0x8d, 0x8d, 0x00, 0x8d, 0x8d, 0x8d, 0x00, 0x8d, 0x8d, 0x8d, 0x00, 0x8d, 0x8d, 0x8d, 0x00, 0x8d, 0x8d, 0x8d, 0x00, 0x8d, 0x8d, 0x8d, 0x00,
    0x8d, 0x8d, 0x8d, 0x00, 0x8d, 0x8d, 0x8d, 0x00, 0x8d, 0x8d, 0x8d, 0x00, 0x8d, 0x8d, 0x8d, 0x00, 0x8d, 0x8d, 0x8d, 0x00, 0x8d, 0x8d, 0x8d, 0x00, 0x8d, 0x8d, 0x8d, 0x00, 0x8d, 0x8d, 0x8d, 0x05,
    0x8d, 0x8d, 0x8d, 0x0d, 0x8d, 0x8d, 0x8d, 0x16, 0x8d, 0x8d, 0x8d, 0x1e, 0x8d, 0x8d, 0x8d, 0x24, 0x8d, 0x8d, 0x8d, 0x27, 0x8d, 0x8d, 0x8d, 0x27, 0x8d, 0x8d, 0x8d, 0x24, 0x8d, 0x8d, 0x8d, 0x1e,
    0x8d, 0x8d, 0x8d, 0x16, 0x8d, 0x8d, 0x8d, 0x0d, 0x8d, 0x8d, 0x8d, 0x05, 0x8d, 0x8d, 0x8d, 0x00, 0x8d, 0x8d, 0x8d, 0x00, 0x8d, 0x8d, 0x8d, 0x00, 0x8d, 0x8d, 0x8d, 0x00, 0x8d, 0x8d, 0x8d, 0x00,
    0x8d, 0x8d, 0x8d, 0x00, 0x8d, 0x8d, 0x8d, 0x00, 0x8d, 0x8d, 0x8d, 0x00, 0x8d, 0x8d, 0x8d, 0x00, 0x8d, 0x8d, 0x8d, 0x00, 0x8d, 0x8d, 0x8d, 0x00, 0x8d, 0x8d, 0x8d, 0x00, 0x8d, 0x8d, 0x8d, 0x00,
    0x8d, 0x8d, 0x8d, 0x00, 0x8d, 0x8d, 0x8d, 0x00, 0x8d, 0x8d, 0x8d, 0x09, 0x8d, 0x8d, 0x8d, 0x40, 0x8d, 0x8d, 0x8d, 0x92, 0x8d, 0x8d, 0x8d, 0xdf, 0x8d, 0x8d, 0x8d, 0xff, 0x8d, 0x8d, 0x8d, 0xff,
    0x8d, 0x8d, 0x8d, 0xff, 0x8d, 0x8d, 0x8d, 0xff, 0x8d, 0x8d, 0x8d, 0xff, 0x8d, 0x8d, 0x8d, 0xff, 0x8d, 0x8d, 0x8d, 0xff, 0x8d, 0x8d, 0x8d, 0xff, 0x8d, 0x8d, 0x8d, 0xff, 0x8d, 0x8d, 0x8d, 0xff,
    0x8d, 0x8d, 0x8d, 0xff, 0x8d, 0x8d, 0x8d, 0xff, 0x8d, 0x8d, 0x8d, 0xff, 0x8d, 0x8d, 0x8d, 0xff, 0x8d, 0x8d, 0x8d, 0xff, 0x8d, 0x8d, 0x8d, 0xff, 0x8d, 0x8d, 0x8d, 0xff, 0x8d, 0x8d, 0x8d, 0xff,
    0x8d, 0x8d, 0x8d, 0xff, 0x8d, 0x8d, 0x8d, 0xff, 0x8d, 0x8d, 0x8d, 0xff, 0x8d, 0x8d, 0x8d, 0xff, 0x8d, 0x8d, 0x8d, 0xff, 0x8d, 0x8d, 0x8d, 0xf8, 0x8d, 0x8d, 0x8d, 0x8f, 0x8d, 0x8d, 0x8d, 0x14,
    0x8d, 0x8d, 0x8d, 0x00, 0x8d, 0x8d, 0x8d, 0x00, 0x8d, 0x8d, 0x8d, 0x00, 0x8d, 0x8d, 0x8d, 0x00, 0x8d, 0x8d, 0x8d, 0x00, 0x8d, 0x8d, 0x8d, 0x00, 0x8d, 0x8d, 0x8d, 0x00, 0x8d, 0x8d, 0x8d, 0x00,
    0x8d, 0x8d, 0x8d, 0x00, 0x8d, 0x8d, 0x8d, 0x00, 0x8d, 0x8d, 0x8d, 0x00, 0x8d, 0x8d, 0x8d, 0x00, 0x8d, 0x8d, 0x8d, 0x00, 0x8d, 0x8d, 0x8d, 0x00, 0x8d, 0x8d, 0x8d, 0x00, 0x8d, 0x8d, 0x8d, 0x00,
    0x8d, 0x8d, 0x8d, 0x00, 0x8d, 0x8d, 0x8d, 0x00, 0x8d, 0x8d, 0x8d, 0x00, 0x8d, 0x8d, 0x8d, 0x00, 0x8d, 0x8d, 0x8d, 0x00, 0x8d, 0x8d, 0x8d, 0x00, 0x8d, 0x8d, 0x8d, 0x00, 0x8d, 0x8d, 0x8d, 0x0d,
    0x8d, 0x8d, 0x8d, 0x84, 0x8d, 0x8d, 0x8d, 0xf5, 0x8d, 0x8d, 0x8d, 0xff, 0x8d, 0x8d, 0x8d, 0xff, 0x8d, 0x8d, 0x8d, 0xff, 0x8d, 0x8d, 0x8d, 0xff, 0x8d, 0x8d, 0x8d, 0xff, 0x8d, 0x8d, 0x8d, 0xff,
    0x8d, 0x8d, 0x8d, 0xff, 0x8d, 0x8d, 0x8d, 0xff, 0x8d, 0x8d, 0x8d, 0xff, 0x8d, 0x8d, 0x8d, 0xff, 0x8d, 0x8d, 0x8d, 0xff, 0x8d, 0x8d, 0x8d, 0xff, 0x8d, 0x8d, 0x8d, 0xff, 0x8d, 0x8d, 0x8d, 0xff,
    0x8d, 0x8d, 0x8d, 0xff, 0x8d, 0x8d, 0x8d, 0xff, 0x8d, 0x8d, 0x8d, 0xff, 0x8d, 0x8d, 0x8d, 0xff, 0x8d, 0x8d, 0x8d, 0xff, 0x8d, 0x8d, 0x8d, 0xff, 0x8d, 0x8d, 0x8d, 0xff, 0x8d, 0x8d, 0x8d, 0xff,
    0x8d, 0x8d, 0x8d, 0xea, 0x8d, 0x8d, 0x8d, 0x9d, 0x8d, 0x8d, 0x8d, 0x43, 0x8d, 0x8d, 0x8d, 0x07, 0x8d, 0x8d, 0x8d, 0x00, 0x8d, 0x8d, 0x8d, 0x00, 0x8d, 0x8d, 0x8d, 0x00, 0x8d, 0x8d, 0x8d, 0x00,
    0x8d, 0x8d, 0x8d, 0x00, 0x8d, 0x8d, 0x8d, 0x00, 0x8d, 0x8d, 0x8d, 0x00, 0x8d, 0x8d, 0x8d, 0x00, 0x8d, 0x8d, 0x8d, 0x00, 0x8d, 0x8d, 0x8d, 0x00, 0x8d, 0x8d, 0x8d, 0x00, 0x8d, 0x8d, 0x8d, 0x00,
    0x8d, 0x8d, 0x8d, 0x0f, 0x8d, 0x8d, 0x8d, 0x2a, 0x8d, 0x8d, 0x8d, 0x4a, 0x8d, 0x8d, 0x8d, 0x69, 0x8d, 0x8d, 0x8d, 0x86, 0x8d, 0x8d, 0x8d, 0x9f, 0x8d, 0x8d, 0x8d, 0xb3, 0x8d, 0x8d, 0x8d, 0xc2,
    0x8d, 0x8d, 0x8d, 0xcc, 0x8d, 0x8d, 0x8d, 0xd3, 0x8d, 0x8d, 0x8d, 0xd6, 0x8d, 0x8d, 0x8d, 0xd6, 0x8d, 0x8d, 0x8d, 0xd3, 0x8d, 0x8d, 0x8d, 0xcc, 0x8d, 0x8d, 0x8d, 0xc2, 0x8d, 0x8d, 0x8d, 0xb3,
    0x8d, 0x8d, 0x8d, 0x9f, 0x8d, 0x8d, 0x8d, 0x86, 0x8d, 0x8d, 0x8d, 0x69, 0x8d, 0x8d, 0x8d, 0x4a, 0x8d, 0x8d, 0x8d, 0x2a, 0x8d, 0x8d, 0x8d, 0x0f, 0x8d, 0x8d, 0x8d, 0x00, 0x8d, 0x8d, 0x8d, 0x00,
    0x8d, 0x8d, 0x8d, 0x00, 0x8d, 0x8d, 0x8d, 0x00, 0x8d, 0x8d, 0x8d, 0x00, 0x8d, 0x8d, 0x8d, 0x00, 0x8d, 0x8d, 0x8d, 0x00, 0x8d, 0x8d, 0x8d, 0x00, 0x8d, 0x8d, 0x8d, 0x00, 0x8d, 0x8d, 0x8d, 0x00,
    0x8d, 0x8d, 0x8d, 0x00, 0x8d, 0x8d, 0x8d, 0x00, 0x8d, 0x8d, 0x8d, 0x07, 0x8d, 0x8d, 0x8d, 0x43, 0x8d, 0x8d, 0x8d, 0x9d, 0x8d, 0x8d, 0x8d, 0xea, 0x8d, 0x8d, 0x8d, 0xff, 0x8d, 0x8d, 0x8d, 0xff,
    0x8d, 0x8d, 0x8d, 0xff, 0x8d, 0x8d, 0x8d, 0xff, 0x8d, 0x8d, 0x8d, 0xff, 0x8d, 0x8d, 0x8d, 0xff, 0x8d, 0x8d, 0x8d, 0xff, 0x8d, 0x8d, 0x8d, 0xff, 0x8d, 0x8d, 0x8d, 0xff, 0x8d, 0x8d, 0x8d, 0xff,
    0x8d, 0x8d, 0x8d, 0xff, 0x8d, 0x8d, 0x8d, 0xff, 0x8d, 0x8d, 0x8d, 0xff, 0x8d, 0x8d, 0x8d, 0xff, 0x8d, 0x8d, 0x8d, 0xff, 0x8d, 0x8d, 0x8d, 0xff, 0x8d, 0x8d, 0x8d, 0xff, 0x8d, 0x8d, 0x8d, 0xff,
    0x8d, 0x8d, 0x8d, 0xff, 0x8d, 0x8d, 0x8d, 0xff, 0x8d, 0x8d, 0x8d, 0xff, 0x8d, 0x8d, 0x8d, 0xff, 0x8d, 0x8d, 0x8d, 0xf5, 0x8d, 0x8d, 0x8d, 0x84, 0x8d, 0x8d, 0x8d, 0x0d, 0x8d, 0x8d, 0x8d, 0x00,
    0x8d, 0x8d, 0x8d, 0x00, 0x8d, 0x8d, 0x8d, 0x00, 0x8d, 0x8d, 0x8d, 0x00, 0x8d, 0x8d, 0x8d, 0x00, 0x8d, 0x8d, 0x8d, 0x00, 0x8d, 0x8d, 0x8d, 0x00, 0x8d, 0x8d, 0x8d, 0x00, 0x8d, 0x8d, 0x8d, 0x00,
    0x8d, 0x8d, 0x8d, 0x00, 0x8d, 0x8d, 0x8d, 0x00, 0x8d, 0x8d, 0x8d, 0x00, 0x8d, 0x8d, 0x8d, 0x00, 0x8d, 0x8d, 0x8d, 0x00, 0x8d, 0x8d, 0x8d, 0x00, 0x8d, 0x8d, 0x8d, 0x00, 0x8d, 0x8d, 0x8d, 0x00,
    0x8d, 0x8d, 0x8d, 0x00, 0x8d, 0x8d, 0x8d, 0x00, 0x8d, 0x8d, 0x8d, 0x00, 0x8d, 0x8d, 0x8d, 0x00, 0x8d, 0x8d, 0x8d, 0x05, 0x8d, 0x8d, 0x8d, 0x73, 0x8d, 0x8d, 0x8d, 0xee, 0x8d, 0x8d, 0x8d, 0xff,
    0x8d, 0x8d, 0x8d, 0xff, 0x8d, 0x8d, 0x8d, 0xff, 0x8d, 0x8d, 0x8d, 0xff, 0x8d, 0x8d, 0x8d, 0xff, 0x8d, 0x8d, 0x8d, 0xff, 0x8d, 0x8d, 0x8d, 0xff, 0x8d, 0x8d, 0x8d, 0xff, 0x8d, 0x8d, 0x8d, 0xff,
    0x8d, 0x8d, 0x8d, 0xff, 0x8d, 0x8d, 0x8d, 0xff, 0x8d, 0x8d, 0x8d, 0xff, 0x8d, 0x8d, 0x8d, 0xff, 0x8d, 0x8d, 0x8d, 0xff, 0x8d, 0x8d, 0x8d, 0xff, 0x8d, 0x8d, 0x8d, 0xff, 0x8d, 0x8d, 0x8d, 0xff,
    0x8d, 0x8d, 0x8d, 0xff, 0x8d, 0x8d, 0x8d, 0xff, 0x8d, 0x8d, 0x8d, 0xff, 0x8d, 0x8d, 0x8d, 0xff, 0x8d, 0x8d, 0x8d, 0xfa, 0x8d, 0x8d, 0x8d, 0xb9, 0x8d, 0x8d, 0x8d, 0x58, 0x8d, 0x8d, 0x8d, 0x0e,
    0x8d, 0x8d, 0x8d, 0x00, 0x8d, 0x8d, 0x8d, 0x00, 0x8d, 0x8d, 0x8d, 0x00, 0x8d, 0x8d, 0x8d, 0x00, 0x8d, 0x8d, 0x8d, 0x00, 0x8d, 0x8d, 0x8d, 0x00, 0x8d, 0x8d, 0x8d, 0x00, 0x8d, 0x8d, 0x8d, 0x00,
    0x8d, 0x8d, 0x8d, 0x00, 0x8d, 0x8d, 0x8d, 0x00, 0x8d, 0x8d, 0x8d, 0x06, 0x8d, 0x8d, 0x8d, 0x27, 0x8d, 0x8d, 0x8d, 0x55, 0x8d, 0x8d, 0x8d, 0x86, 0x8d, 0x8d, 0x8d, 0xb3, 0x8d, 0x8d, 0x8d, 0xd6,
    0x8d, 0x8d, 0x8d, 0xef, 0x8d, 0x8d, 0x8d, 0xfc, 0x8d, 0x8d, 0x8d, 0xff, 0x8d, 0x8d, 0x8d, 0xff, 0x8d, 0x8d, 0x8d, 0xff, 0x8d, 0x8d, 0x8d, 0xff, 0x8d, 0x8d, 0x8d, 0xff, 0x8d, 0x8d, 0x8d, 0xff,
    0x8d, 0x8d, 0x8d, 0xff, 0x8d, 0x8d, 0x8d, 0xff, 0x8d, 0x8d, 0x8d, 0xff, 0x8d, 0x8d, 0x8d, 0xff, 0x8d, 0x8d, 0x8d, 0xff, 0x8d, 0x8d, 0x8d, 0xff, 0x8d, 0x8d, 0x8d, 0xff, 0x8d, 0x8d, 0x8d, 0xff,
    0x8d, 0x8d, 0x8d, 0xfc, 0x8d, 0x8d, 0x8d, 0xef, 0x8d, 0x8d, 0x8d, 0xd6, 0x8d, 0x8d, 0x8d, 0xb3, 0x8d, 0x8d, 0x8d, 0x86, 0x8d, 0x8d, 0x8d, 0x55, 0x8d, 0x8d, 0x8d, 0x27, 0x8d, 0x8d, 0x8d, 0x06,
    0x8d, 0x8d, 0x8d, 0x00, 0x8d, 0x8d, 0x8d, 0x00, 0x8d, 0x8d, 0x8d, 0x00, 0x8d, 0x8d, 0x8d, 0x00, 0x8d, 0x8d, 0x8d, 0x00, 0x8d, 0x8d, 0x8d, 0x00, 0x8d, 0x8d, 0x8d, 0x00, 0x8d, 0x8d, 0x8d, 0x00,
    0x8d, 0x8d, 0x8d, 0x00, 0x8d, 0x8d, 0x8d, 0x00, 0x8d, 0x8d, 0x8d, 0x0e, 0x8d, 0x8d, 0x8d, 0x58, 0x8d, 0x8d, 0x8d, 0xb9, 0x8d, 0x8d, 0x8d, 0xfa, 0x8d, 0x8d, 0x8d, 0xff, 0x8d, 0x8d, 0x8d, 0xff,
    0x8d, 0x8d, 0x8d, 0xff, 0x8d, 0x8d, 0x8d, 0xff, 0x8d, 0x8d, 0x8d, 0xff, 0x8d, 0x8d, 0x8d, 0xff, 0x8d, 0x8d, 0x8d, 0xff, 0x8d, 0x8d, 0x8d, 0xff, 0x8d, 0x8d, 0x8d, 0xff, 0x8d, 0x8d, 0x8d, 0xff,
    0x8d, 0x8d, 0x8d, 0xff, 0x8d, 0x8d, 0x8d, 0xff, 0x8d, 0x8d, 0x8d, 0xff, 0x8d, 0x8d, 0x8d, 0xff, 0x8d, 0x8d, 0x8d, 0xff, 0x8d, 0x8d, 0x8d, 0xff, 0x8d, 0x8d, 0x8d, 0xff, 0x8d, 0x8d, 0x8d, 0xff,
    0x8d, 0x8d, 0x8d, 0xff, 0x8d, 0x8d, 0x8d, 0xff, 0x8d, 0x8d, 0x8d, 0xff, 0x8d, 0x8d, 0x8d, 0xee, 0x8d, 0x8d, 0x8d, 0x73, 0x8d, 0x8d, 0x8d, 0x05, 0x8d, 0x8d, 0x8d, 0x00, 0x8d, 0x8d, 0x8d, 0x00,
    0x8d, 0x8d, 0x8d, 0x00, 0x8d, 0x8d, 0x8d, 0x00, 0x8d, 0x8d, 0x8d, 0x00, 0x8d, 0x8d, 0x8d, 0x00, 0x8d, 0x8d, 0x8d, 0x00, 0x8d, 0x8d, 0x8d, 0x00, 0x8d, 0x8d, 0x8d, 0x00, 0x8d, 0x8d, 0x8d, 0x00,
    0x8d, 0x8d, 0x8d, 0x00, 0x8d, 0x8d, 0x8d, 0x00, 0x8d, 0x8d, 0x8d, 0x00, 0x8d, 0x8d, 0x8d, 0x00, 0x8d, 0x8d, 0x8d, 0x00, 0x8d, 0x8d, 0x8d, 0x00, 0x8d, 0x8d, 0x8d, 0x00, 0x8d, 0x8d, 0x8d, 0x00,
    0x8d, 0x8d, 0x8d, 0x00, 0x8d, 0x8d, 0x8d, 0x00, 0x8d, 0x8d, 0x8d, 0x5d, 0x8d, 0x8d, 0x8d, 0xe2, 0x8d, 0x8d, 0x8d, 0xff, 0x8d, 0x8d, 0x8d, 0xff, 0x8d, 0x8d, 0x8d, 0xff, 0x8d, 0x8d, 0x8d, 0xff,
    0x8d, 0x8d, 0x8d, 0xff, 0x8d, 0x8d, 0x8d, 0xff, 0x8d, 0x8d, 0x8d, 0xff, 0x8d, 0x8d, 0x8d, 0xff, 0x8d, 0x8d, 0x8d, 0xff, 0x8d, 0x8d, 0x8d, 0xff, 0x8d, 0x8d, 0x8d, 0xff, 0x8d, 0x8d, 0x8d, 0xff,
    0x8d, 0x8d, 0x8d, 0xff, 0x8d, 0x8d, 0x8d, 0xff, 0x8d, 0x8d, 0x8d, 0xff, 0x8d, 0x8d, 0x8d, 0xff, 0x8d, 0x8d, 0x8d, 0xff, 0x8d, 0x8d, 0x8d, 0xff, 0x8d, 0x8d, 0x8d, 0xff, 0x8d, 0x8d, 0x8d, 0xff,
    0x8d, 0x8d, 0x8d, 0xff, 0x8d, 0x8d, 0x8d, 0xdf, 0x8d, 0x8d, 0x8d, 0x80, 0x8d, 0x8d, 0x8d, 0x22, 0x8d, 0x8d, 0x8d, 0x00, 0x8d, 0x8d, 0x8d, 0x00, 0x8d, 0x8d, 0x8d, 0x00, 0x8d, 0x8d, 0x8d, 0x00,
    0x8d, 0x8d, 0x8d, 0x00, 0x8d, 0x8d, 0x8d, 0x00, 0x8d, 0x8d, 0x8d, 0x00, 0x8d, 0x8d, 0x8d, 0x00, 0x8d, 0x8d, 0x8d, 0x00, 0x8d, 0x8d, 0x8d, 0x02, 0x8d, 0x8d, 0x8d, 0x24, 0x8d, 0x8d, 0x8d, 0x5d,
    0x8d, 0x8d, 0x8d, 0x9b, 0x8d, 0x8d, 0x8d, 0xd0, 0x8d, 0x8d, 0x8d, 0xf3, 0x8d, 0x8d, 0x8d, 0xff, 0x8d, 0x8d, 0x8d, 0xff, 0x8d, 0x8d, 0x8d, 0xff, 0x8d, 0x8d, 0x8d, 0xff, 0x8d, 0x8d, 0x8d, 0xff,
    0x8d, 0x8d, 0x8d, 0xff, 0x8d, 0x8d, 0x8d, 0xff, 0x8d, 0x8d, 0x8d, 0xff, 0x8d, 0x8d, 0x8d, 0xff, 0x8d, 0x8d, 0x8d, 0xff, 0x8d, 0x8d, 0x8d, 0xff, 0x8d, 0x8d, 0x8d, 0xff, 0x8d, 0x8d, 0x8d, 0xff,
    0x8d, 0x8d, 0x8d, 0xff, 0x8d, 0x8d, 0x8d, 0xff, 0x8d, 0x8d, 0x8d, 0xff, 0x8d, 0x8d, 0x8d, 0xff, 0x8d, 0x8d, 0x8d, 0xff, 0x8d, 0x8d, 0x8d, 0xff, 0x8d, 0x8d, 0x8d, 0xff, 0x8d, 0x8d, 0x8d, 0xff,
    0x8d, 0x8d, 0x8d, 0xff, 0x8d, 0x8d, 0x8d, 0xff, 0x8d, 0x8d, 0x8d, 0xff, 0x8d, 0x8d, 0x8d, 0xf3, 0x8d, 0x8d, 0x8d, 0xd0, 0x8d, 0x8d, 0x8d, 0x9b, 0x8d, 0x8d, 0x8d, 0x5d, 0x8d, 0x8d, 0x8d, 0x24,
    0x8d, 0x8d, 0x8d, 0x02, 0x8d, 0x8d, 0x8d, 0x00, 0x8d, 0x8d, 0x8d, 0x00, 0x8d, 0x8d, 0x8d, 0x00, 0x8d, 0x8d, 0x8d, 0x00, 0x8d, 0x8d, 0x8d, 0x00, 0x8d, 0x8d, 0x8d, 0x00, 0x8d, 0x8d, 0x8d, 0x00,
    0x8d, 0x8d, 0x8d, 0x00, 0x8d, 0x8d, 0x8d, 0x00, 0x8d, 0x8d, 0x8d, 0x22, 0x8d, 0x8d, 0x8d, 0x80, 0x8d, 0x8d, 0x8d, 0xdf, 0x8d, 0x8d, 0x8d, 0xff, 0x8d, 0x8d, 0x8d, 0xff, 0x8d, 0x8d, 0x8d, 0xff,
    0x8d, 0x8d, 0x8d, 0xff, 0x8d, 0x8d, 0x8d, 0xff, 0x8d, 0x8d, 0x8d, 0xff, 0x8d, 0x8d, 0x8d, 0xff, 0x8d, 0x8d, 0x8d, 0xff, 0x8d, 0x8d, 0x8d, 0xff, 0x8d, 0x8d, 0x8d, 0xff, 0x8d, 0x8d, 0x8d, 0xff,
    0x8d, 0x8d, 0x8d, 0xff, 0x8d, 0x8d, 0x8d, 0xff, 0x8d, 0x8d, 0x8d, 0xff, 0x8d, 0x8d, 0x8d, 0xff, 0x8d, 0x8d, 0x8d, 0xff, 0x8d, 0x8d, 0x8d, 0xff, 0x8d, 0x8d, 0x8d, 0xff, 0x8d, 0x8d, 0x8d, 0xff,
    0x8d, 0x8d, 0x8d, 0xff, 0x8d, 0x8d, 0x8d, 0xff, 0x8d, 0x8d, 0x8d, 0xe2, 0x8d, 0x8d, 0x8d, 0x5d, 0x8d, 0x8d, 0x8d, 0x00, 0x8d, 0x8d, 0x8d, 0x00, 0x8d, 0x8d, 0x8d, 0x00, 0x8d, 0x8d, 0x8d, 0x00,
    0x8d, 0x8d, 0x8d, 0x00, 0x8d, 0x8d, 0x8d, 0x00, 0x8d, 0x8d, 0x8d, 0x00, 0x8d, 0x8d, 0x8d, 0x00, 0x8d, 0x8d, 0x8d, 0x00, 0x8d, 0x8d, 0x8d, 0x00, 0x8d, 0x8d, 0x8d, 0x00, 0x8d, 0x8d, 0x8d, 0x00,
    0x8d, 0x8d, 0x8d, 0x00, 0x8d, 0x8d, 0x8d, 0x00, 0x8d, 0x8d, 0x8d, 0x00, 0x8d, 0x8d, 0x8d, 0x00, 0x8d, 0x8d, 0x8d, 0x00, 0x8d, 0x8d, 0x8d, 0x00, 0x8d, 0x8d, 0x8d, 0x00, 0x8d, 0x8d, 0x8d, 0x43,
    0x8d, 0x8d, 0x8d, 0xd0, 0x8d, 0x8d, 0x8d, 0xff, 0x8d, 0x8d, 0x8d, 0xff, 0x8d, 0x8d, 0x8d, 0xff, 0x8d, 0x8d, 0x8d, 0xff, 0x8d, 0x8d, 0x8d, 0xff, 0x8d, 0x8d, 0x8d, 0xff, 0x8d, 0x8d, 0x8d, 0xff,
    0x8d, 0x8d, 0x8d, 0xff, 0x8d, 0x8d, 0x8d, 0xff, 0x8d, 0x8d, 0x8d, 0xff, 0x8d, 0x8d, 0x8d, 0xff, 0x8d, 0x8d, 0x8d, 0xff, 0x8d, 0x8d, 0x8d, 0xff, 0x8d, 0x8d, 0x8d, 0xff, 0x8d, 0x8d, 0x8d, 0xff,
    0x8d, 0x8d, 0x8d, 0xff, 0x8d, 0x8d, 0x8d, 0xff, 0x8d, 0x8d, 0x8d, 0xff, 0x8d, 0x8d, 0x8d, 0xff, 0x8d, 0x8d, 0x8d, 0xff, 0x8d, 0x8d, 0x8d, 0xfd, 0x8d, 0x8d, 0x8d, 0xb9, 0x8d, 0x8d, 0x8d, 0x4d,
    0x8d, 0x8d, 0x8d, 0x05, 0x8d, 0x8d, 0x8d, 0x00, 0x8d, 0x8d, 0x8d, 0x00, 0x8d, 0x8d, 0x8d, 0x00, 0x8d, 0x8d, 0x8d, 0x00, 0x8d, 0x8d, 0x8d, 0x00, 0x8d, 0x8d, 0x8d, 0x00, 0x8d, 0x8d, 0x8d, 0x00,
    0x8d, 0x8d, 0x8d, 0x00, 0x8d, 0x8d, 0x8d, 0x0a, 0x8d, 0x8d, 0x8d, 0x3e, 0x8d, 0x8d, 0x8d, 0x86, 0x8d, 0x8d, 0x8d, 0xc9, 0x8d, 0x8d, 0x8d, 0xf5, 0x8d, 0x8d, 0x8d, 0xff, 0x8d, 0x8d, 0x8d, 0xff,
    0x8d, 0x8d, 0x8d, 0xff, 0x8d, 0x8d, 0x8d, 0xff, 0x8d, 0x8d, 0x8d, 0xff, 0x8d, 0x8d, 0x8d, 0xff, 0x8d, 0x8d, 0x8d, 0xff, 0x8d, 0x8d, 0x8d, 0xff, 0x8d, 0x8d, 0x8d, 0xff, 0x8d, 0x8d, 0x8d, 0xff,
    0x8d, 0x8d, 0x8d, 0xff, 0x8d, 0x8d, 0x8d, 0xff, 0x8d, 0x8d, 0x8d, 0xff, 0x8d, 0x8d, 0x8d, 0xff, 0x8d, 0x8d, 0x8d, 0xff, 0x8d, 0x8d, 0x8d, 0xff, 0x8d, 0x8d, 0x8d, 0xff, 0x8d, 0x8d, 0x8d, 0xff,
    0x8d, 0x8d, 0x8d, 0xff, 0x8d, 0x8d, 0x8d, 0xff, 0x8d, 0x8d, 0x8d, 0xff, 0x8d, 0x8d, 0x8d, 0xff, 0x8d, 0x8d, 0x8d, 0xff, 0x8d, 0x8d, 0x8d, 0xff, 0x8d, 0x8d, 0x8d, 0xff, 0x8d, 0x8d, 0x8d, 0xff,
    0x8d, 0x8d, 0x8d, 0xff, 0x8d, 0x8d, 0x8d, 0xff, 0x8d, 0x8d, 0x8d, 0xff, 0x8d, 0x8d, 0x8d, 0xff, 0x8d, 0x8d, 0x8d, 0xf5, 0x8d, 0x8d, 0x8d, 0xc9, 0x8d, 0x8d, 0x8d, 0x86, 0x8d, 0x8d, 0x8d, 0x3e,
    0x8d, 0x8d, 0x8d, 0x0a, 0x8d, 0x8d, 0x8d, 0x00, 0x8d, 0x8d, 0x8d, 0x00, 0x8d, 0x8d, 0x8d, 0x00, 0x8d, 0x8d, 0x8d, 0x00, 0x8d, 0x8d, 0x8d, 0x00, 0x8d, 0x8d, 0x8d, 0x00, 0x8d, 0x8d, 0x8d, 0x00,
    0x8d, 0x8d, 0x8d, 0x00, 0x8d, 0x8d, 0x8d, 0x05, 0x8d, 0x8d, 0x8d, 0x4d, 0x8d, 0x8d, 0x8d, 0xb9, 0x8d, 0x8d, 0x8d, 0xfd, 0x8d, 0x8d, 0x8d, 0xff, 0x8d, 0x8d, 0x8d, 0xff, 0x8d, 0x8d, 0x8d, 0xff,
    0x8d, 0x8d, 0x8d, 0xff, 0x8d, 0x8d, 0x8d, 0xff, 0x8d, 0x8d, 0x8d, 0xff, 0x8d, 0x8d, 0x8d, 0xff, 0x8d, 0x8d, 0x8d, 0xff, 0x8d, 0x8d, 0x8d, 0xff, 0x8d, 0x8d, 0x8d, 0xff, 0x8d, 0x8d, 0x8d, 0xff,
    0x8d, 0x8d, 0x8d, 0xff, 0x8d, 0x8d, 0x8d, 0xff, 0x8d, 0x8d, 0x8d, 0xff, 0x8d, 0x8d, 0x8d, 0xff, 0x8d, 0x8d, 0x8d, 0xff, 0x8d, 0x8d, 0x8d, 0xff, 0x8d, 0x8d, 0x8d, 0xff, 0x8d, 0x8d, 0x8d, 0xff,
    0x8d, 0x8d, 0x8d, 0xff, 0x8d, 0x8d, 0x8d, 0xd0, 0x8d, 0x8d, 0x8d, 0x43, 0x8d, 0x8d, 0x8d, 0x00, 0x8d, 0x8d, 0x8d, 0x00, 0x8d, 0x8d, 0x8d, 0x00, 0x8d, 0x8d, 0x8d, 0x00, 0x8d, 0x8d, 0x8d, 0x00,
    0x8d, 0x8d, 0x8d, 0x00, 0x8d, 0x8d, 0x8d, 0x00, 0x8d, 0x8d, 0x8d, 0x00, 0x8d, 0x8d, 0x8d, 0x00, 0x8d, 0x8d, 0x8d, 0x00, 0x8d, 0x8d, 0x8d, 0x00, 0x8d, 0x8d, 0x8d, 0x00, 0x8d, 0x8d, 0x8d, 0x00,
    0x8d, 0x8d, 0x8d, 0x00, 0x8d, 0x8d, 0x8d, 0x00, 0x8d, 0x8d, 0x8d, 0x00, 0x8d, 0x8d, 0x8d, 0x00, 0x8d, 0x8d, 0x8d, 0x26, 0x8d, 0x8d, 0x8d, 0xb5, 0x8d, 0x8d, 0x8d, 0xff, 0x8d, 0x8d, 0x8d, 0xff,
    0x8d, 0x8d, 0x8d, 0xff, 0x8d, 0x8d, 0x8d, 0xff, 0x8d, 0x8d, 0x8d, 0xff, 0x8d, 0x8d, 0x8d, 0xff, 0x8d, 0x8d, 0x8d, 0xff, 0x8d, 0x8d, 0x8d, 0xff, 0x8d, 0x8d, 0x8d, 0xff, 0x8d, 0x8d, 0x8d, 0xff,
    0x8d, 0x8d, 0x8d, 0xff, 0x8d, 0x8d, 0x8d, 0xff, 0x8d, 0x8d, 0x8d, 0xff, 0x8d, 0x8d, 0x8d, 0xff, 0x8d, 0x8d, 0x8d, 0xff, 0x8d, 0x8d, 0x8d, 0xff, 0x8d, 0x8d, 0x8d, 0xff, 0x8d, 0x8d, 0x8d, 0xff,
    0x8d, 0x8d, 0x8d, 0xff, 0x8d, 0x8d, 0x8d, 0xff, 0x8d, 0x8d, 0x8d, 0xf0, 0x8d, 0x8d, 0x8d, 0x92, 0x8d, 0x8d, 0x8d, 0x28, 0x8d, 0x8d, 0x8d, 0x00, 0x8d, 0x8d, 0x8d, 0x00, 0x8d, 0x8d, 0x8d, 0x00,
    0x8d, 0x8d, 0x8d, 0x00, 0x8d, 0x8d, 0x8d, 0x00, 0x8d, 0x8d, 0x8d, 0x00, 0x8d, 0x8d, 0x8d, 0x00, 0x8d, 0x8d, 0x8d, 0x00, 0x8d, 0x8d, 0x8d, 0x0b, 0x8d, 0x8d, 0x8d, 0x4a, 0x8d, 0x8d, 0x8d, 0x9b,
    0x8d, 0x8d, 0x8d, 0xdf, 0x8d, 0x8d, 0x8d, 0xfe, 0x8d, 0x8d, 0x8d, 0xff, 0x8d, 0x8d, 0x8d, 0xff, 0x8d, 0x8d, 0x8d, 0xff, 0x8d, 0x8d, 0x8d, 0xff, 0x8d, 0x8d, 0x8d, 0xff, 0x8d, 0x8d, 0x8d, 0xff,
    0x8d, 0x8d, 0x8d, 0xff, 0x8d, 0x8d, 0x8d, 0xff, 0x8d, 0x8d, 0x8d, 0xff, 0x8d, 0x8d, 0x8d, 0xff, 0x8d, 0x8d, 0x8d, 0xff, 0x8d, 0x8d, 0x8d, 0xff, 0x8d, 0x8d, 0x8d, 0xff, 0x8d, 0x8d, 0x8d, 0xff,
    0x8d, 0x8d, 0x8d, 0xff, 0x8d, 0x8d, 0x8d, 0xff, 0x8d, 0x8d, 0x8d, 0xff, 0x8d, 0x8d, 0x8d, 0xff, 0x8d, 0x8d, 0x8d, 0xff, 0x8d, 0x8d, 0x8d, 0xff, 0x8d, 0x8d, 0x8d, 0xff, 0x8d, 0x8d, 0x8d, 0xff,
    0x8d, 0x8d, 0x8d, 0xff, 0x8d, 0x8d, 0x8d, 0xff, 0x8d, 0x8d, 0x8d, 0xff, 0x8d, 0x8d, 0x8d, 0xff, 0x8d, 0x8d, 0x8d, 0xff, 0x8d, 0x8d, 0x8d, 0xff, 0x8d, 0x8d, 0x8d, 0xff, 0x8d, 0x8d, 0x8d, 0xff,
    0x8d, 0x8d, 0x8d, 0xff, 0x8d, 0x8d, 0x8d, 0xff, 0x8d, 0x8d, 0x8d, 0xff, 0x8d, 0x8d, 0x8d, 0xff, 0x8d, 0x8d, 0x8d, 0xfe, 0x8d, 0x8d, 0x8d, 0xdf, 0x8d, 0x8d, 0x8d, 0x9b, 0x8d, 0x8d, 0x8d, 0x4a,
    0x8d, 0x8d, 0x8d, 0x0b, 0x8d, 0x8d, 0x8d, 0x00, 0x8d, 0x8d, 0x8d, 0x00, 0x8d, 0x8d, 0x8d, 0x00, 0x8d, 0x8d, 0x8d, 0x00, 0x8d, 0x8d, 0x8d, 0x00, 0x8d, 0x8d, 0x8d, 0x00, 0x8d, 0x8d, 0x8d, 0x00,
    0x8d, 0x8d, 0x8d, 0x00, 0x8d, 0x8d, 0x8d, 0x28, 0x8d, 0x8d, 0x8d, 0x92, 0x8d, 0x8d, 0x8d, 0xf0, 0x8d, 0x8d, 0x8d, 0xff, 0x8d, 0x8d, 0x8d, 0xff, 0x8d, 0x8d, 0x8d, 0xff, 0x8d, 0x8d, 0x8d, 0xff,
    0x8d, 0x8d, 0x8d, 0xff, 0x8d, 0x8d, 0x8d, 0xff, 0x8d, 0x8d, 0x8d, 0xff, 0x8d, 0x8d, 0x8d, 0xff, 0x8d, 0x8d, 0x8d, 0xff, 0x8d, 0x8d, 0x8d, 0xff, 0x8d, 0x8d, 0x8d, 0xff, 0x8d, 0x8d, 0x8d, 0xff,
    0x8d, 0x8d, 0x8d, 0xff, 0x8d, 0x8d, 0x8d, 0xff, 0x8d, 0x8d, 0x8d, 0xff, 0x8d, 0x8d, 0x8d, 0xff, 0x8d, 0x8d, 0x8d, 0xff, 0x8d, 0x8d, 0x8d, 0xff, 0x8d, 0x8d, 0x8d, 0xff, 0x8d, 0x8d, 0x8d, 0xff,
    0x8d, 0x8d, 0x8d, 0xb5, 0x8d, 0x8d, 0x8d, 0x26, 0x8d, 0x8d, 0x8d, 0x00, 0x8d, 0x8d, 0x8d, 0x00, 0x8d, 0x8d, 0x8d, 0x00, 0x8d, 0x8d, 0x8d, 0x00, 0x8d, 0x8d, 0x8d, 0x00, 0x8d, 0x8d, 0x8d, 0x00,
    0x8d, 0x8d, 0x8d, 0x00, 0x8d, 0x8d, 0x8d, 0x00, 0x8d, 0x8d, 0x8d, 0x00, 0x8d, 0x8d, 0x8d, 0x00, 0x8d, 0x8d, 0x8d, 0x00, 0x8d, 0x8d, 0x8d, 0x00, 0x8d, 0x8d, 0x8d, 0x00, 0x8d, 0x8d, 0x8d, 0x00,
    0x8d, 0x8d, 0x8d, 0x00, 0x8d, 0x8d, 0x8d, 0x0b, 0x8d, 0x8d, 0x8d, 0x7e, 0x8d, 0x8d, 0x8d, 0xee, 0x8d, 0x8d, 0x8d, 0xfc, 0x8d, 0x8d, 0x8d, 0xff, 0x8d, 0x8d, 0x8d, 0xff, 0x8d, 0x8d, 0x8d, 0xff,
    0x8d, 0x8d, 0x8d, 0xff, 0x8d, 0x8d, 0x8d, 0xff, 0x8d, 0x8d, 0x8d, 0xff, 0x8d, 0x8d, 0x8d, 0xff, 0x8d, 0x8d, 0x8d, 0xff, 0x8d, 0x8d, 0x8d, 0xff, 0x8d, 0x8d, 0x8d, 0xff, 0x8d, 0x8d, 0x8d, 0xff,
    0x8d, 0x8d, 0x8d, 0xff, 0x8d, 0x8d, 0x8d, 0xff, 0x8d, 0x8d, 0x8d, 0xff, 0x8d, 0x8d, 0x8d, 0xff, 0x8d, 0x8d, 0x8d, 0xff, 0x8d, 0x8d, 0x8d, 0xff, 0x8d, 0x8d, 0x8d, 0xff, 0x8d, 0x8d, 0x8d, 0xdf,
    0x8d, 0x8d, 0x8d, 0x71, 0x8d, 0x8d, 0x8d, 0x10, 0x8d, 0x8d, 0x8d, 0x00, 0x8d, 0x8d, 0x8d, 0x00, 0x8d, 0x8d, 0x8d, 0x00, 0x8d, 0x8d, 0x8d, 0x00, 0x8d, 0x8d, 0x8d, 0x00, 0x8d, 0x8d, 0x8d, 0x00,
    0x8d, 0x8d, 0x8d, 0x00, 0x8d, 0x8d, 0x8d, 0x05, 0x8d, 0x8d, 0x8d, 0x42, 0x8d, 0x8d, 0x8d, 0x9b, 0x8d, 0x8d, 0x8d, 0xe5, 0x8d, 0x8d, 0x8d, 0xff, 0x8d, 0x8d, 0x8d, 0xff, 0x8d, 0x8d, 0x8d, 0xff,
    0x8d, 0x8d, 0x8d, 0xff, 0x8d, 0x8d, 0x8d, 0xff, 0x8d, 0x8d, 0x8d, 0xff, 0x8d, 0x8d, 0x8d, 0xff, 0x8d, 0x8d, 0x8d, 0xff, 0x8d, 0x8d, 0x8d, 0xff, 0x8d, 0x8d, 0x8d, 0xff, 0x8d, 0x8d, 0x8d, 0xff,
    0x8d, 0x8d, 0x8d, 0xff, 0x8d, 0x8d, 0x8d, 0xff, 0x8d, 0x8d, 0x8d, 0xff, 0x8d, 0x8d, 0x8d, 0xff, 0x8d, 0x8d, 0x8d, 0xff, 0x8d, 0x8d, 0x8d, 0xff, 0x8d, 0x8d, 0x8d, 0xff, 0x8d, 0x8d, 0x8d, 0xff,
    0x8d, 0x8d, 0x8d, 0xff, 0x8d, 0x8d, 0x8d, 0xff, 0x8d, 0x8d, 0x8d, 0xff, 0x8d, 0x8d, 0x8d, 0xff, 0x8d, 0x8d, 0x8d, 0xff, 0x8d, 0x8d, 0x8d, 0xff, 0x8d, 0x8d, 0x8d, 0xff, 0x8d, 0x8d, 0x8d, 0xff,
    0x8d, 0x8d, 0x8d, 0xff, 0x8d, 0x8d, 0x8d, 0xff, 0x8d, 0x8d, 0x8d, 0xff, 0x8d, 0x8d, 0x8d, 0xff, 0x8d, 0x8d, 0x8d, 0xff, 0x8d, 0x8d, 0x8d, 0xff, 0x8d, 0x8d, 0x8d, 0xff, 0x8d, 0x8d, 0x8d, 0xff,
    0x8d, 0x8d, 0x8d, 0xff, 0x8d, 0x8d, 0x8d, 0xff, 0x8d, 0x8d, 0x8d, 0xff, 0x8d, 0x8d, 0x8d, 0xff, 0x8d, 0x8d, 0x8d, 0xff, 0x8d, 0x8d, 0x8d, 0xe5, 0x8d, 0x8d, 0x8d, 0x9b, 0x8d, 0x8d, 0x8d, 0x42,
    0x8d, 0x8d, 0x8d, 0x05, 0x8d, 0x8d, 0x8d, 0x00, 0x8d, 0x8d, 0x8d, 0x00, 0x8d, 0x8d, 0x8d, 0x00, 0x8d, 0x8d, 0x8d, 0x00, 0x8d, 0x8d, 0x8d, 0x00, 0x8d, 0x8d, 0x8d, 0x00, 0x8d, 0x8d, 0x8d, 0x00,
    0x8d, 0x8d, 0x8d, 0x10, 0x8d, 0x8d, 0x8d, 0x71, 0x8d, 0x8d, 0x8d, 0xdf, 0x8d, 0x8d, 0x8d, 0xff, 0x8d, 0x8d, 0x8d, 0xff, 0x8d, 0x8d, 0x8d, 0xff, 0x8d, 0x8d, 0x8d, 0xff, 0x8d, 0x8d, 0x8d, 0xff,
    0x8d, 0x8d, 0x8d, 0xff, 0x8d, 0x8d, 0x8d, 0xff, 0x8d, 0x8d, 0x8d, 0xff, 0x8d, 0x8d, 0x8d, 0xff, 0x8d, 0x8d, 0x8d, 0xff, 0x8d, 0x8d, 0x8d, 0xff, 0x8d, 0x8d, 0x8d, 0xff, 0x8d, 0x8d, 0x8d, 0xff,
    0x8d, 0x8d, 0x8d, 0xff, 0x8d, 0x8d, 0x8d, 0xff, 0x8d, 0x8d, 0x8d, 0xff, 0x8d, 0x8d, 0x8d, 0xff, 0x8d, 0x8d, 0x8d, 0xff, 0x8d, 0x8d, 0x8d, 0xfc, 0x8d, 0x8d, 0x8d, 0xee, 0x8d, 0x8d, 0x8d, 0x7e,
    0x8d, 0x8d, 0x8d, 0x0b, 0x8d, 0x8d, 0x8d, 0x00, 0x8d, 0x8d, 0x8d, 0x00, 0x8d, 0x8d, 0x8d, 0x00, 0x8d, 0x8d, 0x8d, 0x00, 0x8d, 0x8d, 0x8d, 0x00, 0x8d, 0x8d, 0x8d, 0x00, 0x8d, 0x8d, 0x8d, 0x00,
    0x8d, 0x8d, 0x8d, 0x00, 0x8d, 0x8d, 0x8d, 0x00, 0x8d, 0x8d, 0x8d, 0x00, 0x8d, 0x8d, 0x8d, 0x00, 0x8d, 0x8d, 0x8d, 0x00, 0x8d, 0x8d, 0x8d, 0x00, 0x8d, 0x8d, 0x8d, 0x00, 0x8d, 0x8d, 0x8d, 0x3f,
    0x8d, 0x8d, 0x8d, 0xad, 0x8d, 0x8d, 0x8d, 0xd4, 0x8d, 0x8d, 0x8d, 0xea, 0x8d, 0x8d, 0x8d, 0xf9, 0x8d, 0x8d, 0x8d, 0xff, 0x8d, 0x8d, 0x8d, 0xff, 0x8d, 0x8d, 0x8d, 0xff, 0x8d, 0x8d, 0x8d, 0xff,
    0x8d, 0x8d, 0x8d, 0xff, 0x8d, 0x8d, 0x8d, 0xff, 0x8d, 0x8d, 0x8d, 0xff, 0x8d, 0x8d, 0x8d, 0xff, 0x8d, 0x8d, 0x8d, 0xff, 0x8d, 0x8d, 0x8d, 0xff, 0x8d, 0x8d, 0x8d, 0xff, 0x8d, 0x8d, 0x8d, 0xff,
    0x8d, 0x8d, 0x8d, 0xff, 0x8d, 0x8d, 0x8d, 0xff, 0x8d, 0x8d, 0x8d, 0xff, 0x8d, 0x8d, 0x8d, 0xff, 0x8d, 0x8d, 0x8d, 0xcf, 0x8d, 0x8d, 0x8d, 0x58, 0x8d, 0x8d, 0x8d, 0x04, 0x8d, 0x8d, 0x8d, 0x00,
    0x8d, 0x8d, 0x8d, 0x00, 0x8d, 0x8d, 0x8d, 0x00, 0x8d, 0x8d, 0x8d, 0x00, 0x8d, 0x8d, 0x8d, 0x00, 0x8d, 0x8d, 0x8d, 0x00, 0x8d, 0x8d, 0x8d, 0x00, 0x8d, 0x8d, 0x8d, 0x2a, 0x8d, 0x8d, 0x8d, 0x86,
    0x8d, 0x8d, 0x8d, 0xdc, 0x8d, 0x8d, 0x8d, 0xff, 0x8d, 0x8d, 0x8d, 0xff, 0x8d, 0x8d, 0x8d, 0xff, 0x8d, 0x8d, 0x8d, 0xff, 0x8d, 0x8d, 0x8d, 0xff, 0x8d, 0x8d, 0x8d, 0xff, 0x8d, 0x8d, 0x8d, 0xff,
    0x8d, 0x8d, 0x8d, 0xff, 0x8d, 0x8d, 0x8d, 0xff, 0x8d, 0x8d, 0x8d, 0xff, 0x8d, 0x8d, 0x8d, 0xff, 0x8d, 0x8d, 0x8d, 0xff, 0x8d, 0x8d, 0x8d, 0xff, 0x8d, 0x8d, 0x8d, 0xff, 0x8d, 0x8d, 0x8d, 0xff,
    0x8d, 0x8d, 0x8d, 0xff, 0x8d, 0x8d, 0x8d, 0xff, 0x8d, 0x8d, 0x8d, 0xff, 0x8d, 0x8d, 0x8d, 0xff, 0x8d, 0x8d, 0x8d, 0xff, 0x8d, 0x8d, 0x8d, 0xff, 0x8d, 0x8d, 0x8d, 0xff, 0x8d, 0x8d, 0x8d, 0xff,
    0x8d, 0x8d, 0x8d, 0xff, 0x8d, 0x8d, 0x8d, 0xff, 0x8d, 0x8d, 0x8d, 0xff, 0x8d, 0x8d, 0x8d, 0xff, 0x8d, 0x8d, 0x8d, 0xff, 0x8d, 0x8d, 0x8d, 0xff, 0x8d, 0x8d, 0x8d, 0xff, 0x8d, 0x8d, 0x8d, 0xff,
    0x8d, 0x8d, 0x8d, 0xff, 0x8d, 0x8d, 0x8d, 0xff, 0x8d, 0x8d, 0x8d, 0xff, 0x8d, 0x8d, 0x8d, 0xff, 0x8d, 0x8d, 0x8d, 0xff, 0x8d, 0x8d, 0x8d, 0xff, 0x8d, 0x8d, 0x8d, 0xff, 0x8d, 0x8d, 0x8d, 0xff,
    0x8d, 0x8d, 0x8d, 0xff, 0x8d, 0x8d, 0x8d, 0xff, 0x8d, 0x8d, 0x8d, 0xff, 0x8d, 0x8d, 0x8d, 0xff, 0x8d, 0x8d, 0x8d, 0xff, 0x8d, 0x8d, 0x8d, 0xdc, 0x8d, 0x8d, 0x8d, 0x86, 0x8d, 0x8d, 0x8d, 0x2a,
    0x8d, 0x8d, 0x8d, 0x00, 0x8d, 0x8d, 0x8d, 0x00, 0x8d, 0x8d, 0x8d, 0x00, 0x8d, 0x8d, 0x8d, 0x00, 0x8d, 0x8d, 0x8d, 0x00, 0x8d, 0x8d, 0x8d, 0x00, 0x8d, 0x8d, 0x8d, 0x00, 0x8d, 0x8d, 0x8d, 0x04,
    0x8d, 0x8d, 0x8d, 0x58, 0x8d, 0x8d, 0x8d, 0xcf, 0x8d, 0x8d, 0x8d, 0xff, 0x8d, 0x8d, 0x8d, 0xff, 0x8d, 0x8d, 0x8d, 0xff, 0x8d, 0x8d, 0x8d, 0xff, 0x8d, 0x8d, 0x8d, 0xff, 0x8d, 0x8d, 0x8d, 0xff,
    0x8d, 0x8d, 0x8d, 0xff, 0x8d, 0x8d, 0x8d, 0xff, 0x8d, 0x8d, 0x8d, 0xff, 0x8d, 0x8d, 0x8d, 0xff, 0x8d, 0x8d, 0x8d, 0xff, 0x8d, 0x8d, 0x8d, 0xff, 0x8d, 0x8d, 0x8d, 0xff, 0x8d, 0x8d, 0x8d, 0xff,
    0x8d, 0x8d, 0x8d, 0xff, 0x8d, 0x8d, 0x8d, 0xff, 0x8d, 0x8d, 0x8d, 0xf9, 0x8d, 0x8d, 0x8d, 0xea, 0x8d, 0x8d, 0x8d, 0xd4, 0x8d, 0x8d, 0x8d, 0xad, 0x8d, 0x8d, 0x8d, 0x3f, 0x8d, 0x8d, 0x8d, 0x00,
    0x8d, 0x8d, 0x8d, 0x00, 0x8d, 0x8d, 0x8d, 0x00, 0x8d, 0x8d, 0x8d, 0x00, 0x8d, 0x8d, 0x8d, 0x00, 0x8d, 0x8d, 0x8d, 0x00, 0x8d, 0x8d, 0x8d, 0x00, 0x8d, 0x8d, 0x8d, 0x00, 0x8d, 0x8d, 0x8d, 0x00,
    0x8d, 0x8d, 0x8d, 0x00, 0x8d, 0x8d, 0x8d, 0x00, 0x8d, 0x8d, 0x8d, 0x00, 0x8d, 0x8d, 0x8d, 0x00, 0x8d, 0x8d, 0x8d, 0x13, 0x8d, 0x8d, 0x8d, 0x5b, 0x8d, 0x8d, 0x8d, 0x8e, 0x8d, 0x8d, 0x8d, 0xad,
    0x8d, 0x8d, 0x8d, 0xca, 0x8d, 0x8d, 0x8d, 0xe3, 0x8d, 0x8d, 0x8d, 0xf5, 0x8d, 0x8d, 0x8d, 0xfe, 0x8d, 0x8d, 0x8d, 0xff, 0x8d, 0x8d, 0x8d, 0xff, 0x8d, 0x8d, 0x8d, 0xff, 0x8d, 0x8d, 0x8d, 0xff,
    0x8d, 0x8d, 0x8d, 0xff, 0x8d, 0x8d, 0x8d, 0xff, 0x8d, 0x8d, 0x8d, 0xff, 0x8d, 0x8d, 0x8d, 0xff, 0x8d, 0x8d, 0x8d, 0xff, 0x8d, 0x8d, 0x8d, 0xff, 0x8d, 0x8d, 0x8d, 0xff, 0x8d, 0x8d, 0x8d, 0xff,
    0x8d, 0x8d, 0x8d, 0xff, 0x8d, 0x8d, 0x8d, 0xc2, 0x8d, 0x8d, 0x8d, 0x47, 0x8d, 0x8d, 0x8d, 0x00, 0x8d, 0x8d, 0x8d, 0x00, 0x8d, 0x8d, 0x8d, 0x00, 0x8d, 0x8d, 0x8d, 0x00, 0x8d, 0x8d, 0x8d, 0x00,
    0x8d, 0x8d, 0x8d, 0x00, 0x8d, 0x8d, 0x8d, 0x00, 0x8d, 0x8d, 0x8d, 0x0b, 0x8d, 0x8d, 0x8d, 0x5d, 0x8d, 0x8d, 0x8d, 0xc2, 0x8d, 0x8d, 0x8d, 0xfc, 0x8d, 0x8d, 0x8d, 0xff, 0x8d, 0x8d, 0x8d, 0xff,
    0x8d, 0x8d, 0x8d, 0xff, 0x8d, 0x8d, 0x8d, 0xff, 0x8d, 0x8d, 0x8d, 0xff, 0x8d, 0x8d, 0x8d, 0xff, 0x8d, 0x8d, 0x8d, 0xff, 0x8d, 0x8d, 0x8d, 0xff, 0x8d, 0x8d, 0x8d, 0xff, 0x8d, 0x8d, 0x8d, 0xff,
    0x8d, 0x8d, 0x8d, 0xff, 0x8d, 0x8d, 0x8d, 0xff, 0x8d, 0x8d, 0x8d, 0xff, 0x8d, 0x8d, 0x8d, 0xff, 0x8d, 0x8d, 0x8d, 0xff, 0x8d, 0x8d, 0x8d, 0xff, 0x8d, 0x8d, 0x8d, 0xff, 0x8d, 0x8d, 0x8d, 0xff,
    0x8d, 0x8d, 0x8d, 0xff, 0x8d, 0x8d, 0x8d, 0xff, 0x8d, 0x8d, 0x8d, 0xff, 0x8d, 0x8d, 0x8d, 0xff, 0x8d, 0x8d, 0x8d, 0xff, 0x8d, 0x8d, 0x8d, 0xff, 0x8d, 0x8d, 0x8d, 0xff, 0x8d, 0x8d, 0x8d, 0xff,
    0x8d, 0x8d, 0x8d, 0xff, 0x8d, 0x8d, 0x8d, 0xff, 0x8d, 0x8d, 0x8d, 0xff, 0x8d, 0x8d, 0x8d, 0xff, 0x8d, 0x8d, 0x8d, 0xff, 0x8d, 0x8d, 0x8d, 0xff, 0x8d, 0x8d, 0x8d, 0xff, 0x8d, 0x8d, 0x8d, 0xff,
    0x8d, 0x8d, 0x8d, 0xff, 0x8d, 0x8d, 0x8d, 0xff, 0x8d, 0x8d, 0x8d, 0xff, 0x8d, 0x8d, 0x8d, 0xff, 0x8d, 0x8d, 0x8d, 0xff, 0x8d, 0x8d, 0x8d, 0xff, 0x8d, 0x8d, 0x8d, 0xff, 0x8d, 0x8d, 0x8d, 0xff,
    0x8d, 0x8d, 0x8d, 0xff, 0x8d, 0x8d, 0x8d, 0xff, 0x8d, 0x8d, 0x8d, 0xff, 0x8d, 0x8d, 0x8d, 0xff, 0x8d, 0x8d, 0x8d, 0xfc, 0x8d, 0x8d, 0x8d, 0xc2, 0x8d, 0x8d, 0x8d, 0x5d, 0x8d, 0x8d, 0x8d, 0x0b,
    0x8d, 0x8d, 0x8d, 0x00, 0x8d, 0x8d, 0x8d, 0x00, 0x8d, 0x8d, 0x8d, 0x00, 0x8d, 0x8d, 0x8d, 0x00, 0x8d, 0x8d, 0x8d, 0x00, 0x8d, 0x8d, 0x8d, 0x00, 0x8d, 0x8d, 0x8d, 0x00, 0x8d, 0x8d, 0x8d, 0x47,
    0x8d, 0x8d, 0x8d, 0xc2, 0x8d, 0x8d, 0x8d, 0xff, 0x8d, 0x8d, 0x8d, 0xff, 0x8d, 0x8d, 0x8d, 0xff, 0x8d, 0x8d, 0x8d, 0xff, 0x8d, 0x8d, 0x8d, 0xff, 0x8d, 0x8d, 0x8d, 0xff, 0x8d, 0x8d, 0x8d, 0xff,
    0x8d, 0x8d, 0x8d, 0xff, 0x8d, 0x8d, 0x8d, 0xff, 0x8d, 0x8d, 0x8d, 0xff, 0x8d, 0x8d, 0x8d, 0xff, 0x8d, 0x8d, 0x8d, 0xff, 0x8d, 0x8d, 0x8d, 0xff, 0x8d, 0x8d, 0x8d, 0xfe, 0x8d, 0x8d, 0x8d, 0xf5,
    0x8d, 0x8d, 0x8d, 0xe3, 0x8d, 0x8d, 0x8d, 0xca, 0x8d, 0x8d, 0x8d, 0xad, 0x8d, 0x8d, 0x8d, 0x8e, 0x8d, 0x8d, 0x8d, 0x5b, 0x8d, 0x8d, 0x8d, 0x13, 0x8d, 0x8d, 0x8d, 0x00, 0x8d, 0x8d, 0x8d, 0x00,
    0x8d, 0x8d, 0x8d, 0x00, 0x8d, 0x8d, 0x8d, 0x00, 0x8d, 0x8d, 0x8d, 0x00, 0x8d, 0x8d, 0x8d, 0x00, 0x8d, 0x8d, 0x8d, 0x00, 0x8d, 0x8d, 0x8d, 0x00, 0x8d, 0x8d, 0x8d, 0x00, 0x8d, 0x8d, 0x8d, 0x00,
    0x8d, 0x8d, 0x8d, 0x00, 0x8d, 0x8d, 0x8d, 0x01, 0x8d, 0x8d, 0x8d, 0x1b, 0x8d, 0x8d, 0x8d, 0x44, 0x8d, 0x8d, 0x8d, 0x61, 0x8d, 0x8d, 0x8d, 0x81, 0x8d, 0x8d, 0x8d, 0xa1, 0x8d, 0x8d, 0x8d, 0xc0,
    0x8d, 0x8d, 0x8d, 0xdb, 0x8d, 0x8d, 0x8d, 0xf0, 0x8d, 0x8d, 0x8d, 0xfd, 0x8d, 0x8d, 0x8d, 0xff, 0x8d, 0x8d, 0x8d, 0xff, 0x8d, 0x8d, 0x8d, 0xff, 0x8d, 0x8d, 0x8d, 0xff, 0x8d, 0x8d, 0x8d, 0xff,
    0x8d, 0x8d, 0x8d, 0xff, 0x8d, 0x8d, 0x8d, 0xff, 0x8d, 0x8d, 0x8d, 0xff, 0x8d, 0x8d, 0x8d, 0xff, 0x8d, 0x8d, 0x8d, 0xff, 0x8d, 0x8d, 0x8d, 0xff, 0x8d, 0x8d, 0x8d, 0xbc, 0x8d, 0x8d, 0x8d, 0x3d,
    0x8d, 0x8d, 0x8d, 0x00, 0x8d, 0x8d, 0x8d, 0x00, 0x8d, 0x8d, 0x8d, 0x00, 0x8d, 0x8d, 0x8d, 0x00, 0x8d, 0x8d, 0x8d, 0x00, 0x8d, 0x8d, 0x8d, 0x00, 0x8d, 0x8d, 0x8d, 0x00, 0x8d, 0x8d, 0x8d, 0x27,
    0x8d, 0x8d, 0x8d, 0x8f, 0x8d, 0x8d, 0x8d, 0xea, 0x8d, 0x8d, 0x8d, 0xff, 0x8d, 0x8d, 0x8d, 0xff, 0x8d, 0x8d, 0x8d, 0xff, 0x8d, 0x8d, 0x8d, 0xff, 0x8d, 0x8d, 0x8d, 0xff, 0x8d, 0x8d, 0x8d, 0xff,
    0x8d, 0x8d, 0x8d, 0xff, 0x8d, 0x8d, 0x8d, 0xff, 0x8d, 0x8d, 0x8d, 0xff, 0x8d, 0x8d, 0x8d, 0xff, 0x8d, 0x8d, 0x8d, 0xff, 0x8d, 0x8d, 0x8d, 0xff, 0x8d, 0x8d, 0x8d, 0xff, 0x8d, 0x8d, 0x8d, 0xff,
    0x8d, 0x8d, 0x8d, 0xff, 0x8d, 0x8d, 0x8d, 0xff, 0x8d, 0x8d, 0x8d, 0xff, 0x8d, 0x8d, 0x8d, 0xff, 0x8d, 0x8d, 0x8d, 0xff, 0x8d, 0x8d, 0x8d, 0xff, 0x8d, 0x8d, 0x8d, 0xff, 0x8d, 0x8d, 0x8d, 0xff,
    0x8d, 0x8d, 0x8d, 0xff, 0x8d, 0x8d, 0x8d, 0xff, 0x8d, 0x8d, 0x8d, 0xff, 0x8d, 0x8d, 0x8d, 0xff, 0x8d, 0x8d, 0x8d, 0xff, 0x8d, 0x8d, 0x8d, 0xff, 0x8d, 0x8d, 0x8d, 0xff, 0x8d, 0x8d, 0x8d, 0xff,
    0x8d, 0x8d, 0x8d, 0xff, 0x8d, 0x8d, 0x8d, 0xff, 0x8d, 0x8d, 0x8d, 0xff, 0x8d, 0x8d, 0x8d, 0xff, 0x8d, 0x8d, 0x8d, 0xff, 0x8d, 0x8d, 0x8d, 0xff, 0x8d, 0x8d, 0x8d, 0xff, 0x8d, 0x8d, 0x8d, 0xff,
    0x8d, 0x8d, 0x8d, 0xff, 0x8d, 0x8d, 0x8d, 0xff, 0x8d, 0x8d, 0x8d, 0xff, 0x8d, 0x8d, 0x8d, 0xff, 0x8d, 0x8d, 0x8d, 0xff, 0x8d, 0x8d, 0x8d, 0xff, 0x8d, 0x8d, 0x8d, 0xff, 0x8d, 0x8d, 0x8d, 0xff,
    0x8d, 0x8d, 0x8d, 0xff, 0x8d, 0x8d, 0x8d, 0xff, 0x8d, 0x8d, 0x8d, 0xff, 0x8d, 0x8d, 0x8d, 0xff, 0x8d, 0x8d, 0x8d, 0xea, 0x8d, 0x8d, 0x8d, 0x8f, 0x8d, 0x8d, 0x8d, 0x27, 0x8d, 0x8d, 0x8d, 0x00,
    0x8d, 0x8d, 0x8d, 0x00, 0x8d, 0x8d, 0x8d, 0x00, 0x8d, 0x8d, 0x8d, 0x00, 0x8d, 0x8d, 0x8d, 0x00, 0x8d, 0x8d, 0x8d, 0x00, 0x8d, 0x8d, 0x8d, 0x00, 0x8d, 0x8d, 0x8d, 0x3d, 0x8d, 0x8d, 0x8d, 0xbc,
    0x8d, 0x8d, 0x8d, 0xff, 0x8d, 0x8d, 0x8d, 0xff, 0x8d, 0x8d, 0x8d, 0xff, 0x8d, 0x8d, 0x8d, 0xff, 0x8d, 0x8d, 0x8d, 0xff, 0x8d, 0x8d, 0x8d, 0xff, 0x8d, 0x8d, 0x8d, 0xff, 0x8d, 0x8d, 0x8d, 0xff,
    0x8d, 0x8d, 0x8d, 0xff, 0x8d, 0x8d, 0x8d, 0xff, 0x8d, 0x8d, 0x8d, 0xff, 0x8d, 0x8d, 0x8d, 0xfd, 0x8d, 0x8d, 0x8d, 0xf0, 0x8d, 0x8d, 0x8d, 0xdb, 0x8d, 0x8d, 0x8d, 0xc0, 0x8d, 0x8d, 0x8d, 0xa1,
    0x8d, 0x8d, 0x8d, 0x81, 0x8d, 0x8d, 0x8d, 0x61, 0x8d, 0x8d, 0x8d, 0x44, 0x8d, 0x8d, 0x8d, 0x1b, 0x8d, 0x8d, 0x8d, 0x01, 0x8d, 0x8d, 0x8d, 0x00, 0x8d, 0x8d, 0x8d, 0x00, 0x8d, 0x8d, 0x8d, 0x00,
    0x8d, 0x8d, 0x8d, 0x00, 0x8d, 0x8d, 0x8d, 0x00, 0x8d, 0x8d, 0x8d, 0x00, 0x8d, 0x8d, 0x8d, 0x00, 0x8d, 0x8d, 0x8d, 0x00, 0x8d, 0x8d, 0x8d, 0x00, 0x8d, 0x8d, 0x8d, 0x00, 0x8d, 0x8d, 0x8d, 0x01,
    0x8d, 0x8d, 0x8d, 0x0d, 0x8d, 0x8d, 0x8d, 0x20, 0x8d, 0x8d, 0x8d, 0x37, 0x8d, 0x8d, 0x8d, 0x53, 0x8d, 0x8d, 0x8d, 0x73, 0x8d, 0x8d, 0x8d, 0x94, 0x8d, 0x8d, 0x8d, 0xb4, 0x8d, 0x8d, 0x8d, 0xd2,
    0x8d, 0x8d, 0x8d, 0xea, 0x8d, 0x8d, 0x8d, 0xfa, 0x8d, 0x8d, 0x8d, 0xff, 0x8d, 0x8d, 0x8d, 0xff, 0x8d, 0x8d, 0x8d, 0xff, 0x8d, 0x8d, 0x8d, 0xff, 0x8d, 0x8d, 0x8d, 0xff, 0x8d, 0x8d, 0x8d, 0xff,
    0x8d, 0x8d, 0x8d, 0xff, 0x8d, 0x8d, 0x8d, 0xff, 0x8d, 0x8d, 0x8d, 0xff, 0x8d, 0x8d, 0x8d, 0xbc, 0x8d, 0x8d, 0x8d, 0x3a, 0x8d, 0x8d, 0x8d, 0x00, 0x8d, 0x8d, 0x8d, 0x00, 0x8d, 0x8d, 0x8d, 0x00,
    0x8d, 0x8d, 0x8d, 0x00, 0x8d, 0x8d, 0x8d, 0x00, 0x8d, 0x8d, 0x8d, 0x00, 0x8d, 0x8d, 0x8d, 0x00, 0x8d, 0x8d, 0x8d, 0x46, 0x8d, 0x8d, 0x8d, 0xb7, 0x8d, 0x8d, 0x8d, 0xfc, 0x8d, 0x8d, 0x8d, 0xff,
    0x8d, 0x8d, 0x8d, 0xff, 0x8d, 0x8d, 0x8d, 0xff, 0x8d, 0x8d, 0x8d, 0xff, 0x8d, 0x8d, 0x8d, 0xff, 0x8d, 0x8d, 0x8d, 0xff, 0x8d, 0x8d, 0x8d, 0xff, 0x8d, 0x8d, 0x8d, 0xff, 0x8d, 0x8d, 0x8d, 0xff,
    0x8d, 0x8d, 0x8d, 0xff, 0x8d, 0x8d, 0x8d, 0xff, 0x8d, 0x8d, 0x8d, 0xff, 0x8d, 0x8d, 0x8d, 0xff, 0x8d, 0x8d, 0x8d, 0xff, 0x8d, 0x8d, 0x8d, 0xff, 0x8d, 0x8d, 0x8d, 0xff, 0x8d, 0x8d, 0x8d, 0xff,
    0x8d, 0x8d, 0x8d, 0xff, 0x8d, 0x8d, 0x8d, 0xff, 0x8d, 0x8d, 0x8d, 0xff, 0x8d, 0x8d, 0x8d, 0xff, 0x8d, 0x8d, 0x8d, 0xff, 0x8d, 0x8d, 0x8d, 0xff, 0x8d, 0x8d, 0x8d, 0xff, 0x8d, 0x8d, 0x8d, 0xff,
    0x8d, 0x8d, 0x8d, 0xff, 0x8d, 0x8d, 0x8d, 0xff, 0x8d, 0x8d, 0x8d, 0xff, 0x8d, 0x8d, 0x8d, 0xff, 0x8d, 0x8d, 0x8d, 0xff, 0x8d, 0x8d, 0x8d, 0xff, 0x8d, 0x8d, 0x8d, 0xff, 0x8d, 0x8d, 0x8d, 0xff,
    0x8d, 0x8d, 0x8d, 0xff, 0x8d, 0x8d, 0x8d, 0xff, 0x8d, 0x8d, 0x8d, 0xff, 0x8d, 0x8d, 0x8d, 0xff, 0x8d, 0x8d, 0x8d, 0xff, 0x8d, 0x8d, 0x8d, 0xff, 0x8d, 0x8d, 0x8d, 0xff, 0x8d, 0x8d, 0x8d, 0xff,
    0x8d, 0x8d, 0x8d, 0xff, 0x8d, 0x8d, 0x8d, 0xff, 0x8d, 0x8d, 0x8d, 0xff, 0x8d, 0x8d, 0x8d, 0xff, 0x8d, 0x8d, 0x8d, 0xff, 0x8d, 0x8d, 0x8d, 0xff, 0x8d, 0x8d, 0x8d, 0xff, 0x8d, 0x8d, 0x8d, 0xff,
    0x8d, 0x8d, 0x8d, 0xff, 0x8d, 0x8d, 0x8d, 0xff, 0x8d, 0x8d, 0x8d, 0xff, 0x8d, 0x8d, 0x8d, 0xfc, 0x8d, 0x8d, 0x8d, 0xb7, 0x8d, 0x8d, 0x8d, 0x46, 0x8d, 0x8d, 0x8d, 0x00, 0x8d, 0x8d, 0x8d, 0x00,
    0x8d, 0x8d, 0x8d, 0x00, 0x8d, 0x8d, 0x8d, 0x00, 0x8d, 0x8d, 0x8d, 0x00, 0x8d, 0x8d, 0x8d, 0x00, 0x8d, 0x8d, 0x8d, 0x00, 0x8d, 0x8d, 0x8d, 0x3a, 0x8d, 0x8d, 0x8d, 0xbc, 0x8d, 0x8d, 0x8d, 0xff,
    0x8d, 0x8d, 0x8d, 0xff, 0x8d, 0x8d, 0x8d, 0xff, 0x8d, 0x8d, 0x8d, 0xff, 0x8d, 0x8d, 0x8d, 0xff, 0x8d, 0x8d, 0x8d, 0xff, 0x8d, 0x8d, 0x8d, 0xff, 0x8d, 0x8d, 0x8d, 0xff, 0x8d, 0x8d, 0x8d, 0xff,
    0x8d, 0x8d, 0x8d, 0xfa, 0x8d, 0x8d, 0x8d, 0xea, 0x8d, 0x8d, 0x8d, 0xd2, 0x8d, 0x8d, 0x8d, 0xb4, 0x8d, 0x8d, 0x8d, 0x94, 0x8d, 0x8d, 0x8d, 0x73, 0x8d, 0x8d, 0x8d, 0x53, 0x8d, 0x8d, 0x8d, 0x37,
    0x8d, 0x8d, 0x8d, 0x20, 0x8d, 0x8d, 0x8d, 0x0d, 0x8d, 0x8d, 0x8d, 0x01, 0x8d, 0x8d, 0x8d, 0x00, 0x8d, 0x8d, 0x8d, 0x00, 0x8d, 0x8d, 0x8d, 0x00, 0x8d, 0x8d, 0x8d, 0x00, 0x8d, 0x8d, 0x8d, 0x00,
    0x8d, 0x8d, 0x8d, 0x00, 0x8d, 0x8d, 0x8d, 0x00, 0x8d, 0x8d, 0x8d, 0x00, 0x8d, 0x8d, 0x8d, 0x00, 0x8d, 0x8d, 0x8d, 0x00, 0x8d, 0x8d, 0x8d, 0x00, 0x8d, 0x8d, 0x8d, 0x00, 0x8d, 0x8d, 0x8d, 0x07,
    0x8d, 0x8d, 0x8d, 0x15, 0x8d, 0x8d, 0x8d, 0x2b, 0x8d, 0x8d, 0x8d, 0x45, 0x8d, 0x8d, 0x8d, 0x64, 0x8d, 0x8d, 0x8d, 0x86, 0x8d, 0x8d, 0x8d, 0xa8, 0x8d, 0x8d, 0x8d, 0xc8, 0x8d, 0x8d, 0x8d, 0xe3,
    0x8d, 0x8d, 0x8d, 0xf6, 0x8d, 0x8d, 0x8d, 0xfe, 0x8d, 0x8d, 0x8d, 0xff, 0x8d, 0x8d, 0x8d, 0xff, 0x8d, 0x8d, 0x8d, 0xff, 0x8d, 0x8d, 0x8d, 0xff, 0x8d, 0x8d, 0x8d, 0xff, 0x8d, 0x8d, 0x8d, 0xff,
    0x8d, 0x8d, 0x8d, 0xc2, 0x8d, 0x8d, 0x8d, 0x3d, 0x8d, 0x8d, 0x8d, 0x00, 0x8d, 0x8d, 0x8d, 0x00, 0x8d, 0x8d, 0x8d, 0x00, 0x8d, 0x8d, 0x8d, 0x00, 0x8d, 0x8d, 0x8d, 0x00, 0x8d, 0x8d, 0x8d, 0x00,
    0x8d, 0x8d, 0x8d, 0x06, 0x8d, 0x8d, 0x8d, 0x61, 0x8d, 0x8d, 0x8d, 0xd3, 0x8d, 0x8d, 0x8d, 0xff, 0x8d, 0x8d, 0x8d, 0xff, 0x8d, 0x8d, 0x8d, 0xff, 0x8d, 0x8d, 0x8d, 0xff, 0x8d, 0x8d, 0x8d, 0xff,
    0x8d, 0x8d, 0x8d, 0xff, 0x8d, 0x8d, 0x8d, 0xff, 0x8d, 0x8d, 0x8d, 0xff, 0x8d, 0x8d, 0x8d, 0xff, 0x8d, 0x8d, 0x8d, 0xff, 0x8d, 0x8d, 0x8d, 0xff, 0x8d, 0x8d, 0x8d, 0xff, 0x8d, 0x8d, 0x8d, 0xff,
    0x8d, 0x8d, 0x8d, 0xff, 0x8d, 0x8d, 0x8d, 0xff, 0x8d, 0x8d, 0x8d, 0xff, 0x8d, 0x8d, 0x8d, 0xff, 0x8d, 0x8d, 0x8d, 0xff, 0x8d, 0x8d, 0x8d, 0xff, 0x8d, 0x8d, 0x8d, 0xff, 0x8d, 0x8d, 0x8d, 0xff,
    0x8d, 0x8d, 0x8d, 0xff, 0x8d, 0x8d, 0x8d, 0xff, 0x8d, 0x8d, 0x8d, 0xff, 0x8d, 0x8d, 0x8d, 0xff, 0x8d, 0x8d, 0x8d, 0xff, 0x8d, 0x8d, 0x8d, 0xff, 0x8d, 0x8d, 0x8d, 0xff, 0x8d, 0x8d, 0x8d, 0xff,
    0x8d, 0x8d, 0x8d, 0xff, 0x8d, 0x8d, 0x8d, 0xff, 0x8d, 0x8d, 0x8d, 0xff, 0x8d, 0x8d, 0x8d, 0xff, 0x8d, 0x8d, 0x8d, 0xff, 0x8d, 0x8d, 0x8d, 0xff, 0x8d, 0x8d, 0x8d, 0xff, 0x8d, 0x8d, 0x8d, 0xff,
    0x8d, 0x8d, 0x8d, 0xff, 0x8d, 0x8d, 0x8d, 0xff, 0x8d, 0x8d, 0x8d, 0xff, 0x8d, 0x8d, 0x8d, 0xff, 0x8d, 0x8d, 0x8d, 0xff, 0x8d, 0x8d, 0x8d, 0xff, 0x8d, 0x8d, 0x8d, 0xff, 0x8d, 0x8d, 0x8d, 0xff,
    0x8d, 0x8d, 0x8d, 0xff, 0x8d, 0x8d, 0x8d, 0xff, 0x8d, 0x8d, 0x8d, 0xff, 0x8d, 0x8d, 0x8d, 0xff, 0x8d, 0x8d, 0x8d, 0xff, 0x8d, 0x8d, 0x8d, 0xff, 0x8d, 0x8d, 0x8d, 0xff, 0x8d, 0x8d, 0x8d, 0xff,
    0x8d, 0x8d, 0x8d, 0xff, 0x8d, 0x8d, 0x8d, 0xff, 0x8d, 0x8d, 0x8d, 0xff, 0x8d, 0x8d, 0x8d, 0xd3, 0x8d, 0x8d, 0x8d, 0x61, 0x8d, 0x8d, 0x8d, 0x06, 0x8d, 0x8d, 0x8d, 0x00, 0x8d, 0x8d, 0x8d, 0x00,
    0x8d, 0x8d, 0x8d, 0x00, 0x8d, 0x8d, 0x8d, 0x00, 0x8d, 0x8d, 0x8d, 0x00, 0x8d, 0x8d, 0x8d, 0x00, 0x8d, 0x8d, 0x8d, 0x3d, 0x8d, 0x8d, 0x8d, 0xc2, 0x8d, 0x8d, 0x8d, 0xff, 0x8d, 0x8d, 0x8d, 0xff,
    0x8d, 0x8d, 0x8d, 0xff, 0x8d, 0x8d, 0x8d, 0xff, 0x8d, 0x8d, 0x8d, 0xff, 0x8d, 0x8d, 0x8d, 0xff, 0x8d, 0x8d, 0x8d, 0xfe, 0x8d, 0x8d, 0x8d, 0xf6, 0x8d, 0x8d, 0x8d, 0xe3, 0x8d, 0x8d, 0x8d, 0xc8,
    0x8d, 0x8d, 0x8d, 0xa8, 0x8d, 0x8d, 0x8d, 0x86, 0x8d, 0x8d, 0x8d, 0x64, 0x8d, 0x8d, 0x8d, 0x45, 0x8d, 0x8d, 0x8d, 0x2b, 0x8d, 0x8d, 0x8d, 0x15, 0x8d, 0x8d, 0x8d, 0x07, 0x8d, 0x8d, 0x8d, 0x00,
    0x8d, 0x8d, 0x8d, 0x00, 0x8d, 0x8d, 0x8d, 0x00, 0x8d, 0x8d, 0x8d, 0x00, 0x8d, 0x8d, 0x8d, 0x00, 0x8d, 0x8d, 0x8d, 0x00, 0x8d, 0x8d, 0x8d, 0x00, 0x8d, 0x8d, 0x8d, 0x00, 0x8d, 0x8d, 0x8d, 0x00,
    0x8d, 0x8d, 0x8d, 0x00, 0x8d, 0x8d, 0x8d, 0x00, 0x8d, 0x8d, 0x8d, 0x00, 0x8d, 0x8d, 0x8d, 0x00, 0x8d, 0x8d, 0x8d, 0x00, 0x8d, 0x8d, 0x8d, 0x00, 0x8d, 0x8d, 0x8d, 0x02, 0x8d, 0x8d, 0x8d, 0x0c,
    0x8d, 0x8d, 0x8d, 0x1f, 0x8d, 0x8d, 0x8d, 0x38, 0x8d, 0x8d, 0x8d, 0x56, 0x8d, 0x8d, 0x8d, 0x77, 0x8d, 0x8d, 0x8d, 0x9a, 0x8d, 0x8d, 0x8d, 0xbc, 0x8d, 0x8d, 0x8d, 0xda, 0x8d, 0x8d, 0x8d, 0xf1,
    0x8d, 0x8d, 0x8d, 0xfe, 0x8d, 0x8d, 0x8d, 0xff, 0x8d, 0x8d, 0x8d, 0xff, 0x8d, 0x8d, 0x8d, 0xff, 0x8d, 0x8d, 0x8d, 0xff, 0x8d, 0x8d, 0x8d, 0xcf, 0x8d, 0x8d, 0x8d, 0x47, 0x8d, 0x8d, 0x8d, 0x00,
    0x8d, 0x8d, 0x8d, 0x00, 0x8d, 0x8d, 0x8d, 0x00, 0x8d, 0x8d, 0x8d, 0x00, 0x8d, 0x8d, 0x8d, 0x00, 0x8d, 0x8d, 0x8d, 0x00, 0x8d, 0x8d, 0x8d, 0x0d, 0x8d, 0x8d, 0x8d, 0x76, 0x8d, 0x8d, 0x8d, 0xe5,
    0x8d, 0x8d, 0x8d, 0xff, 0x8d, 0x8d, 0x8d, 0xff, 0x8d, 0x8d, 0x8d, 0xff, 0x8d, 0x8d, 0x8d, 0xff, 0x8d, 0x8d, 0x8d, 0xff, 0x8d, 0x8d, 0x8d, 0xff, 0x8d, 0x8d, 0x8d, 0xff, 0x8d, 0x8d, 0x8d, 0xff,
    0x8d, 0x8d, 0x8d, 0xff, 0x8d, 0x8d, 0x8d, 0xff, 0x8d, 0x8d, 0x8d, 0xff, 0x8d, 0x8d, 0x8d, 0xff, 0x8d, 0x8d, 0x8d, 0xff, 0x8d, 0x8d, 0x8d, 0xff, 0x8d, 0x8d, 0x8d, 0xff, 0x8d, 0x8d, 0x8d, 0xff,
    0x8d, 0x8d, 0x8d, 0xff, 0x8d, 0x8d, 0x8d, 0xff, 0x8d, 0x8d, 0x8d, 0xff, 0x8d, 0x8d, 0x8d, 0xff, 0x8d, 0x8d, 0x8d, 0xff, 0x8d, 0x8d, 0x8d, 0xff, 0x8d, 0x8d, 0x8d, 0xff, 0x8d, 0x8d, 0x8d, 0xff,
    0x8d, 0x8d, 0x8d, 0xff, 0x8d, 0x8d, 0x8d, 0xff, 0x8d, 0x8d, 0x8d, 0xff, 0x8d, 0x8d, 0x8d, 0xff, 0x8d, 0x8d, 0x8d, 0xff, 0x8d, 0x8d, 0x8d, 0xff, 0x8d, 0x8d, 0x8d, 0xff, 0x8d, 0x8d, 0x8d, 0xff,
    0x8d, 0x8d, 0x8d, 0xff, 0x8d, 0x8d, 0x8d, 0xff, 0x8d, 0x8d, 0x8d, 0xff, 0x8d, 0x8d, 0x8d, 0xff, 0x8d, 0x8d, 0x8d, 0xff, 0x8d, 0x8d, 0x8d, 0xff, 0x8d, 0x8d, 0x8d, 0xff, 0x8d, 0x8d, 0x8d, 0xff,
    0x8d, 0x8d, 0x8d, 0xff, 0x8d, 0x8d, 0x8d, 0xff, 0x8d, 0x8d, 0x8d, 0xff, 0x8d, 0x8d, 0x8d, 0xff, 0x8d, 0x8d, 0x8d, 0xff, 0x8d, 0x8d, 0x8d, 0xff, 0x8d, 0x8d, 0x8d, 0xff, 0x8d, 0x8d, 0x8d, 0xff,
    0x8d, 0x8d, 0x8d, 0xff, 0x8d, 0x8d, 0x8d, 0xff, 0x8d, 0x8d, 0x8d, 0xff, 0x8d, 0x8d, 0x8d, 0xff, 0x8d, 0x8d, 0x8d, 0xff, 0x8d, 0x8d, 0x8d, 0xff, 0x8d, 0x8d, 0x8d, 0xff, 0x8d, 0x8d, 0x8d, 0xff,
    0x8d, 0x8d, 0x8d, 0xff, 0x8d, 0x8d, 0x8d, 0xff, 0x8d, 0x8d, 0x8d, 0xe5, 0x8d, 0x8d, 0x8d, 0x76, 0x8d, 0x8d, 0x8d, 0x0d, 0x8d, 0x8d, 0x8d, 0x00, 0x8d, 0x8d, 0x8d, 0x00, 0x8d, 0x8d, 0x8d, 0x00,
    0x8d, 0x8d, 0x8d, 0x00, 0x8d, 0x8d, 0x8d, 0x00, 0x8d, 0x8d, 0x8d, 0x00, 0x8d, 0x8d, 0x8d, 0x47, 0x8d, 0x8d, 0x8d, 0xcf, 0x8d, 0x8d, 0x8d, 0xff, 0x8d, 0x8d, 0x8d, 0xff, 0x8d, 0x8d, 0x8d, 0xff,
    0x8d, 0x8d, 0x8d, 0xff, 0x8d, 0x8d, 0x8d, 0xfe, 0x8d, 0x8d, 0x8d, 0xf1, 0x8d, 0x8d, 0x8d, 0xda, 0x8d, 0x8d, 0x8d, 0xbc, 0x8d, 0x8d, 0x8d, 0x9a, 0x8d, 0x8d, 0x8d, 0x77, 0x8d, 0x8d, 0x8d, 0x56,
    0x8d, 0x8d, 0x8d, 0x38, 0x8d, 0x8d, 0x8d, 0x1f, 0x8d, 0x8d, 0x8d, 0x0c, 0x8d, 0x8d, 0x8d, 0x02, 0x8d, 0x8d, 0x8d, 0x00, 0x8d, 0x8d, 0x8d, 0x00, 0x8d, 0x8d, 0x8d, 0x00, 0x8d, 0x8d, 0x8d, 0x00,
    0x8d, 0x8d, 0x8d, 0x00, 0x8d, 0x8d, 0x8d, 0x00, 0x8d, 0x8d, 0x8d, 0x00, 0x8d, 0x8d, 0x8d, 0x00, 0x8d, 0x8d, 0x8d, 0x00, 0x8d, 0x8d, 0x8d, 0x00, 0x8d, 0x8d, 0x8d, 0x00, 0x8d, 0x8d, 0x8d, 0x00,
    0x8d, 0x8d, 0x8d, 0x00, 0x8d, 0x8d, 0x8d, 0x00, 0x8d, 0x8d, 0x8d, 0x00, 0x8d, 0x8d, 0x8d, 0x00, 0x8d, 0x8d, 0x8d, 0x00, 0x8d, 0x8d, 0x8d, 0x00, 0x8d, 0x8d, 0x8d, 0x05, 0x8d, 0x8d, 0x8d, 0x14,
    0x8d, 0x8d, 0x8d, 0x2a, 0x8d, 0x8d, 0x8d, 0x47, 0x8d, 0x8d, 0x8d, 0x68, 0x8d, 0x8d, 0x8d, 0x8b, 0x8d, 0x8d, 0x8d, 0xaf, 0x8d, 0x8d, 0x8d, 0xd0, 0x8d, 0x8d, 0x8d, 0xeb, 0x8d, 0x8d, 0x8d, 0xfb,
    0x8d, 0x8d, 0x8d, 0xff, 0x8d, 0x8d, 0x8d, 0xff, 0x8d, 0x8d, 0x8d, 0xdf, 0x8d, 0x8d, 0x8d, 0x58, 0x8d, 0x8d, 0x8d, 0x00, 0x8d, 0x8d, 0x8d, 0x00, 0x8d, 0x8d, 0x8d, 0x00, 0x8d, 0x8d, 0x8d, 0x00,
    0x8d, 0x8d, 0x8d, 0x00, 0x8d, 0x8d, 0x8d, 0x00, 0x8d, 0x8d, 0x8d, 0x12, 0x8d, 0x8d, 0x8d, 0x82, 0x8d, 0x8d, 0x8d, 0xef, 0x8d, 0x8d, 0x8d, 0xff, 0x8d, 0x8d, 0x8d, 0xff, 0x8d, 0x8d, 0x8d, 0xff,
    0x8d, 0x8d, 0x8d, 0xff, 0x8d, 0x8d, 0x8d, 0xff, 0x8d, 0x8d, 0x8d, 0xff, 0x8d, 0x8d, 0x8d, 0xff, 0x8d, 0x8d, 0x8d, 0xff, 0x8d, 0x8d, 0x8d, 0xff, 0x8d, 0x8d, 0x8d, 0xff, 0x8d, 0x8d, 0x8d, 0xff,
    0x8d, 0x8d, 0x8d, 0xff, 0x8d, 0x8d, 0x8d, 0xff, 0x8d, 0x8d, 0x8d, 0xff, 0x8d, 0x8d, 0x8d, 0xff, 0x8d, 0x8d, 0x8d, 0xff, 0x8d, 0x8d, 0x8d, 0xff, 0x8d, 0x8d, 0x8d, 0xff, 0x8d, 0x8d, 0x8d, 0xff,
    0x8d, 0x8d, 0x8d, 0xff, 0x8d, 0x8d, 0x8d, 0xff, 0x8d, 0x8d, 0x8d, 0xff, 0x8d, 0x8d, 0x8d, 0xff, 0x8d, 0x8d, 0x8d, 0xff, 0x8d, 0x8d, 0x8d, 0xff, 0x8d, 0x8d, 0x8d, 0xff, 0x8d, 0x8d, 0x8d, 0xff,
    0x8d, 0x8d, 0x8d, 0xff, 0x8d, 0x8d, 0x8d, 0xff, 0x8d, 0x8d, 0x8d, 0xff, 0x8d, 0x8d, 0x8d, 0xff, 0x8d, 0x8d, 0x8d, 0xff, 0x8d, 0x8d, 0x8d, 0xff, 0x8d, 0x8d, 0x8d, 0xff, 0x8d, 0x8d, 0x8d, 0xff,
    0x8d, 0x8d, 0x8d, 0xff, 0x8d, 0x8d, 0x8d, 0xff, 0x8d, 0x8d, 0x8d, 0xff, 0x8d, 0x8d, 0x8d, 0xff, 0x8d, 0x8d, 0x8d, 0xff, 0x8d, 0x8d, 0x8d, 0xff, 0x8d, 0x8d, 0x8d, 0xff, 0x8d, 0x8d, 0x8d, 0xff,
    0x8d, 0x8d, 0x8d, 0xff, 0x8d, 0x8d, 0x8d, 0xff, 0x8d, 0x8d, 0x8d, 0xff, 0x8d, 0x8d, 0x8d, 0xff, 0x8d, 0x8d, 0x8d, 0xff, 0x8d, 0x8d, 0x8d, 0xff, 0x8d, 0x8d, 0x8d, 0xff, 0x8d, 0x8d, 0x8d, 0xff,
    0x8d, 0x8d, 0x8d, 0xff, 0x8d, 0x8d, 0x8d, 0xff, 0x8d, 0x8d, 0x8d, 0xff, 0x8d, 0x8d, 0x8d, 0xff, 0x8d, 0x8d, 0x8d, 0xff, 0x8d, 0x8d, 0x8d, 0xff, 0x8d, 0x8d, 0x8d, 0xff, 0x8d, 0x8d, 0x8d, 0xff,
    0x8d, 0x8d, 0x8d, 0xff, 0x8d, 0x8d, 0x8d, 0xef, 0x8d, 0x8d, 0x8d, 0x82, 0x8d, 0x8d, 0x8d, 0x12, 0x8d, 0x8d, 0x8d, 0x00, 0x8d, 0x8d, 0x8d, 0x00, 0x8d, 0x8d, 0x8d, 0x00, 0x8d, 0x8d, 0x8d, 0x00,
    0x8d, 0x8d, 0x8d, 0x00, 0x8d, 0x8d, 0x8d, 0x00, 0x8d, 0x8d, 0x8d, 0x58, 0x8d, 0x8d, 0x8d, 0xdf, 0x8d, 0x8d, 0x8d, 0xff, 0x8d, 0x8d, 0x8d, 0xff, 0x8d, 0x8d, 0x8d, 0xfb, 0x8d, 0x8d, 0x8d, 0xeb,
    0x8d, 0x8d, 0x8d, 0xd0, 0x8d, 0x8d, 0x8d, 0xaf, 0x8d, 0x8d, 0x8d, 0x8b, 0x8d, 0x8d, 0x8d, 0x68, 0x8d, 0x8d, 0x8d, 0x47, 0x8d, 0x8d, 0x8d, 0x2a, 0x8d, 0x8d, 0x8d, 0x14, 0x8d, 0x8d, 0x8d, 0x05,
    0x8d, 0x8d, 0x8d, 0x00, 0x8d, 0x8d, 0x8d, 0x00, 0x8d, 0x8d, 0x8d, 0x00, 0x8d, 0x8d, 0x8d, 0x00, 0x8d, 0x8d, 0x8d, 0x00, 0x8d, 0x8d, 0x8d, 0x00, 0x8d, 0x8d, 0x8d, 0x00, 0x8d, 0x8d, 0x8d, 0x00,
    0x8d, 0x8d, 0x8d, 0x00, 0x8d, 0x8d, 0x8d, 0x00, 0x8d, 0x8d, 0x8d, 0x00, 0x8d, 0x8d, 0x8d, 0x00, 0x8d, 0x8d, 0x8d, 0x00, 0x8d, 0x8d, 0x8d, 0x00, 0x8d, 0x8d, 0x8d, 0x00, 0x8d, 0x8d, 0x8d, 0x00,
    0x8d, 0x8d, 0x8d, 0x00, 0x8d, 0x8d, 0x8d, 0x00, 0x8d, 0x8d, 0x8d, 0x00, 0x8d, 0x8d, 0x8d, 0x00, 0x8d, 0x8d, 0x8d, 0x00, 0x8d, 0x8d, 0x8d, 0x01, 0x8d, 0x8d, 0x8d, 0x0b, 0x8d, 0x8d, 0x8d, 0x1e,
    0x8d, 0x8d, 0x8d, 0x38, 0x8d, 0x8d, 0x8d, 0x58, 0x8d, 0x8d, 0x8d, 0x7c, 0x8d, 0x8d, 0x8d, 0xa1, 0x8d, 0x8d, 0x8d, 0xc4, 0x8d, 0x8d, 0x8d, 0xe3, 0x8d, 0x8d, 0x8d, 0xf7, 0x8d, 0x8d, 0x8d, 0xf0,
    0x8d, 0x8d, 0x8d, 0x71, 0x8d, 0x8d, 0x8d, 0x04, 0x8d, 0x8d, 0x8d, 0x00, 0x8d, 0x8d, 0x8d, 0x00, 0x8d, 0x8d, 0x8d, 0x00, 0x8d, 0x8d, 0x8d, 0x00, 0x8d, 0x8d, 0x8d, 0x00, 0x8d, 0x8d, 0x8d, 0x12,
    0x8d, 0x8d, 0x8d, 0x86, 0x8d, 0x8d, 0x8d, 0xf3, 0x8d, 0x8d, 0x8d, 0xff, 0x8d, 0x8d, 0x8d, 0xff, 0x8d, 0x8d, 0x8d, 0xff, 0x8d, 0x8d, 0x8d, 0xff, 0x8d, 0x8d, 0x8d, 0xff, 0x8d, 0x8d, 0x8d, 0xff,
    0x8d, 0x8d, 0x8d, 0xff, 0x8d, 0x8d, 0x8d, 0xff, 0x8d, 0x8d, 0x8d, 0xff, 0x8d, 0x8d, 0x8d, 0xff, 0x8d, 0x8d, 0x8d, 0xff, 0x8d, 0x8d, 0x8d, 0xff, 0x8d, 0x8d, 0x8d, 0xff, 0x8d, 0x8d, 0x8d, 0xff,
    0x8d, 0x8d, 0x8d, 0xff, 0x8d, 0x8d, 0x8d, 0xff, 0x8d, 0x8d, 0x8d, 0xff, 0x8d, 0x8d, 0x8d, 0xff, 0x8d, 0x8d, 0x8d, 0xff, 0x8d, 0x8d, 0x8d, 0xff, 0x8d, 0x8d, 0x8d, 0xff, 0x8d, 0x8d, 0x8d, 0xff,
    0x8d, 0x8d, 0x8d, 0xff, 0x8d, 0x8d, 0x8d, 0xff, 0x8d, 0x8d, 0x8d, 0xff, 0x8d, 0x8d, 0x8d, 0xff, 0x8d, 0x8d, 0x8d, 0xff, 0x8d, 0x8d, 0x8d, 0xff, 0x8d, 0x8d, 0x8d, 0xff, 0x8d, 0x8d, 0x8d, 0xff,
    0x8d, 0x8d, 0x8d, 0xff, 0x8d, 0x8d, 0x8d, 0xff, 0x8d, 0x8d, 0x8d, 0xff, 0x8d, 0x8d, 0x8d, 0xff, 0x8d, 0x8d, 0x8d, 0xff, 0x8d, 0x8d, 0x8d, 0xff, 0x8d, 0x8d, 0x8d, 0xff, 0x8d, 0x8d, 0x8d, 0xff,
    0x8d, 0x8d, 0x8d, 0xff, 0x8d, 0x8d, 0x8d, 0xff, 0x8d, 0x8d, 0x8d, 0xff, 0x8d, 0x8d, 0x8d, 0xff, 0x8d, 0x8d, 0x8d, 0xff, 0x8d, 0x8d, 0x8d, 0xff, 0x8d, 0x8d, 0x8d, 0xff, 0x8d, 0x8d, 0x8d, 0xff,
    0x8d, 0x8d, 0x8d, 0xff, 0x8d, 0x8d, 0x8d, 0xff, 0x8d, 0x8d, 0x8d, 0xff, 0x8d, 0x8d, 0x8d, 0xff, 0x8d, 0x8d, 0x8d, 0xff, 0x8d, 0x8d, 0x8d, 0xff, 0x8d, 0x8d, 0x8d, 0xff, 0x8d, 0x8d, 0x8d, 0xff,
    0x8d, 0x8d, 0x8d, 0xff, 0x8d, 0x8d, 0x8d, 0xff, 0x8d, 0x8d, 0x8d, 0xff, 0x8d, 0x8d, 0x8d, 0xff, 0x8d, 0x8d, 0x8d, 0xff, 0x8d, 0x8d, 0x8d, 0xff, 0x8d, 0x8d, 0x8d, 0xff, 0x8d, 0x8d, 0x8d, 0xff,
    0x8d, 0x8d, 0x8d, 0xf3, 0x8d, 0x8d, 0x8d, 0x86, 0x8d, 0x8d, 0x8d, 0x12, 0x8d, 0x8d, 0x8d, 0x00, 0x8d, 0x8d, 0x8d, 0x00, 0x8d, 0x8d, 0x8d, 0x00, 0x8d, 0x8d, 0x8d, 0x00, 0x8d, 0x8d, 0x8d, 0x00,
    0x8d, 0x8d, 0x8d, 0x04, 0x8d, 0x8d, 0x8d, 0x71, 0x8d, 0x8d, 0x8d, 0xf0, 0x8d, 0x8d, 0x8d, 0xf7, 0x8d, 0x8d, 0x8d, 0xe3, 0x8d, 0x8d, 0x8d, 0xc4, 0x8d, 0x8d, 0x8d, 0xa1, 0x8d, 0x8d, 0x8d, 0x7c,
    0x8d, 0x8d, 0x8d, 0x58, 0x8d, 0x8d, 0x8d, 0x38, 0x8d, 0x8d, 0x8d, 0x1e, 0x8d, 0x8d, 0x8d, 0x0b, 0x8d, 0x8d, 0x8d, 0x01, 0x8d, 0x8d, 0x8d, 0x00, 0x8d, 0x8d, 0x8d, 0x00, 0x8d, 0x8d, 0x8d, 0x00,
    0x8d, 0x8d, 0x8d, 0x00, 0x8d, 0x8d, 0x8d, 0x00, 0x8d, 0x8d, 0x8d, 0x00, 0x8d, 0x8d, 0x8d, 0x00, 0x8d, 0x8d, 0x8d, 0x00, 0x8d, 0x8d, 0x8d, 0x00, 0x8d, 0x8d, 0x8d, 0x00, 0x8d, 0x8d, 0x8d, 0x00,
    0x8d, 0x8d, 0x8d, 0x00, 0x8d, 0x8d, 0x8d, 0x00, 0x8d, 0x8d, 0x8d, 0x00, 0x8d, 0x8d, 0x8d, 0x00, 0x8d, 0x8d, 0x8d, 0x00, 0x8d, 0x8d, 0x8d, 0x00, 0x8d, 0x8d, 0x8d, 0x00, 0x8d, 0x8d, 0x8d, 0x00,
    0x8d, 0x8d, 0x8d, 0x00, 0x8d, 0x8d, 0x8d, 0x00, 0x8d, 0x8d, 0x8d, 0x00, 0x8d, 0x8d, 0x8d, 0x00, 0x8d, 0x8d, 0x8d, 0x00, 0x8d, 0x8d, 0x8d, 0x04, 0x8d, 0x8d, 0x8d, 0x12, 0x8d, 0x8d, 0x8d, 0x2a,
    0x8d, 0x8d, 0x8d, 0x48, 0x8d, 0x8d, 0x8d, 0x6c, 0x8d, 0x8d, 0x8d, 0x92, 0x8d, 0x8d, 0x8d, 0xb7, 0x8d, 0x8d, 0x8d, 0xd7, 0x8d, 0x8d, 0x8d, 0x8b, 0x8d, 0x8d, 0x8d, 0x10, 0x8d, 0x8d, 0x8d, 0x00,
    0x8d, 0x8d, 0x8d, 0x00, 0x8d, 0x8d, 0x8d, 0x00, 0x8d, 0x8d, 0x8d, 0x00, 0x8d, 0x8d, 0x8d, 0x00, 0x8d, 0x8d, 0x8d, 0x0d, 0x8d, 0x8d, 0x8d, 0x82, 0x8d, 0x8d, 0x8d, 0xf3, 0x8d, 0x8d, 0x8d, 0xff,
    0x8d, 0x8d, 0x8d, 0xff, 0x8d, 0x8d, 0x8d, 0xff, 0x8d, 0x8d, 0x8d, 0xff, 0x8d, 0x8d, 0x8d, 0xff, 0x8d, 0x8d, 0x8d, 0xff, 0x8d, 0x8d, 0x8d, 0xff, 0x8d, 0x8d, 0x8d, 0xff, 0x8d, 0x8d, 0x8d, 0xff,
    0x8d, 0x8d, 0x8d, 0xff, 0x8d, 0x8d, 0x8d, 0xff, 0x8d, 0x8d, 0x8d, 0xff, 0x8d, 0x8d, 0x8d, 0xff, 0x8d, 0x8d, 0x8d, 0xff, 0x8d, 0x8d, 0x8d, 0xff, 0x8d, 0x8d, 0x8d, 0xff, 0x8d, 0x8d, 0x8d, 0xff,
    0x8d, 0x8d, 0x8d, 0xff, 0x8d, 0x8d, 0x8d, 0xff, 0x8d, 0x8d, 0x8d, 0xff, 0x8d, 0x8d, 0x8d, 0xff, 0x8d, 0x8d, 0x8d, 0xff, 0x8d, 0x8d, 0x8d, 0xff, 0x8d, 0x8d, 0x8d, 0xff, 0x8d, 0x8d, 0x8d, 0xff,
    0x8d, 0x8d, 0x8d, 0xff, 0x8d, 0x8d, 0x8d, 0xff, 0x8d, 0x8d, 0x8d, 0xff, 0x8d, 0x8d, 0x8d, 0xff, 0x8d, 0x8d, 0x8d, 0xff, 0x8d, 0x8d, 0x8d, 0xff, 0x8d, 0x8d, 0x8d, 0xff, 0x8d, 0x8d, 0x8d, 0xff,
    0x8d, 0x8d, 0x8d, 0xff, 0x8d, 0x8d, 0x8d, 0xff, 0x8d, 0x8d, 0x8d, 0xff, 0x8d, 0x8d, 0x8d, 0xff, 0x8d, 0x8d, 0x8d, 0xff, 0x8d, 0x8d, 0x8d, 0xff, 0x8d, 0x8d, 0x8d, 0xff, 0x8d, 0x8d, 0x8d, 0xff,
    0x8d, 0x8d, 0x8d, 0xff, 0x8d, 0x8d, 0x8d, 0xff, 0x8d, 0x8d, 0x8d, 0xff, 0x8d, 0x8d, 0x8d, 0xff, 0x8d, 0x8d, 0x8d, 0xff, 0x8d, 0x8d, 0x8d, 0xff, 0x8d, 0x8d, 0x8d, 0xff, 0x8d, 0x8d, 0x8d, 0xff,
    0x8d, 0x8d, 0x8d, 0xff, 0x8d, 0x8d, 0x8d, 0xff, 0x8d, 0x8d, 0x8d, 0xff, 0x8d, 0x8d, 0x8d, 0xff, 0x8d, 0x8d, 0x8d, 0xff, 0x8d, 0x8d, 0x8d, 0xff, 0x8d, 0x8d, 0x8d, 0xff, 0x8d, 0x8d, 0x8d, 0xff,
    0x8d, 0x8d, 0x8d, 0xff, 0x8d, 0x8d, 0x8d, 0xff, 0x8d, 0x8d, 0x8d, 0xff, 0x8d, 0x8d, 0x8d, 0xff, 0x8d, 0x8d, 0x8d, 0xff, 0x8d, 0x8d, 0x8d, 0xff, 0x8d, 0x8d, 0x8d, 0xff, 0x8d, 0x8d, 0x8d, 0xf3,
    0x8d, 0x8d, 0x8d, 0x82, 0x8d, 0x8d, 0x8d, 0x0d, 0x8d, 0x8d, 0x8d, 0x00, 0x8d, 0x8d, 0x8d, 0x00, 0x8d, 0x8d, 0x8d, 0x00, 0x8d, 0x8d, 0x8d, 0x00, 0x8d, 0x8d, 0x8d, 0x00, 0x8d, 0x8d, 0x8d, 0x10,
    0x8d, 0x8d, 0x8d, 0x8b, 0x8d, 0x8d, 0x8d, 0xd7, 0x8d, 0x8d, 0x8d, 0xb7, 0x8d, 0x8d, 0x8d, 0x92, 0x8d, 0x8d, 0x8d, 0x6c, 0x8d, 0x8d, 0x8d, 0x48, 0x8d, 0x8d, 0x8d, 0x2a, 0x8d, 0x8d, 0x8d, 0x12,
    0x8d, 0x8d, 0x8d, 0x04, 0x8d, 0x8d, 0x8d, 0x00, 0x8d, 0x8d, 0x8d, 0x00, 0x8d, 0x8d, 0x8d, 0x00, 0x8d, 0x8d, 0x8d, 0x00, 0x8d, 0x8d, 0x8d, 0x00, 0x8d, 0x8d, 0x8d, 0x00, 0x8d, 0x8d, 0x8d, 0x00,
    0x8d, 0x8d, 0x8d, 0x00, 0x8d, 0x8d, 0x8d, 0x00, 0x8d, 0x8d, 0x8d, 0x00, 0x8d, 0x8d, 0x8d, 0x00, 0x8d, 0x8d, 0x8d, 0x00, 0x8d, 0x8d, 0x8d, 0x00, 0x8d, 0x8d, 0x8d, 0x00, 0x8d, 0x8d, 0x8d, 0x00,
    0x8d, 0x8d, 0x8d, 0x00, 0x8d, 0x8d, 0x8d, 0x00, 0x8d, 0x8d, 0x8d, 0x00, 0x8d, 0x8d, 0x8d, 0x00, 0x8d, 0x8d, 0x8d, 0x00, 0x8d, 0x8d, 0x8d, 0x00, 0x8d, 0x8d, 0x8d, 0x00, 0x8d, 0x8d, 0x8d, 0x00,
    0x8d, 0x8d, 0x8d, 0x00, 0x8d, 0x8d, 0x8d, 0x00, 0x8d, 0x8d, 0x8d, 0x00, 0x8d, 0x8d, 0x8d, 0x00, 0x8d, 0x8d, 0x8d, 0x00, 0x8d, 0x8d, 0x8d, 0x09, 0x8d, 0x8d, 0x8d, 0x1d, 0x8d, 0x8d, 0x8d, 0x38,
    0x8d, 0x8d, 0x8d, 0x5b, 0x8d, 0x8d, 0x8d, 0x81, 0x8d, 0x8d, 0x8d, 0x7a, 0x8d, 0x8d, 0x8d, 0x20, 0x8d, 0x8d, 0x8d, 0x00, 0x8d, 0x8d, 0x8d, 0x00, 0x8d, 0x8d, 0x8d, 0x00, 0x8d, 0x8d, 0x8d, 0x00,
    0x8d, 0x8d, 0x8d, 0x00, 0x8d, 0x8d, 0x8d, 0x06, 0x8d, 0x8d, 0x8d, 0x76, 0x8d, 0x8d, 0x8d, 0xef, 0x8d, 0x8d, 0x8d, 0xff, 0x8d, 0x8d, 0x8d, 0xff, 0x8d, 0x8d, 0x8d, 0xff, 0x8d, 0x8d, 0x8d, 0xff,
    0x8d, 0x8d, 0x8d, 0xff, 0x8d, 0x8d, 0x8d, 0xff, 0x8d, 0x8d, 0x8d, 0xff, 0x8d, 0x8d, 0x8d, 0xff, 0x8d, 0x8d, 0x8d, 0xff, 0x8d, 0x8d, 0x8d, 0xff, 0x8d, 0x8d, 0x8d, 0xff, 0x8d, 0x8d, 0x8d, 0xff,
    0x8d, 0x8d, 0x8d, 0xff, 0x8d, 0x8d, 0x8d, 0xff, 0x8d, 0x8d, 0x8d, 0xff, 0x8d, 0x8d, 0x8d, 0xff, 0x8d, 0x8d, 0x8d, 0xff, 0x8d, 0x8d, 0x8d, 0xff, 0x8d, 0x8d, 0x8d, 0xff, 0x8d, 0x8d, 0x8d, 0xff,
    0x8d, 0x8d, 0x8d, 0xff, 0x8d, 0x8d, 0x8d, 0xff, 0x8d, 0x8d, 0x8d, 0xff, 0x8d, 0x8d, 0x8d, 0xff, 0x8d, 0x8d, 0x8d, 0xff, 0x8d, 0x8d, 0x8d, 0xff, 0x8d, 0x8d, 0x8d, 0xff, 0x8d, 0x8d, 0x8d, 0xfe,
    0x8d, 0x8d, 0x8d, 0xf9, 0x8d, 0x8d, 0x8d, 0xef, 0x8d, 0x8d, 0x8d, 0xe4, 0x8d, 0x8d, 0x8d, 0xdc, 0x8d, 0x8d, 0x8d, 0xd7, 0x8d, 0x8d, 0x8d, 0xd7, 0x8d, 0x8d, 0x8d, 0xdc, 0x8d, 0x8d, 0x8d, 0xe4,
    0x8d, 0x8d, 0x8d, 0xef, 0x8d, 0x8d, 0x8d, 0xf9, 0x8d, 0x8d, 0x8d, 0xfe, 0x8d, 0x8d, 0x8d, 0xff, 0x8d, 0x8d, 0x8d, 0xff, 0x8d, 0x8d, 0x8d, 0xff, 0x8d, 0x8d, 0x8d, 0xff, 0x8d, 0x8d, 0x8d, 0xff,
    0x8d, 0x8d, 0x8d, 0xff, 0x8d, 0x8d, 0x8d, 0xff, 0x8d, 0x8d, 0x8d, 0xff, 0x8d, 0x8d, 0x8d, 0xff, 0x8d, 0x8d, 0x8d, 0xff, 0x8d, 0x8d, 0x8d, 0xff, 0x8d, 0x8d, 0x8d, 0xff, 0x8d, 0x8d, 0x8d, 0xff,
    0x8d, 0x8d, 0x8d, 0xff, 0x8d, 0x8d, 0x8d, 0xff, 0x8d, 0x8d, 0x8d, 0xff, 0x8d, 0x8d, 0x8d, 0xff, 0x8d, 0x8d, 0x8d, 0xff, 0x8d, 0x8d, 0x8d, 0xff, 0x8d, 0x8d, 0x8d, 0xff, 0x8d, 0x8d, 0x8d, 0xff,
    0x8d, 0x8d, 0x8d, 0xff, 0x8d, 0x8d, 0x8d, 0xff, 0x8d, 0x8d, 0x8d, 0xff, 0x8d, 0x8d, 0x8d, 0xff, 0x8d, 0x8d, 0x8d, 0xff, 0x8d, 0x8d, 0x8d, 0xff, 0x8d, 0x8d, 0x8d, 0xef, 0x8d, 0x8d, 0x8d, 0x76,
    0x8d, 0x8d, 0x8d, 0x06, 0x8d, 0x8d, 0x8d, 0x00, 0x8d, 0x8d, 0x8d, 0x00, 0x8d, 0x8d, 0x8d, 0x00, 0x8d, 0x8d, 0x8d, 0x00, 0x8d, 0x8d, 0x8d, 0x00, 0x8d, 0x8d, 0x8d, 0x20, 0x8d, 0x8d, 0x8d, 0x7a,
    0x8d, 0x8d, 0x8d, 0x81, 0x8d, 0x8d, 0x8d, 0x5b, 0x8d, 0x8d, 0x8d, 0x38, 0x8d, 0x8d, 0x8d, 0x1d, 0x8d, 0x8d, 0x8d, 0x09, 0x8d, 0x8d, 0x8d, 0x00, 0x8d, 0x8d, 0x8d, 0x00, 0x8d, 0x8d, 0x8d, 0x00,
    0x8d, 0x8d, 0x8d, 0x00, 0x8d, 0x8d, 0x8d, 0x00, 0x8d, 0x8d, 0x8d, 0x00, 0x8d, 0x8d, 0x8d, 0x00, 0x8d, 0x8d, 0x8d, 0x00, 0x8d, 0x8d, 0x8d, 0x00, 0x8d, 0x8d, 0x8d, 0x00, 0x8d, 0x8d, 0x8d, 0x00,
    0x8d, 0x8d, 0x8d, 0x00, 0x8d, 0x8d, 0x8d, 0x00, 0x8d, 0x8d, 0x8d, 0x00, 0x8d, 0x8d, 0x8d, 0x00, 0x8d, 0x8d, 0x8d, 0x00, 0x8d, 0x8d, 0x8d, 0x00, 0x8d, 0x8d, 0x8d, 0x00, 0x8d, 0x8d, 0x8d, 0x00,
    0x8d, 0x8d, 0x8d, 0x00, 0x8d, 0x8d, 0x8d, 0x00, 0x8d, 0x8d, 0x8d, 0x00, 0x8d, 0x8d, 0x8d, 0x00, 0x8d, 0x8d, 0x8d, 0x00, 0x8d, 0x8d, 0x8d, 0x00, 0x8d, 0x8d, 0x8d, 0x00, 0x8d, 0x8d, 0x8d, 0x00,
    0x8d, 0x8d, 0x8d, 0x00, 0x8d, 0x8d, 0x8d, 0x00, 0x8d, 0x8d, 0x8d, 0x00, 0x8d, 0x8d, 0x8d, 0x00, 0x8d, 0x8d, 0x8d, 0x03, 0x8d, 0x8d, 0x8d, 0x11, 0x8d, 0x8d, 0x8d, 0x29, 0x8d, 0x8d, 0x8d, 0x41,
    0x8d, 0x8d, 0x8d, 0x22, 0x8d, 0x8d, 0x8d, 0x00, 0x8d, 0x8d, 0x8d, 0x00, 0x8d, 0x8d, 0x8d, 0x00, 0x8d, 0x8d, 0x8d, 0x00, 0x8d, 0x8d, 0x8d, 0x00, 0x8d, 0x8d, 0x8d, 0x00, 0x8d, 0x8d, 0x8d, 0x61,
    0x8d, 0x8d, 0x8d, 0xe5, 0x8d, 0x8d, 0x8d, 0xff, 0x8d, 0x8d, 0x8d, 0xff, 0x8d, 0x8d, 0x8d, 0xff, 0x8d, 0x8d, 0x8d, 0xff, 0x8d, 0x8d, 0x8d, 0xff, 0x8d, 0x8d, 0x8d, 0xff, 0x8d, 0x8d, 0x8d, 0xff,
    0x8d, 0x8d, 0x8d, 0xff, 0x8d, 0x8d, 0x8d, 0xff, 0x8d, 0x8d, 0x8d, 0xff, 0x8d, 0x8d, 0x8d, 0xff, 0x8d, 0x8d, 0x8d, 0xff, 0x8d, 0x8d, 0x8d, 0xff, 0x8d, 0x8d, 0x8d, 0xff, 0x8d, 0x8d, 0x8d, 0xff,
    0x8d, 0x8d, 0x8d, 0xff, 0x8d, 0x8d, 0x8d, 0xff, 0x8d, 0x8d, 0x8d, 0xff, 0x8d, 0x8d, 0x8d, 0xff, 0x8d, 0x8d, 0x8d, 0xff, 0x8d, 0x8d, 0x8d, 0xff, 0x8d, 0x8d, 0x8d, 0xff, 0x8d, 0x8d, 0x8d, 0xff,
    0x8d, 0x8d, 0x8d, 0xff, 0x8d, 0x8d, 0x8d, 0xfe, 0x8d, 0x8d, 0x8d, 0xef, 0x8d, 0x8d, 0x8d, 0xcd, 0x8d, 0x8d, 0x8d, 0xa6, 0x8d, 0x8d, 0x8d, 0x81, 0x8d, 0x8d, 0x8d, 0x61, 0x8d, 0x8d, 0x8d, 0x49,
    0x8d, 0x8d, 0x8d, 0x38, 0x8d, 0x8d, 0x8d, 0x2d, 0x8d, 0x8d, 0x8d, 0x28, 0x8d, 0x8d, 0x8d, 0x28, 0x8d, 0x8d, 0x8d, 0x2d, 0x8d, 0x8d, 0x8d, 0x38, 0x8d, 0x8d, 0x8d, 0x49, 0x8d, 0x8d, 0x8d, 0x61,
    0x8d, 0x8d, 0x8d, 0x81, 0x8d, 0x8d, 0x8d, 0xa6, 0x8d, 0x8d, 0x8d, 0xcd, 0x8d, 0x8d, 0x8d, 0xef, 0x8d, 0x8d, 0x8d, 0xfe, 0x8d, 0x8d, 0x8d, 0xff, 0x8d, 0x8d, 0x8d, 0xff, 0x8d, 0x8d, 0x8d, 0xff,
    0x8d, 0x8d, 0x8d, 0xff, 0x8d, 0x8d, 0x8d, 0xff, 0x8d, 0x8d, 0x8d, 0xff, 0x8d, 0x8d, 0x8d, 0xff, 0x8d, 0x8d, 0x8d, 0xff, 0x8d, 0x8d, 0x8d, 0xff, 0x8d, 0x8d, 0x8d, 0xff, 0x8d, 0x8d, 0x8d, 0xff,
    0x8d, 0x8d, 0x8d, 0xff, 0x8d, 0x8d, 0x8d, 0xff, 0x8d, 0x8d, 0x8d, 0xff, 0x8d, 0x8d, 0x8d, 0xff, 0x8d, 0x8d, 0x8d, 0xff, 0x8d, 0x8d, 0x8d, 0xff, 0x8d, 0x8d, 0x8d, 0xff, 0x8d, 0x8d, 0x8d, 0xff,
    0x8d, 0x8d, 0x8d, 0xff, 0x8d, 0x8d, 0x8d, 0xff, 0x8d, 0x8d, 0x8d, 0xff, 0x8d, 0x8d, 0x8d, 0xff, 0x8d, 0x8d, 0x8d, 0xff, 0x8d, 0x8d, 0x8d, 0xe5, 0x8d, 0x8d, 0x8d, 0x61, 0x8d, 0x8d, 0x8d, 0x00,
    0x8d, 0x8d, 0x8d, 0x00, 0x8d, 0x8d, 0x8d, 0x00, 0x8d, 0x8d, 0x8d, 0x00, 0x8d, 0x8d, 0x8d, 0x00, 0x8d, 0x8d, 0x8d, 0x00, 0x8d, 0x8d, 0x8d, 0x22, 0x8d, 0x8d, 0x8d, 0x41, 0x8d, 0x8d, 0x8d, 0x29,
    0x8d, 0x8d, 0x8d, 0x11, 0x8d, 0x8d, 0x8d, 0x03, 0x8d, 0x8d, 0x8d, 0x00, 0x8d, 0x8d, 0x8d, 0x00, 0x8d, 0x8d, 0x8d, 0x00, 0x8d, 0x8d, 0x8d, 0x00, 0x8d, 0x8d, 0x8d, 0x00, 0x8d, 0x8d, 0x8d, 0x00,
    0x8d, 0x8d, 0x8d, 0x00, 0x8d, 0x8d, 0x8d, 0x00, 0x8d, 0x8d, 0x8d, 0x00, 0x8d, 0x8d, 0x8d, 0x00, 0x8d, 0x8d, 0x8d, 0x00, 0x8d, 0x8d, 0x8d, 0x00, 0x8d, 0x8d, 0x8d, 0x00, 0x8d, 0x8d, 0x8d, 0x00,
    0x8d, 0x8d, 0x8d, 0x00, 0x8d, 0x8d, 0x8d, 0x00, 0x8d, 0x8d, 0x8d, 0x00, 0x8d, 0x8d, 0x8d, 0x00, 0x8d, 0x8d, 0x8d, 0x00, 0x8d, 0x8d, 0x8d, 0x00, 0x8d, 0x8d, 0x8d, 0x00, 0x8d, 0x8d, 0x8d, 0x00,
    0x8d, 0x8d, 0x8d, 0x00, 0x8d, 0x8d, 0x8d, 0x00, 0x8d, 0x8d, 0x8d, 0x00, 0x8d, 0x8d, 0x8d, 0x00, 0x8d, 0x8d, 0x8d, 0x00, 0x8d, 0x8d, 0x8d, 0x00, 0x8d, 0x8d, 0x8d, 0x00, 0x8d, 0x8d, 0x8d, 0x00,
    0x8d, 0x8d, 0x8d, 0x00, 0x8d, 0x8d, 0x8d, 0x00, 0x8d, 0x8d, 0x8d, 0x00, 0x8d, 0x8d, 0x8d, 0x00, 0x8d, 0x8d, 0x8d, 0x07, 0x8d, 0x8d, 0x8d, 0x0e, 0x8d, 0x8d, 0x8d, 0x01, 0x8d, 0x8d, 0x8d, 0x00,
    0x8d, 0x8d, 0x8d, 0x00, 0x8d, 0x8d, 0x8d, 0x00, 0x8d, 0x8d, 0x8d, 0x00, 0x8d, 0x8d, 0x8d, 0x00, 0x8d, 0x8d, 0x8d, 0x46, 0x8d, 0x8d, 0x8d, 0xd3, 0x8d, 0x8d, 0x8d, 0xff, 0x8d, 0x8d, 0x8d, 0xff,
    0x8d, 0x8d, 0x8d, 0xff, 0x8d, 0x8d, 0x8d, 0xff, 0x8d, 0x8d, 0x8d, 0xff, 0x8d, 0x8d, 0x8d, 0xff, 0x8d, 0x8d, 0x8d, 0xff, 0x8d, 0x8d, 0x8d, 0xff, 0x8d, 0x8d, 0x8d, 0xff, 0x8d, 0x8d, 0x8d, 0xff,
    0x8d, 0x8d, 0x8d, 0xff, 0x8d, 0x8d, 0x8d, 0xff, 0x8d, 0x8d, 0x8d, 0xff, 0x8d, 0x8d, 0x8d, 0xff, 0x8d, 0x8d, 0x8d, 0xff, 0x8d, 0x8d, 0x8d, 0xff, 0x8d, 0x8d, 0x8d, 0xff, 0x8d, 0x8d, 0x8d, 0xff,
    0x8d, 0x8d, 0x8d, 0xff, 0x8d, 0x8d, 0x8d, 0xff, 0x8d, 0x8d, 0x8d, 0xff, 0x8d, 0x8d, 0x8d, 0xff, 0x8d, 0x8d, 0x8d, 0xff, 0x8d, 0x8d, 0x8d, 0xf2, 0x8d, 0x8d, 0x8d, 0xc3, 0x8d, 0x8d, 0x8d, 0x87,
    0x8d, 0x8d, 0x8d, 0x4e, 0x8d, 0x8d, 0x8d, 0x23, 0x8d, 0x8d, 0x8d, 0x09, 0x8d, 0x8d, 0x8d, 0x00, 0x8d, 0x8d, 0x8d, 0x00, 0x8d, 0x8d, 0x8d, 0x00, 0x8d, 0x8d, 0x8d, 0x00, 0x8d, 0x8d, 0x8d, 0x00,
    0x8d, 0x8d, 0x8d, 0x00, 0x8d, 0x8d, 0x8d, 0x00, 0x8d, 0x8d, 0x8d, 0x00, 0x8d, 0x8d, 0x8d, 0x00, 0x8d, 0x8d, 0x8d, 0x00, 0x8d, 0x8d, 0x8d, 0x00, 0x8d, 0x8d, 0x8d, 0x00, 0x8d, 0x8d, 0x8d, 0x09,
    0x8d, 0x8d, 0x8d, 0x23, 0x8d, 0x8d, 0x8d, 0x4e, 0x8d, 0x8d, 0x8d, 0x87, 0x8d, 0x8d, 0x8d, 0xc3, 0x8d, 0x8d, 0x8d, 0xf2, 0x8d, 0x8d, 0x8d, 0xff, 0x8d, 0x8d, 0x8d, 0xff, 0x8d, 0x8d, 0x8d, 0xff,
    0x8d, 0x8d, 0x8d, 0xff, 0x8d, 0x8d, 0x8d, 0xff, 0x8d, 0x8d, 0x8d, 0xff, 0x8d, 0x8d, 0x8d, 0xff, 0x8d, 0x8d, 0x8d, 0xff, 0x8d, 0x8d, 0x8d, 0xff, 0x8d, 0x8d, 0x8d, 0xff, 0x8d, 0x8d, 0x8d, 0xff,
    0x8d, 0x8d, 0x8d, 0xff, 0x8d, 0x8d, 0x8d, 0xff, 0x8d, 0x8d, 0x8d, 0xff, 0x8d, 0x8d, 0x8d, 0xff, 0x8d, 0x8d, 0x8d, 0xff, 0x8d, 0x8d, 0x8d, 0xff, 0x8d, 0x8d, 0x8d, 0xff, 0x8d, 0x8d, 0x8d, 0xff,
    0x8d, 0x8d, 0x8d, 0xff, 0x8d, 0x8d, 0x8d, 0xff, 0x8d, 0x8d, 0x8d, 0xff, 0x8d, 0x8d, 0x8d, 0xff, 0x8d, 0x8d, 0x8d, 0xd3, 0x8d, 0x8d, 0x8d, 0x46, 0x8d, 0x8d, 0x8d, 0x00, 0x8d, 0x8d, 0x8d, 0x00,
    0x8d, 0x8d, 0x8d, 0x00, 0x8d, 0x8d, 0x8d, 0x00, 0x8d, 0x8d, 0x8d, 0x00, 0x8d, 0x8d, 0x8d, 0x01, 0x8d, 0x8d, 0x8d, 0x0e, 0x8d, 0x8d, 0x8d, 0x07, 0x8d, 0x8d, 0x8d, 0x00, 0x8d, 0x8d, 0x8d, 0x00,
    0x8d, 0x8d, 0x8d, 0x00, 0x8d, 0x8d, 0x8d, 0x00, 0x8d, 0x8d, 0x8d, 0x00, 0x8d, 0x8d, 0x8d, 0x00, 0x8d, 0x8d, 0x8d, 0x00, 0x8d, 0x8d, 0x8d, 0x00, 0x8d, 0x8d, 0x8d, 0x00, 0x8d, 0x8d, 0x8d, 0x00,
    0x8d, 0x8d, 0x8d, 0x00, 0x8d, 0x8d, 0x8d, 0x00, 0x8d, 0x8d, 0x8d, 0x00, 0x8d, 0x8d, 0x8d, 0x00, 0x8d, 0x8d, 0x8d, 0x00, 0x8d, 0x8d, 0x8d, 0x00, 0x8d, 0x8d, 0x8d, 0x00, 0x8d, 0x8d, 0x8d, 0x00,
    0x8d, 0x8d, 0x8d, 0x00, 0x8d, 0x8d, 0x8d, 0x00, 0x8d, 0x8d, 0x8d, 0x00, 0x8d, 0x8d, 0x8d, 0x00, 0x8d, 0x8d, 0x8d, 0x00, 0x8d, 0x8d, 0x8d, 0x00, 0x8d, 0x8d, 0x8d, 0x00, 0x8d, 0x8d, 0x8d, 0x00,
    0x8d, 0x8d, 0x8d, 0x00, 0x8d, 0x8d, 0x8d, 0x00, 0x8d, 0x8d, 0x8d, 0x00, 0x8d, 0x8d, 0x8d, 0x00, 0x8d, 0x8d, 0x8d, 0x00, 0x8d, 0x8d, 0x8d, 0x00, 0x8d, 0x8d, 0x8d, 0x00, 0x8d, 0x8d, 0x8d, 0x00,
    0x8d, 0x8d, 0x8d, 0x00, 0x8d, 0x8d, 0x8d, 0x00, 0x8d, 0x8d, 0x8d, 0x00, 0x8d, 0x8d, 0x8d, 0x00, 0x8d, 0x8d, 0x8d, 0x00, 0x8d, 0x8d, 0x8d, 0x00, 0x8d, 0x8d, 0x8d, 0x00, 0x8d, 0x8d, 0x8d, 0x00,
    0x8d, 0x8d, 0x8d, 0x00, 0x8d, 0x8d, 0x8d, 0x1f, 0x8d, 0x8d, 0x8d, 0xa9, 0x8d, 0x8d, 0x8d, 0xfd, 0x8d, 0x8d, 0x8d, 0xff, 0x8d, 0x8d, 0x8d, 0xff, 0x8d, 0x8d, 0x8d, 0xff, 0x8d, 0x8d, 0x8d, 0xff,
    0x8d, 0x8d, 0x8d, 0xff, 0x8d, 0x8d, 0x8d, 0xff, 0x8d, 0x8d, 0x8d, 0xff, 0x8d, 0x8d, 0x8d, 0xff, 0x8d, 0x8d, 0x8d, 0xff, 0x8d, 0x8d, 0x8d, 0xff, 0x8d, 0x8d, 0x8d, 0xff, 0x8d, 0x8d, 0x8d, 0xff,
    0x8d, 0x8d, 0x8d, 0xff, 0x8d, 0x8d, 0x8d, 0xff, 0x8d, 0x8d, 0x8d, 0xff, 0x8d, 0x8d, 0x8d, 0xff, 0x8d, 0x8d, 0x8d, 0xff, 0x8d, 0x8d, 0x8d, 0xff, 0x8d, 0x8d, 0x8d, 0xff, 0x8d, 0x8d, 0x8d, 0xff,
    0x8d, 0x8d, 0x8d, 0xff, 0x8d, 0x8d, 0x8d, 0xe8, 0x8d, 0x8d, 0x8d, 0xa6, 0x8d, 0x8d, 0x8d, 0x5b, 0x8d, 0x8d, 0x8d, 0x1f, 0x8d, 0x8d, 0x8d, 0x01, 0x8d, 0x8d, 0x8d, 0x00, 0x8d, 0x8d, 0x8d, 0x00,
    0x8d, 0x8d, 0x8d, 0x00, 0x8d, 0x8d, 0x8d, 0x00, 0x8d, 0x8d, 0x8d, 0x00, 0x8d, 0x8d, 0x8d, 0x00, 0x8d, 0x8d, 0x8d, 0x00, 0x8d, 0x8d, 0x8d, 0x00, 0x8d, 0x8d, 0x8d, 0x00, 0x8d, 0x8d, 0x8d, 0x00,
    0x8d, 0x8d, 0x8d, 0x00, 0x8d, 0x8d, 0x8d, 0x00, 0x8d, 0x8d, 0x8d, 0x00, 0x8d, 0x8d, 0x8d, 0x00, 0x8d, 0x8d, 0x8d, 0x00, 0x8d, 0x8d, 0x8d, 0x00, 0x8d, 0x8d, 0x8d, 0x00, 0x8d, 0x8d, 0x8d, 0x00,
    0x8d, 0x8d, 0x8d, 0x01, 0x8d, 0x8d, 0x8d, 0x1f, 0x8d, 0x8d, 0x8d, 0x5b, 0x8d, 0x8d, 0x8d, 0xa6, 0x8d, 0x8d, 0x8d, 0xe8, 0x8d, 0x8d, 0x8d, 0xff, 0x8d, 0x8d, 0x8d, 0xff, 0x8d, 0x8d, 0x8d, 0xff,
    0x8d, 0x8d, 0x8d, 0xff, 0x8d, 0x8d, 0x8d, 0xff, 0x8d, 0x8d, 0x8d, 0xff, 0x8d, 0x8d, 0x8d, 0xff, 0x8d, 0x8d, 0x8d, 0xff, 0x8d, 0x8d, 0x8d, 0xff, 0x8d, 0x8d, 0x8d, 0xff, 0x8d, 0x8d, 0x8d, 0xff,
    0x8d, 0x8d, 0x8d, 0xff, 0x8d, 0x8d, 0x8d, 0xff, 0x8d, 0x8d, 0x8d, 0xff, 0x8d, 0x8d, 0x8d, 0xff, 0x8d, 0x8d, 0x8d, 0xff, 0x8d, 0x8d, 0x8d, 0xff, 0x8d, 0x8d, 0x8d, 0xff, 0x8d, 0x8d, 0x8d, 0xff,
    0x8d, 0x8d, 0x8d, 0xff, 0x8d, 0x8d, 0x8d, 0xff, 0x8d, 0x8d, 0x8d, 0xfd, 0x8d, 0x8d, 0x8d, 0xa9, 0x8d, 0x8d, 0x8d, 0x1f, 0x8d, 0x8d, 0x8d, 0x00, 0x8d, 0x8d, 0x8d, 0x00, 0x8d, 0x8d, 0x8d, 0x00,
    0x8d, 0x8d, 0x8d, 0x00, 0x8d, 0x8d, 0x8d, 0x00, 0x8d, 0x8d, 0x8d, 0x00, 0x8d, 0x8d, 0x8d, 0x00, 0x8d, 0x8d, 0x8d, 0x00, 0x8d, 0x8d, 0x8d, 0x00, 0x8d, 0x8d, 0x8d, 0x00, 0x8d, 0x8d, 0x8d, 0x00,
    0x8d, 0x8d, 0x8d, 0x00, 0x8d, 0x8d, 0x8d, 0x00, 0x8d, 0x8d, 0x8d, 0x00, 0x8d, 0x8d, 0x8d, 0x00, 0x8d, 0x8d, 0x8d, 0x00, 0x8d, 0x8d, 0x8d, 0x00, 0x8d, 0x8d, 0x8d, 0x00, 0x8d, 0x8d, 0x8d, 0x00,
    0x8d, 0x8d, 0x8d, 0x00, 0x8d, 0x8d, 0x8d, 0x00, 0x8d, 0x8d, 0x8d, 0x00, 0x8d, 0x8d, 0x8d, 0x00, 0x8d, 0x8d, 0x8d, 0x00, 0x8d, 0x8d, 0x8d, 0x00, 0x8d, 0x8d, 0x8d, 0x00, 0x8d, 0x8d, 0x8d, 0x00,
    0x8d, 0x8d, 0x8d, 0x00, 0x8d, 0x8d, 0x8d, 0x00, 0x8d, 0x8d, 0x8d, 0x00, 0x8d, 0x8d, 0x8d, 0x00, 0x8d, 0x8d, 0x8d, 0x00, 0x8d, 0x8d, 0x8d, 0x00, 0x8d, 0x8d, 0x8d, 0x00, 0x8d, 0x8d, 0x8d, 0x00,
    0x8d, 0x8d, 0x8d, 0x00, 0x8d, 0x8d, 0x8d, 0x00, 0x8d, 0x8d, 0x8d, 0x00, 0x8d, 0x8d, 0x8d, 0x00, 0x8d, 0x8d, 0x8d, 0x00, 0x8d, 0x8d, 0x8d, 0x00, 0x8d, 0x8d, 0x8d, 0x00, 0x8d, 0x8d, 0x8d, 0x00,
    0x8d, 0x8d, 0x8d, 0x00, 0x8d, 0x8d, 0x8d, 0x00, 0x8d, 0x8d, 0x8d, 0x00, 0x8d, 0x8d, 0x8d, 0x00, 0x8d, 0x8d, 0x8d, 0x00, 0x8d, 0x8d, 0x8d, 0x00, 0x8d, 0x8d, 0x8d, 0x04, 0x8d, 0x8d, 0x8d, 0x50,
    0x8d, 0x8d, 0x8d, 0xba, 0x8d, 0x8d, 0x8d, 0xe2, 0x8d, 0x8d, 0x8d, 0xfa, 0x8d, 0x8d, 0x8d, 0xff, 0x8d, 0x8d, 0x8d, 0xff, 0x8d, 0x8d, 0x8d, 0xff, 0x8d, 0x8d, 0x8d, 0xff, 0x8d, 0x8d, 0x8d, 0xff,
    0x8d, 0x8d, 0x8d, 0xff, 0x8d, 0x8d, 0x8d, 0xff, 0x8d, 0x8d, 0x8d, 0xff, 0x8d, 0x8d, 0x8d, 0xff, 0x8d, 0x8d, 0x8d, 0xff, 0x8d, 0x8d, 0x8d, 0xff, 0x8d, 0x8d, 0x8d, 0xff, 0x8d, 0x8d, 0x8d, 0xff,
    0x8d, 0x8d, 0x8d, 0xff, 0x8d, 0x8d, 0x8d, 0xff, 0x8d, 0x8d, 0x8d, 0xff, 0x8d, 0x8d, 0x8d, 0xff, 0x8d, 0x8d, 0x8d, 0xff, 0x8d, 0x8d, 0x8d, 0xef, 0x8d, 0x8d, 0x8d, 0xa6, 0x8d, 0x8d, 0x8d, 0x4e,
    0x8d, 0x8d, 0x8d, 0x0f, 0x8d, 0x8d, 0x8d, 0x00, 0x8d, 0x8d, 0x8d, 0x00, 0x8d, 0x8d, 0x8d, 0x00, 0x8d, 0x8d, 0x8d, 0x00, 0x8d, 0x8d, 0x8d, 0x00, 0x8d, 0x8d, 0x8d, 0x00, 0x8d, 0x8d, 0x8d, 0x00,
    0x8d, 0x8d, 0x8d, 0x00, 0x8d, 0x8d, 0x8d, 0x00, 0x8d, 0x8d, 0x8d, 0x00, 0x8d, 0x8d, 0x8d, 0x00, 0x8d, 0x8d, 0x8d, 0x00, 0x8d, 0x8d, 0x8d, 0x00, 0x8d, 0x8d, 0x8d, 0x00, 0x8d, 0x8d, 0x8d, 0x00,
    0x8d, 0x8d, 0x8d, 0x00, 0x8d, 0x8d, 0x8d, 0x00, 0x8d, 0x8d, 0x8d, 0x00, 0x8d, 0x8d, 0x8d, 0x00, 0x8d, 0x8d, 0x8d, 0x00, 0x8d, 0x8d, 0x8d, 0x00, 0x8d, 0x8d, 0x8d, 0x00, 0x8d, 0x8d, 0x8d, 0x00,
    0x8d, 0x8d, 0x8d, 0x00, 0x8d, 0x8d, 0x8d, 0x0f, 0x8d, 0x8d, 0x8d, 0x4e, 0x8d, 0x8d, 0x8d, 0xa6, 0x8d, 0x8d, 0x8d, 0xef, 0x8d, 0x8d, 0x8d, 0xff, 0x8d, 0x8d, 0x8d, 0xff, 0x8d, 0x8d, 0x8d, 0xff,
    0x8d, 0x8d, 0x8d, 0xff, 0x8d, 0x8d, 0x8d, 0xff, 0x8d, 0x8d, 0x8d, 0xff, 0x8d, 0x8d, 0x8d, 0xff, 0x8d, 0x8d, 0x8d, 0xff, 0x8d, 0x8d, 0x8d, 0xff, 0x8d, 0x8d, 0x8d, 0xff, 0x8d, 0x8d, 0x8d, 0xff,
    0x8d, 0x8d, 0x8d, 0xff, 0x8d, 0x8d, 0x8d, 0xff, 0x8d, 0x8d, 0x8d, 0xff, 0x8d, 0x8d, 0x8d, 0xff, 0x8d, 0x8d, 0x8d, 0xff, 0x8d, 0x8d, 0x8d, 0xff, 0x8d, 0x8d, 0x8d, 0xff, 0x8d, 0x8d, 0x8d, 0xfa,
    0x8d, 0x8d, 0x8d, 0xe2, 0x8d, 0x8d, 0x8d, 0xba, 0x8d, 0x8d, 0x8d, 0x50, 0x8d, 0x8d, 0x8d, 0x04, 0x8d, 0x8d, 0x8d, 0x00, 0x8d, 0x8d, 0x8d, 0x00, 0x8d, 0x8d, 0x8d, 0x00, 0x8d, 0x8d, 0x8d, 0x00,
    0x8d, 0x8d, 0x8d, 0x00, 0x8d, 0x8d, 0x8d, 0x00, 0x8d, 0x8d, 0x8d, 0x00, 0x8d, 0x8d, 0x8d, 0x00, 0x8d, 0x8d, 0x8d, 0x00, 0x8d, 0x8d, 0x8d, 0x00, 0x8d, 0x8d, 0x8d, 0x00, 0x8d, 0x8d, 0x8d, 0x00,
    0x8d, 0x8d, 0x8d, 0x00, 0x8d, 0x8d, 0x8d, 0x00, 0x8d, 0x8d, 0x8d, 0x00, 0x8d, 0x8d, 0x8d, 0x00, 0x8d, 0x8d, 0x8d, 0x00, 0x8d, 0x8d, 0x8d, 0x00, 0x8d, 0x8d, 0x8d, 0x00, 0x8d, 0x8d, 0x8d, 0x00,
    0x8d, 0x8d, 0x8d, 0x00, 0x8d, 0x8d, 0x8d, 0x00, 0x8d, 0x8d, 0x8d, 0x00, 0x8d, 0x8d, 0x8d, 0x00, 0x8d, 0x8d, 0x8d, 0x00, 0x8d, 0x8d, 0x8d, 0x00, 0x8d, 0x8d, 0x8d, 0x00, 0x8d, 0x8d, 0x8d, 0x00,
    0x8d, 0x8d, 0x8d, 0x00, 0x8d, 0x8d, 0x8d, 0x00, 0x8d, 0x8d, 0x8d, 0x00, 0x8d, 0x8d, 0x8d, 0x00, 0x8d, 0x8d, 0x8d, 0x00, 0x8d, 0x8d, 0x8d, 0x00, 0x8d, 0x8d, 0x8d, 0x00, 0x8d, 0x8d, 0x8d, 0x00,
    0x8d, 0x8d, 0x8d, 0x00, 0x8d, 0x8d, 0x8d, 0x00, 0x8d, 0x8d, 0x8d, 0x00, 0x8d, 0x8d, 0x8d, 0x00, 0x8d, 0x8d, 0x8d, 0x00, 0x8d, 0x8d, 0x8d, 0x00, 0x8d, 0x8d, 0x8d, 0x00, 0x8d, 0x8d, 0x8d, 0x00,
    0x8d, 0x8d, 0x8d, 0x00, 0x8d, 0x8d, 0x8d, 0x00, 0x8d, 0x8d, 0x8d, 0x00, 0x8d, 0x8d, 0x8d, 0x00, 0x8d, 0x8d, 0x8d, 0x0e, 0x8d, 0x8d, 0x8d, 0x48, 0x8d, 0x8d, 0x8d, 0x7b, 0x8d, 0x8d, 0x8d, 0xaa,
    0x8d, 0x8d, 0x8d, 0xd5, 0x8d, 0x8d, 0x8d, 0xf4, 0x8d, 0x8d, 0x8d, 0xff, 0x8d, 0x8d, 0x8d, 0xff, 0x8d, 0x8d, 0x8d, 0xff, 0x8d, 0x8d, 0x8d, 0xff, 0x8d, 0x8d, 0x8d, 0xff, 0x8d, 0x8d, 0x8d, 0xff,
    0x8d, 0x8d, 0x8d, 0xff, 0x8d, 0x8d, 0x8d, 0xff, 0x8d, 0x8d, 0x8d, 0xff, 0x8d, 0x8d, 0x8d, 0xff, 0x8d, 0x8d, 0x8d, 0xff, 0x8d, 0x8d, 0x8d, 0xff, 0x8d, 0x8d, 0x8d, 0xff, 0x8d, 0x8d, 0x8d, 0xff,
    0x8d, 0x8d, 0x8d, 0xff, 0x8d, 0x8d, 0x8d, 0xfe, 0x8d, 0x8d, 0x8d, 0xc3, 0x8d, 0x8d, 0x8d, 0x61, 0x8d, 0x8d, 0x8d, 0x12, 0x8d, 0x8d, 0x8d, 0x00, 0x8d, 0x8d, 0x8d, 0x00, 0x8d, 0x8d, 0x8d, 0x00,
    0x8d, 0x8d, 0x8d, 0x00, 0x8d, 0x8d, 0x8d, 0x00, 0x8d, 0x8d, 0x8d, 0x00, 0x8d, 0x8d, 0x8d, 0x00, 0x8d, 0x8d, 0x8d, 0x00, 0x8d, 0x8d, 0x8d, 0x00, 0x8d, 0x8d, 0x8d, 0x00, 0x8d, 0x8d, 0x8d, 0x00,
    0x8d, 0x8d, 0x8d, 0x00, 0x8d, 0x8d, 0x8d, 0x00, 0x8d, 0x8d, 0x8d, 0x00, 0x8d, 0x8d, 0x8d, 0x00, 0x8d, 0x8d, 0x8d, 0x00, 0x8d, 0x8d, 0x8d, 0x00, 0x8d, 0x8d, 0x8d, 0x00, 0x8d, 0x8d, 0x8d, 0x00,
    0x8d, 0x8d, 0x8d, 0x00, 0x8d, 0x8d, 0x8d, 0x00, 0x8d, 0x8d, 0x8d, 0x00, 0x8d, 0x8d, 0x8d, 0x00, 0x8d, 0x8d, 0x8d, 0x00, 0x8d, 0x8d, 0x8d, 0x00, 0x8d, 0x8d, 0x8d, 0x00, 0x8d, 0x8d, 0x8d, 0x00,
    0x8d, 0x8d, 0x8d, 0x00, 0x8d, 0x8d, 0x8d, 0x12, 0x8d, 0x8d, 0x8d, 0x61, 0x8d, 0x8d, 0x8d, 0xc3, 0x8d, 0x8d, 0x8d, 0xfe, 0x8d, 0x8d, 0x8d, 0xff, 0x8d, 0x8d, 0x8d, 0xff, 0x8d, 0x8d, 0x8d, 0xff,
    0x8d, 0x8d, 0x8d, 0xff, 0x8d, 0x8d, 0x8d, 0xff, 0x8d, 0x8d, 0x8d, 0xff, 0x8d, 0x8d, 0x8d, 0xff, 0x8d, 0x8d, 0x8d, 0xff, 0x8d, 0x8d, 0x8d, 0xff, 0x8d, 0x8d, 0x8d, 0xff, 0x8d, 0x8d, 0x8d, 0xff,
    0x8d, 0x8d, 0x8d, 0xff, 0x8d, 0x8d, 0x8d, 0xff, 0x8d, 0x8d, 0x8d, 0xff, 0x8d, 0x8d, 0x8d, 0xff, 0x8d, 0x8d, 0x8d, 0xf4, 0x8d, 0x8d, 0x8d, 0xd5, 0x8d, 0x8d, 0x8d, 0xaa, 0x8d, 0x8d, 0x8d, 0x7b,
    0x8d, 0x8d, 0x8d, 0x48, 0x8d, 0x8d, 0x8d, 0x0e, 0x8d, 0x8d, 0x8d, 0x00, 0x8d, 0x8d, 0x8d, 0x00, 0x8d, 0x8d, 0x8d, 0x00, 0x8d, 0x8d, 0x8d, 0x00, 0x8d, 0x8d, 0x8d, 0x00, 0x8d, 0x8d, 0x8d, 0x00,
    0x8d, 0x8d, 0x8d, 0x00, 0x8d, 0x8d, 0x8d, 0x00, 0x8d, 0x8d, 0x8d, 0x00, 0x8d, 0x8d, 0x8d, 0x00, 0x8d, 0x8d, 0x8d, 0x00, 0x8d, 0x8d, 0x8d, 0x00, 0x8d, 0x8d, 0x8d, 0x00, 0x8d, 0x8d, 0x8d, 0x00,
    0x8d, 0x8d, 0x8d, 0x00, 0x8d, 0x8d, 0x8d, 0x00, 0x8d, 0x8d, 0x8d, 0x00, 0x8d, 0x8d, 0x8d, 0x00, 0x8d, 0x8d, 0x8d, 0x00, 0x8d, 0x8d, 0x8d, 0x00, 0x8d, 0x8d, 0x8d, 0x00, 0x8d, 0x8d, 0x8d, 0x00,
    0x8d, 0x8d, 0x8d, 0x00, 0x8d, 0x8d, 0x8d, 0x00, 0x8d, 0x8d, 0x8d, 0x00, 0x8d, 0x8d, 0x8d, 0x00, 0x8d, 0x8d, 0x8d, 0x00, 0x8d, 0x8d, 0x8d, 0x00, 0x8d, 0x8d, 0x8d, 0x00, 0x8d, 0x8d, 0x8d, 0x00,
    0x8d, 0x8d, 0x8d, 0x00, 0x8d, 0x8d, 0x8d, 0x00, 0x8d, 0x8d, 0x8d, 0x00, 0x8d, 0x8d, 0x8d, 0x00, 0x8d, 0x8d, 0x8d, 0x00, 0x8d, 0x8d, 0x8d, 0x00, 0x8d, 0x8d, 0x8d, 0x00, 0x8d, 0x8d, 0x8d, 0x00,
    0x8d, 0x8d, 0x8d, 0x00, 0x8d, 0x8d, 0x8d, 0x00, 0x8d, 0x8d, 0x8d, 0x00, 0x8d, 0x8d, 0x8d, 0x00, 0x8d, 0x8d, 0x8d, 0x00, 0x8d, 0x8d, 0x8d, 0x00, 0x8d, 0x8d, 0x8d, 0x00, 0x8d, 0x8d, 0x8d, 0x00,
    0x8d, 0x8d, 0x8d, 0x00, 0x8d, 0x8d, 0x8d, 0x00, 0x8d, 0x8d, 0x8d, 0x03, 0x8d, 0x8d, 0x8d, 0x18, 0x8d, 0x8d, 0x8d, 0x3a, 0x8d, 0x8d, 0x8d, 0x66, 0x8d, 0x8d, 0x8d, 0x97, 0x8d, 0x8d, 0x8d, 0xc6,
    0x8d, 0x8d, 0x8d, 0xec, 0x8d, 0x8d, 0x8d, 0xfe, 0x8d, 0x8d, 0x8d, 0xff, 0x8d, 0x8d, 0x8d, 0xff, 0x8d, 0x8d, 0x8d, 0xff, 0x8d, 0x8d, 0x8d, 0xff, 0x8d, 0x8d, 0x8d, 0xff, 0x8d, 0x8d, 0x8d, 0xff,
    0x8d, 0x8d, 0x8d, 0xff, 0x8d, 0x8d, 0x8d, 0xff, 0x8d, 0x8d, 0x8d, 0xff, 0x8d, 0x8d, 0x8d, 0xff, 0x8d, 0x8d, 0x8d, 0xff, 0x8d, 0x8d, 0x8d, 0xff, 0x8d, 0x8d, 0x8d, 0xef, 0x8d, 0x8d, 0x8d, 0x94,
    0x8d, 0x8d, 0x8d, 0x2d, 0x8d, 0x8d, 0x8d, 0x00, 0x8d, 0x8d, 0x8d, 0x00, 0x8d, 0x8d, 0x8d, 0x00, 0x8d, 0x8d, 0x8d, 0x00, 0x8d, 0x8d, 0x8d, 0x00, 0x8d, 0x8d, 0x8d, 0x00, 0x8d, 0x8d, 0x8d, 0x00,
    0x8d, 0x8d, 0x8d, 0x00, 0x8d, 0x8d, 0x8d, 0x00, 0x8d, 0x8d, 0x8d, 0x00, 0x8d, 0x8d, 0x8d, 0x00, 0x8d, 0x8d, 0x8d, 0x01, 0x8d, 0x8d, 0x8d, 0x0b, 0x8d, 0x8d, 0x8d, 0x17, 0x8d, 0x8d, 0x8d, 0x21,
    0x8d, 0x8d, 0x8d, 0x27, 0x8d, 0x8d, 0x8d, 0x27, 0x8d, 0x8d, 0x8d, 0x21, 0x8d, 0x8d, 0x8d, 0x17, 0x8d, 0x8d, 0x8d, 0x0b, 0x8d, 0x8d, 0x8d, 0x01, 0x8d, 0x8d, 0x8d, 0x00, 0x8d, 0x8d, 0x8d, 0x00,
    0x8d, 0x8d, 0x8d, 0x00, 0x8d, 0x8d, 0x8d, 0x00, 0x8d, 0x8d, 0x8d, 0x00, 0x8d, 0x8d, 0x8d, 0x00, 0x8d, 0x8d, 0x8d, 0x00, 0x8d, 0x8d, 0x8d, 0x00, 0x8d, 0x8d, 0x8d, 0x00, 0x8d, 0x8d, 0x8d, 0x00,
    0x8d, 0x8d, 0x8d, 0x00, 0x8d, 0x8d, 0x8d, 0x2d, 0x8d, 0x8d, 0x8d, 0x94, 0x8d, 0x8d, 0x8d, 0xef, 0x8d, 0x8d, 0x8d, 0xff, 0x8d, 0x8d, 0x8d, 0xff, 0x8d, 0x8d, 0x8d, 0xff, 0x8d, 0x8d, 0x8d, 0xff,
    0x8d, 0x8d, 0x8d, 0xff, 0x8d, 0x8d, 0x8d, 0xff, 0x8d, 0x8d, 0x8d, 0xff, 0x8d, 0x8d, 0x8d, 0xff, 0x8d, 0x8d, 0x8d, 0xff, 0x8d, 0x8d, 0x8d, 0xff, 0x8d, 0x8d, 0x8d, 0xff, 0x8d, 0x8d, 0x8d, 0xff,
    0x8d, 0x8d, 0x8d, 0xfe, 0x8d, 0x8d, 0x8d, 0xec, 0x8d, 0x8d, 0x8d, 0xc6, 0x8d, 0x8d, 0x8d, 0x97, 0x8d, 0x8d, 0x8d, 0x66, 0x8d, 0x8d, 0x8d, 0x3a, 0x8d, 0x8d, 0x8d, 0x18, 0x8d, 0x8d, 0x8d, 0x03,
    0x8d, 0x8d, 0x8d, 0x00, 0x8d, 0x8d, 0x8d, 0x00, 0x8d, 0x8d, 0x8d, 0x00, 0x8d, 0x8d, 0x8d, 0x00, 0x8d, 0x8d, 0x8d, 0x00, 0x8d, 0x8d, 0x8d, 0x00, 0x8d, 0x8d, 0x8d, 0x00, 0x8d, 0x8d, 0x8d, 0x00,
    0x8d, 0x8d, 0x8d, 0x00, 0x8d, 0x8d, 0x8d, 0x00, 0x8d, 0x8d, 0x8d, 0x00, 0x8d, 0x8d, 0x8d, 0x00, 0x8d, 0x8d, 0x8d, 0x00, 0x8d, 0x8d, 0x8d, 0x00, 0x8d, 0x8d, 0x8d, 0x00, 0x8d, 0x8d, 0x8d, 0x00,
    0x8d, 0x8d, 0x8d, 0x00, 0x8d, 0x8d, 0x8d, 0x00, 0x8d, 0x8d, 0x8d, 0x00, 0x8d, 0x8d, 0x8d, 0x00, 0x8d, 0x8d, 0x8d, 0x00, 0x8d, 0x8d, 0x8d, 0x00, 0x8d, 0x8d, 0x8d, 0x00, 0x8d, 0x8d, 0x8d, 0x00,
    0x8d, 0x8d, 0x8d, 0x00, 0x8d, 0x8d, 0x8d, 0x00, 0x8d, 0x8d, 0x8d, 0x00, 0x8d, 0x8d, 0x8d, 0x00, 0x8d, 0x8d, 0x8d, 0x00, 0x8d, 0x8d, 0x8d, 0x00, 0x8d, 0x8d, 0x8d, 0x00, 0x8d, 0x8d, 0x8d, 0x00,
    0x8d, 0x8d, 0x8d, 0x00, 0x8d, 0x8d, 0x8d, 0x00, 0x8d, 0x8d, 0x8d, 0x00, 0x8d, 0x8d, 0x8d, 0x00, 0x8d, 0x8d, 0x8d, 0x00, 0x8d, 0x8d, 0x8d, 0x00, 0x8d, 0x8d, 0x8d, 0x00, 0x8d, 0x8d, 0x8d, 0x00,
    0x8d, 0x8d, 0x8d, 0x00, 0x8d, 0x8d, 0x8d, 0x00, 0x8d, 0x8d, 0x8d, 0x00, 0x8d, 0x8d, 0x8d, 0x00, 0x8d, 0x8d, 0x8d, 0x00, 0x8d, 0x8d, 0x8d, 0x00, 0x8d, 0x8d, 0x8d, 0x00, 0x8d, 0x8d, 0x8d, 0x00,
    0x8d, 0x8d, 0x8d, 0x00, 0x8d, 0x8d, 0x8d, 0x00, 0x8d, 0x8d, 0x8d, 0x0b, 0x8d, 0x8d, 0x8d, 0x28, 0x8d, 0x8d, 0x8d, 0x51, 0x8d, 0x8d, 0x8d, 0x82, 0x8d, 0x8d, 0x8d, 0xb5, 0x8d, 0x8d, 0x8d, 0xe1,
    0x8d, 0x8d, 0x8d, 0xfb, 0x8d, 0x8d, 0x8d, 0xff, 0x8d, 0x8d, 0x8d, 0xff, 0x8d, 0x8d, 0x8d, 0xff, 0x8d, 0x8d, 0x8d, 0xff, 0x8d, 0x8d, 0x8d, 0xff, 0x8d, 0x8d, 0x8d, 0xff, 0x8d, 0x8d, 0x8d, 0xff,
    0x8d, 0x8d, 0x8d, 0xff, 0x8d, 0x8d, 0x8d, 0xff, 0x8d, 0x8d, 0x8d, 0xff, 0x8d, 0x8d, 0x8d, 0xdc, 0x8d, 0x8d, 0x8d, 0x6d, 0x8d, 0x8d, 0x8d, 0x0f, 0x8d, 0x8d, 0x8d, 0x00, 0x8d, 0x8d, 0x8d, 0x00,
    0x8d, 0x8d, 0x8d, 0x00, 0x8d, 0x8d, 0x8d, 0x00, 0x8d, 0x8d, 0x8d, 0x00, 0x8d, 0x8d, 0x8d, 0x00, 0x8d, 0x8d, 0x8d, 0x00, 0x8d, 0x8d, 0x8d, 0x00, 0x8d, 0x8d, 0x8d, 0x00, 0x8d, 0x8d, 0x8d, 0x12,
    0x8d, 0x8d, 0x8d, 0x39, 0x8d, 0x8d, 0x8d, 0x65, 0x8d, 0x8d, 0x8d, 0x8d, 0x8d, 0x8d, 0x8d, 0xac, 0x8d, 0x8d, 0x8d, 0xc2, 0x8d, 0x8d, 0x8d, 0xd0, 0x8d, 0x8d, 0x8d, 0xd6, 0x8d, 0x8d, 0x8d, 0xd6,
    0x8d, 0x8d, 0x8d, 0xd0, 0x8d, 0x8d, 0x8d, 0xc2, 0x8d, 0x8d, 0x8d, 0xac, 0x8d, 0x8d, 0x8d, 0x8d, 0x8d, 0x8d, 0x8d, 0x65, 0x8d, 0x8d, 0x8d, 0x39, 0x8d, 0x8d, 0x8d, 0x12, 0x8d, 0x8d, 0x8d, 0x00,
    0x8d, 0x8d, 0x8d, 0x00, 0x8d, 0x8d, 0x8d, 0x00, 0x8d, 0x8d, 0x8d, 0x00, 0x8d, 0x8d, 0x8d, 0x00, 0x8d, 0x8d, 0x8d, 0x00, 0x8d, 0x8d, 0x8d, 0x00, 0x8d, 0x8d, 0x8d, 0x00, 0x8d, 0x8d, 0x8d, 0x00,
    0x8d, 0x8d, 0x8d, 0x0f, 0x8d, 0x8d, 0x8d, 0x6d, 0x8d, 0x8d, 0x8d, 0xdc, 0x8d, 0x8d, 0x8d, 0xff, 0x8d, 0x8d, 0x8d, 0xff, 0x8d, 0x8d, 0x8d, 0xff, 0x8d, 0x8d, 0x8d, 0xff, 0x8d, 0x8d, 0x8d, 0xff,
    0x8d, 0x8d, 0x8d, 0xff, 0x8d, 0x8d, 0x8d, 0xff, 0x8d, 0x8d, 0x8d, 0xff, 0x8d, 0x8d, 0x8d, 0xff, 0x8d, 0x8d, 0x8d, 0xff, 0x8d, 0x8d, 0x8d, 0xfb, 0x8d, 0x8d, 0x8d, 0xe1, 0x8d, 0x8d, 0x8d, 0xb5,
    0x8d, 0x8d, 0x8d, 0x82, 0x8d, 0x8d, 0x8d, 0x51, 0x8d, 0x8d, 0x8d, 0x28, 0x8d, 0x8d, 0x8d, 0x0b, 0x8d, 0x8d, 0x8d, 0x00, 0x8d, 0x8d, 0x8d, 0x00, 0x8d, 0x8d, 0x8d, 0x00, 0x8d, 0x8d, 0x8d, 0x00,
    0x8d, 0x8d, 0x8d, 0x00, 0x8d, 0x8d, 0x8d, 0x00, 0x8d, 0x8d, 0x8d, 0x00, 0x8d, 0x8d, 0x8d, 0x00, 0x8d, 0x8d, 0x8d, 0x00, 0x8d, 0x8d, 0x8d, 0x00, 0x8d, 0x8d, 0x8d, 0x00, 0x8d, 0x8d, 0x8d, 0x00,
    0x8d, 0x8d, 0x8d, 0x00, 0x8d, 0x8d, 0x8d, 0x00, 0x8d, 0x8d, 0x8d, 0x00, 0x8d, 0x8d, 0x8d, 0x00, 0x8d, 0x8d, 0x8d, 0x00, 0x8d, 0x8d, 0x8d, 0x00, 0x8d, 0x8d, 0x8d, 0x00, 0x8d, 0x8d, 0x8d, 0x00,
    0x8d, 0x8d, 0x8d, 0x00, 0x8d, 0x8d, 0x8d, 0x00, 0x8d, 0x8d, 0x8d, 0x00, 0x8d, 0x8d, 0x8d, 0x00, 0x8d, 0x8d, 0x8d, 0x00, 0x8d, 0x8d, 0x8d, 0x00, 0x8d, 0x8d, 0x8d, 0x00, 0x8d, 0x8d, 0x8d, 0x00,
    0x8d, 0x8d, 0x8d, 0x00, 0x8d, 0x8d, 0x8d, 0x00, 0x8d, 0x8d, 0x8d, 0x00, 0x8d, 0x8d, 0x8d, 0x00, 0x8d, 0x8d, 0x8d, 0x00, 0x8d, 0x8d, 0x8d, 0x00, 0x8d, 0x8d, 0x8d, 0x00, 0x8d, 0x8d, 0x8d, 0x00,
    0x8d, 0x8d, 0x8d, 0x00, 0x8d, 0x8d, 0x8d, 0x00, 0x8d, 0x8d, 0x8d, 0x00, 0x8d, 0x8d, 0x8d, 0x00, 0x8d, 0x8d, 0x8d, 0x00, 0x8d, 0x8d, 0x8d, 0x00, 0x8d, 0x8d, 0x8d, 0x00, 0x8d, 0x8d, 0x8d, 0x00,
    0x8d, 0x8d, 0x8d, 0x00, 0x8d, 0x8d, 0x8d, 0x00, 0x8d, 0x8d, 0x8d, 0x00, 0x8d, 0x8d, 0x8d, 0x00, 0x8d, 0x8d, 0x8d, 0x00, 0x8d, 0x8d, 0x8d, 0x00, 0x8d, 0x8d, 0x8d, 0x00, 0x8d, 0x8d, 0x8d, 0x00,
    0x8d, 0x8d, 0x8d, 0x00, 0x8d, 0x8d, 0x8d, 0x02, 0x8d, 0x8d, 0x8d, 0x17, 0x8d, 0x8d, 0x8d, 0x3b, 0x8d, 0x8d, 0x8d, 0x6c, 0x8d, 0x8d, 0x8d, 0xa1, 0x8d, 0x8d, 0x8d, 0xd3, 0x8d, 0x8d, 0x8d, 0xf6,
    0x8d, 0x8d, 0x8d, 0xff, 0x8d, 0x8d, 0x8d, 0xff, 0x8d, 0x8d, 0x8d, 0xff, 0x8d, 0x8d, 0x8d, 0xff, 0x8d, 0x8d, 0x8d, 0xff, 0x8d, 0x8d, 0x8d, 0xff, 0x8d, 0x8d, 0x8d, 0xff, 0x8d, 0x8d, 0x8d, 0xff,
    0x8d, 0x8d, 0x8d, 0xcd, 0x8d, 0x8d, 0x8d, 0x55, 0x8d, 0x8d, 0x8d, 0x03, 0x8d, 0x8d, 0x8d, 0x00, 0x8d, 0x8d, 0x8d, 0x00, 0x8d, 0x8d, 0x8d, 0x00, 0x8d, 0x8d, 0x8d, 0x00, 0x8d, 0x8d, 0x8d, 0x00,
    0x8d, 0x8d, 0x8d, 0x00, 0x8d, 0x8d, 0x8d, 0x00, 0x8d, 0x8d, 0x8d, 0x05, 0x8d, 0x8d, 0x8d, 0x33, 0x8d, 0x8d, 0x8d, 0x75, 0x8d, 0x8d, 0x8d, 0xb4, 0x8d, 0x8d, 0x8d, 0xe1, 0x8d, 0x8d, 0x8d, 0xfa,
    0x8d, 0x8d, 0x8d, 0xff, 0x8d, 0x8d, 0x8d, 0xff, 0x8d, 0x8d, 0x8d, 0xff, 0x8d, 0x8d, 0x8d, 0xff, 0x8d, 0x8d, 0x8d, 0xff, 0x8d, 0x8d, 0x8d, 0xff, 0x8d, 0x8d, 0x8d, 0xff, 0x8d, 0x8d, 0x8d, 0xff,
    0x8d, 0x8d, 0x8d, 0xff, 0x8d, 0x8d, 0x8d, 0xff, 0x8d, 0x8d, 0x8d, 0xfa, 0x8d, 0x8d, 0x8d, 0xe1, 0x8d, 0x8d, 0x8d, 0xb4, 0x8d, 0x8d, 0x8d, 0x75, 0x8d, 0x8d, 0x8d, 0x33, 0x8d, 0x8d, 0x8d, 0x05,
    0x8d, 0x8d, 0x8d, 0x00, 0x8d, 0x8d, 0x8d, 0x00, 0x8d, 0x8d, 0x8d, 0x00, 0x8d, 0x8d, 0x8d, 0x00, 0x8d, 0x8d, 0x8d, 0x00, 0x8d, 0x8d, 0x8d, 0x00, 0x8d, 0x8d, 0x8d, 0x00, 0x8d, 0x8d, 0x8d, 0x03,
    0x8d, 0x8d, 0x8d, 0x55, 0x8d, 0x8d, 0x8d, 0xcd, 0x8d, 0x8d, 0x8d, 0xff, 0x8d, 0x8d, 0x8d, 0xff, 0x8d, 0x8d, 0x8d, 0xff, 0x8d, 0x8d, 0x8d, 0xff, 0x8d, 0x8d, 0x8d, 0xff, 0x8d, 0x8d, 0x8d, 0xff,
    0x8d, 0x8d, 0x8d, 0xff, 0x8d, 0x8d, 0x8d, 0xff, 0x8d, 0x8d, 0x8d, 0xf6, 0x8d, 0x8d, 0x8d, 0xd3, 0x8d, 0x8d, 0x8d, 0xa1, 0x8d, 0x8d, 0x8d, 0x6c, 0x8d, 0x8d, 0x8d, 0x3b, 0x8d, 0x8d, 0x8d, 0x17,
    0x8d, 0x8d, 0x8d, 0x02, 0x8d, 0x8d, 0x8d, 0x00, 0x8d, 0x8d, 0x8d, 0x00, 0x8d, 0x8d, 0x8d, 0x00, 0x8d, 0x8d, 0x8d, 0x00, 0x8d, 0x8d, 0x8d, 0x00, 0x8d, 0x8d, 0x8d, 0x00, 0x8d, 0x8d, 0x8d, 0x00,
    0x8d, 0x8d, 0x8d, 0x00, 0x8d, 0x8d, 0x8d, 0x00, 0x8d, 0x8d, 0x8d, 0x00, 0x8d, 0x8d, 0x8d, 0x00, 0x8d, 0x8d, 0x8d, 0x00, 0x8d, 0x8d, 0x8d, 0x00, 0x8d, 0x8d, 0x8d, 0x00, 0x8d, 0x8d, 0x8d, 0x00,
    0x8d, 0x8d, 0x8d, 0x00, 0x8d, 0x8d, 0x8d, 0x00, 0x8d, 0x8d, 0x8d, 0x00, 0x8d, 0x8d, 0x8d, 0x00, 0x8d, 0x8d, 0x8d, 0x00, 0x8d, 0x8d, 0x8d, 0x00, 0x8d, 0x8d, 0x8d, 0x00, 0x8d, 0x8d, 0x8d, 0x00,
    0x8d, 0x8d, 0x8d, 0x00, 0x8d, 0x8d, 0x8d, 0x00, 0x8d, 0x8d, 0x8d, 0x00, 0x8d, 0x8d, 0x8d, 0x00, 0x8d, 0x8d, 0x8d, 0x00, 0x8d, 0x8d, 0x8d, 0x00, 0x8d, 0x8d, 0x8d, 0x00, 0x8d, 0x8d, 0x8d, 0x00,
    0x8d, 0x8d, 0x8d, 0x00, 0x8d, 0x8d, 0x8d, 0x00, 0x8d, 0x8d, 0x8d, 0x00, 0x8d, 0x8d, 0x8d, 0x00, 0x8d, 0x8d, 0x8d, 0x00, 0x8d, 0x8d, 0x8d, 0x00, 0x8d, 0x8d, 0x8d, 0x00, 0x8d, 0x8d, 0x8d, 0x00,
    0x8d, 0x8d, 0x8d, 0x00, 0x8d, 0x8d, 0x8d, 0x00, 0x8d, 0x8d, 0x8d, 0x00, 0x8d, 0x8d, 0x8d, 0x00, 0x8d, 0x8d, 0x8d, 0x00, 0x8d, 0x8d, 0x8d, 0x00, 0x8d, 0x8d, 0x8d, 0x00, 0x8d, 0x8d, 0x8d, 0x00,
    0x8d, 0x8d, 0x8d, 0x00, 0x8d, 0x8d, 0x8d, 0x00, 0x8d, 0x8d, 0x8d, 0x00, 0x8d, 0x8d, 0x8d, 0x00, 0x8d, 0x8d, 0x8d, 0x00, 0x8d, 0x8d, 0x8d, 0x00, 0x8d, 0x8d, 0x8d, 0x00, 0x8d, 0x8d, 0x8d, 0x00,
    0x8d, 0x8d, 0x8d, 0x00, 0x8d, 0x8d, 0x8d, 0x09, 0x8d, 0x8d, 0x8d, 0x27, 0x8d, 0x8d, 0x8d, 0x54, 0x8d, 0x8d, 0x8d, 0x8b, 0x8d, 0x8d, 0x8d, 0xc1, 0x8d, 0x8d, 0x8d, 0xed, 0x8d, 0x8d, 0x8d, 0xff,
    0x8d, 0x8d, 0x8d, 0xff, 0x8d, 0x8d, 0x8d, 0xff, 0x8d, 0x8d, 0x8d, 0xff, 0x8d, 0x8d, 0x8d, 0xff, 0x8d, 0x8d, 0x8d, 0xff, 0x8d, 0x8d, 0x8d, 0xc8, 0x8d, 0x8d, 0x8d, 0x49, 0x8d, 0x8d, 0x8d, 0x00,
    0x8d, 0x8d, 0x8d, 0x00, 0x8d, 0x8d, 0x8d, 0x00, 0x8d, 0x8d, 0x8d, 0x00, 0x8d, 0x8d, 0x8d, 0x00, 0x8d, 0x8d, 0x8d, 0x00, 0x8d, 0x8d, 0x8d, 0x00, 0x8d, 0x8d, 0x8d, 0x03, 0x8d, 0x8d, 0x8d, 0x39,
    0x8d, 0x8d, 0x8d, 0x8d, 0x8d, 0x8d, 0x8d, 0xd6, 0x8d, 0x8d, 0x8d, 0xfc, 0x8d, 0x8d, 0x8d, 0xff, 0x8d, 0x8d, 0x8d, 0xff, 0x8d, 0x8d, 0x8d, 0xff, 0x8d, 0x8d, 0x8d, 0xff, 0x8d, 0x8d, 0x8d, 0xff,
    0x8d, 0x8d, 0x8d, 0xff, 0x8d, 0x8d, 0x8d, 0xff, 0x8d, 0x8d, 0x8d, 0xff, 0x8d, 0x8d, 0x8d, 0xff, 0x8d, 0x8d, 0x8d, 0xff, 0x8d, 0x8d, 0x8d, 0xff, 0x8d, 0x8d, 0x8d, 0xff, 0x8d, 0x8d, 0x8d, 0xff,
    0x8d, 0x8d, 0x8d, 0xff, 0x8d, 0x8d, 0x8d, 0xff, 0x8d, 0x8d, 0x8d, 0xff, 0x8d, 0x8d, 0x8d, 0xfc, 0x8d, 0x8d, 0x8d, 0xd6, 0x8d, 0x8d, 0x8d, 0x8d, 0x8d, 0x8d, 0x8d, 0x39, 0x8d, 0x8d, 0x8d, 0x03,
    0x8d, 0x8d, 0x8d, 0x00, 0x8d, 0x8d, 0x8d, 0x00, 0x8d, 0x8d, 0x8d, 0x00, 0x8d, 0x8d, 0x8d, 0x00, 0x8d, 0x8d, 0x8d, 0x00, 0x8d, 0x8d, 0x8d, 0x00, 0x8d, 0x8d, 0x8d, 0x00, 0x8d, 0x8d, 0x8d, 0x49,
    0x8d, 0x8d, 0x8d, 0xc8, 0x8d, 0x8d, 0x8d, 0xff, 0x8d, 0x8d, 0x8d, 0xff, 0x8d, 0x8d, 0x8d, 0xff, 0x8d, 0x8d, 0x8d, 0xff, 0x8d, 0x8d, 0x8d, 0xff, 0x8d, 0x8d, 0x8d, 0xff, 0x8d, 0x8d, 0x8d, 0xed,
    0x8d, 0x8d, 0x8d, 0xc1, 0x8d, 0x8d, 0x8d, 0x8b, 0x8d, 0x8d, 0x8d, 0x54, 0x8d, 0x8d, 0x8d, 0x27, 0x8d, 0x8d, 0x8d, 0x09, 0x8d, 0x8d, 0x8d, 0x00, 0x8d, 0x8d, 0x8d, 0x00, 0x8d, 0x8d, 0x8d, 0x00,
    0x8d, 0x8d, 0x8d, 0x00, 0x8d, 0x8d, 0x8d, 0x00, 0x8d, 0x8d, 0x8d, 0x00, 0x8d, 0x8d, 0x8d, 0x00, 0x8d, 0x8d, 0x8d, 0x00, 0x8d, 0x8d, 0x8d, 0x00, 0x8d, 0x8d, 0x8d, 0x00, 0x8d, 0x8d, 0x8d, 0x00,
    0x8d, 0x8d, 0x8d, 0x00, 0x8d, 0x8d, 0x8d, 0x00, 0x8d, 0x8d, 0x8d, 0x00, 0x8d, 0x8d, 0x8d, 0x00, 0x8d, 0x8d, 0x8d, 0x00, 0x8d, 0x8d, 0x8d, 0x00, 0x8d, 0x8d, 0x8d, 0x00, 0x8d, 0x8d, 0x8d, 0x00,
    0x8d, 0x8d, 0x8d, 0x00, 0x8d, 0x8d, 0x8d, 0x00, 0x8d, 0x8d, 0x8d, 0x00, 0x8d, 0x8d, 0x8d, 0x00, 0x8d, 0x8d, 0x8d, 0x00, 0x8d, 0x8d, 0x8d, 0x00, 0x8d, 0x8d, 0x8d, 0x00, 0x8d, 0x8d, 0x8d, 0x00,
    0x8d, 0x8d, 0x8d, 0x00, 0x8d, 0x8d, 0x8d, 0x00, 0x8d, 0x8d, 0x8d, 0x00, 0x8d, 0x8d, 0x8d, 0x00, 0x8d, 0x8d, 0x8d, 0x00, 0x8d, 0x8d, 0x8d, 0x00, 0x8d, 0x8d, 0x8d, 0x00, 0x8d, 0x8d, 0x8d, 0x00,
    0x8d, 0x8d, 0x8d, 0x00, 0x8d, 0x8d, 0x8d, 0x00, 0x8d, 0x8d, 0x8d, 0x00, 0x8d, 0x8d, 0x8d, 0x00, 0x8d, 0x8d, 0x8d, 0x00, 0x8d, 0x8d, 0x8d, 0x00, 0x8d, 0x8d, 0x8d, 0x00, 0x8d, 0x8d, 0x8d, 0x00,
    0x8d, 0x8d, 0x8d, 0x00, 0x8d, 0x8d, 0x8d, 0x00, 0x8d, 0x8d, 0x8d, 0x00, 0x8d, 0x8d, 0x8d, 0x00, 0x8d, 0x8d, 0x8d, 0x00, 0x8d, 0x8d, 0x8d, 0x00, 0x8d, 0x8d, 0x8d, 0x00, 0x8d, 0x8d, 0x8d, 0x00,
    0x8d, 0x8d, 0x8d, 0x00, 0x8d, 0x8d, 0x8d, 0x00, 0x8d, 0x8d, 0x8d, 0x00, 0x8d, 0x8d, 0x8d, 0x00, 0x8d, 0x8d, 0x8d, 0x00, 0x8d, 0x8d, 0x8d, 0x00, 0x8d, 0x8d, 0x8d, 0x00, 0x8d, 0x8d, 0x8d, 0x00,
    0x8d, 0x8d, 0x8d, 0x01, 0x8d, 0x8d, 0x8d, 0x14, 0x8d, 0x8d, 0x8d, 0x3c, 0x8d, 0x8d, 0x8d, 0x72, 0x8d, 0x8d, 0x8d, 0xac, 0x8d, 0x8d, 0x8d, 0xe0, 0x8d, 0x8d, 0x8d, 0xfd, 0x8d, 0x8d, 0x8d, 0xff,
    0x8d, 0x8d, 0x8d, 0xff, 0x8d, 0x8d, 0x8d, 0xff, 0x8d, 0x8d, 0x8d, 0xcd, 0x8d, 0x8d, 0x8d, 0x49, 0x8d, 0x8d, 0x8d, 0x00, 0x8d, 0x8d, 0x8d, 0x00, 0x8d, 0x8d, 0x8d, 0x00, 0x8d, 0x8d, 0x8d, 0x00,
    0x8d, 0x8d, 0x8d, 0x00, 0x8d, 0x8d, 0x8d, 0x00, 0x8d, 0x8d, 0x8d, 0x00, 0x8d, 0x8d, 0x8d, 0x21, 0x8d, 0x8d, 0x8d, 0x7d, 0x8d, 0x8d, 0x8d, 0xd6, 0x8d, 0x8d, 0x8d, 0xfe, 0x8d, 0x8d, 0x8d, 0xff,
    0x8d, 0x8d, 0x8d, 0xff, 0x8d, 0x8d, 0x8d, 0xff, 0x8d, 0x8d, 0x8d, 0xff, 0x8d, 0x8d, 0x8d, 0xff, 0x8d, 0x8d, 0x8d, 0xff, 0x8d, 0x8d, 0x8d, 0xff, 0x8d, 0x8d, 0x8d, 0xff, 0x8d, 0x8d, 0x8d, 0xff,
    0x8d, 0x8d, 0x8d, 0xff, 0x8d, 0x8d, 0x8d, 0xff, 0x8d, 0x8d, 0x8d, 0xff, 0x8d, 0x8d, 0x8d, 0xff, 0x8d, 0x8d, 0x8d, 0xff, 0x8d, 0x8d, 0x8d, 0xff, 0x8d, 0x8d, 0x8d, 0xff, 0x8d, 0x8d, 0x8d, 0xff,
    0x8d, 0x8d, 0x8d, 0xff, 0x8d, 0x8d, 0x8d, 0xff, 0x8d, 0x8d, 0x8d, 0xff, 0x8d, 0x8d, 0x8d, 0xfe, 0x8d, 0x8d, 0x8d, 0xd6, 0x8d, 0x8d, 0x8d, 0x7d, 0x8d, 0x8d, 0x8d, 0x21, 0x8d, 0x8d, 0x8d, 0x00,
    0x8d, 0x8d, 0x8d, 0x00, 0x8d, 0x8d, 0x8d, 0x00, 0x8d, 0x8d, 0x8d, 0x00, 0x8d, 0x8d, 0x8d, 0x00, 0x8d, 0x8d, 0x8d, 0x00, 0x8d, 0x8d, 0x8d, 0x00, 0x8d, 0x8d, 0x8d, 0x49, 0x8d, 0x8d, 0x8d, 0xcd,
    0x8d, 0x8d, 0x8d, 0xff, 0x8d, 0x8d, 0x8d, 0xff, 0x8d, 0x8d, 0x8d, 0xff, 0x8d, 0x8d, 0x8d, 0xfd, 0x8d, 0x8d, 0x8d, 0xe0, 0x8d, 0x8d, 0x8d, 0xac, 0x8d, 0x8d, 0x8d, 0x72, 0x8d, 0x8d, 0x8d, 0x3c,
    0x8d, 0x8d, 0x8d, 0x14, 0x8d, 0x8d, 0x8d, 0x01, 0x8d, 0x8d, 0x8d, 0x00, 0x8d, 0x8d, 0x8d, 0x00, 0x8d, 0x8d, 0x8d, 0x00, 0x8d, 0x8d, 0x8d, 0x00, 0x8d, 0x8d, 0x8d, 0x00, 0x8d, 0x8d, 0x8d, 0x00,
    0x8d, 0x8d, 0x8d, 0x00, 0x8d, 0x8d, 0x8d, 0x00, 0x8d, 0x8d, 0x8d, 0x00, 0x8d, 0x8d, 0x8d, 0x00, 0x8d, 0x8d, 0x8d, 0x00, 0x8d, 0x8d, 0x8d, 0x00, 0x8d, 0x8d, 0x8d, 0x00, 0x8d, 0x8d, 0x8d, 0x00,
    0x8d, 0x8d, 0x8d, 0x00, 0x8d, 0x8d, 0x8d, 0x00, 0x8d, 0x8d, 0x8d, 0x00, 0x8d, 0x8d, 0x8d, 0x00, 0x8d, 0x8d, 0x8d, 0x00, 0x8d, 0x8d, 0x8d, 0x00, 0x8d, 0x8d, 0x8d, 0x00, 0x8d, 0x8d, 0x8d, 0x00,
    0x8d, 0x8d, 0x8d, 0x00, 0x8d, 0x8d, 0x8d, 0x00, 0x8d, 0x8d, 0x8d, 0x00, 0x8d, 0x8d, 0x8d, 0x00, 0x8d, 0x8d, 0x8d, 0x00, 0x8d, 0x8d, 0x8d, 0x00, 0x8d, 0x8d, 0x8d, 0x00, 0x8d, 0x8d, 0x8d, 0x00,
    0x8d, 0x8d, 0x8d, 0x00, 0x8d, 0x8d, 0x8d, 0x00, 0x8d, 0x8d, 0x8d, 0x00, 0x8d, 0x8d, 0x8d, 0x00, 0x8d, 0x8d, 0x8d, 0x00, 0x8d, 0x8d, 0x8d, 0x00, 0x8d, 0x8d, 0x8d, 0x00, 0x8d, 0x8d, 0x8d, 0x00,
    0x8d, 0x8d, 0x8d, 0x00, 0x8d, 0x8d, 0x8d, 0x00, 0x8d, 0x8d, 0x8d, 0x00, 0x8d, 0x8d, 0x8d, 0x00, 0x8d, 0x8d, 0x8d, 0x00, 0x8d, 0x8d, 0x8d, 0x00, 0x8d, 0x8d, 0x8d, 0x00, 0x8d, 0x8d, 0x8d, 0x00,
    0x8d, 0x8d, 0x8d, 0x00, 0x8d, 0x8d, 0x8d, 0x00, 0x8d, 0x8d, 0x8d, 0x00, 0x8d, 0x8d, 0x8d, 0x00, 0x8d, 0x8d, 0x8d, 0x00, 0x8d, 0x8d, 0x8d, 0x00, 0x8d, 0x8d, 0x8d, 0x00, 0x8d, 0x8d, 0x8d, 0x00,
    0x8d, 0x8d, 0x8d, 0x00, 0x8d, 0x8d, 0x8d, 0x00, 0x8d, 0x8d, 0x8d, 0x00, 0x8d, 0x8d, 0x8d, 0x00, 0x8d, 0x8d, 0x8d, 0x00, 0x8d, 0x8d, 0x8d, 0x00, 0x8d, 0x8d, 0x8d, 0x00, 0x8d, 0x8d, 0x8d, 0x00,
    0x8d, 0x8d, 0x8d, 0x06, 0x8d, 0x8d, 0x8d, 0x26, 0x8d, 0x8d, 0x8d, 0x58, 0x8d, 0x8d, 0x8d, 0x95, 0x8d, 0x8d, 0x8d, 0xcf, 0x8d, 0x8d, 0x8d, 0xf7, 0x8d, 0x8d, 0x8d, 0xff, 0x8d, 0x8d, 0x8d, 0xdc,
    0x8d, 0x8d, 0x8d, 0x55, 0x8d, 0x8d, 0x8d, 0x00, 0x8d, 0x8d, 0x8d, 0x00, 0x8d, 0x8d, 0x8d, 0x00, 0x8d, 0x8d, 0x8d, 0x00, 0x8d, 0x8d, 0x8d, 0x00, 0x8d, 0x8d, 0x8d, 0x00, 0x8d, 0x8d, 0x8d, 0x01,
    0x8d, 0x8d, 0x8d, 0x47, 0x8d, 0x8d, 0x8d, 0xb4, 0x8d, 0x8d, 0x8d, 0xfa, 0x8d, 0x8d, 0x8d, 0xff, 0x8d, 0x8d, 0x8d, 0xff, 0x8d, 0x8d, 0x8d, 0xff, 0x8d, 0x8d, 0x8d, 0xff, 0x8d, 0x8d, 0x8d, 0xff,
    0x8d, 0x8d, 0x8d, 0xff, 0x8d, 0x8d, 0x8d, 0xff, 0x8d, 0x8d, 0x8d, 0xff, 0x8d, 0x8d, 0x8d, 0xff, 0x8d, 0x8d, 0x8d, 0xff, 0x8d, 0x8d, 0x8d, 0xff, 0x8d, 0x8d, 0x8d, 0xff, 0x8d, 0x8d, 0x8d, 0xff,
    0x8d, 0x8d, 0x8d, 0xff, 0x8d, 0x8d, 0x8d, 0xff, 0x8d, 0x8d, 0x8d, 0xff, 0x8d, 0x8d, 0x8d, 0xff, 0x8d, 0x8d, 0x8d, 0xff, 0x8d, 0x8d, 0x8d, 0xff, 0x8d, 0x8d, 0x8d, 0xff, 0x8d, 0x8d, 0x8d, 0xff,
    0x8d, 0x8d, 0x8d, 0xff, 0x8d, 0x8d, 0x8d, 0xff, 0x8d, 0x8d, 0x8d, 0xff, 0x8d, 0x8d, 0x8d, 0xfa, 0x8d, 0x8d, 0x8d, 0xb4, 0x8d, 0x8d, 0x8d, 0x47, 0x8d, 0x8d, 0x8d, 0x01, 0x8d, 0x8d, 0x8d, 0x00,
    0x8d, 0x8d, 0x8d, 0x00, 0x8d, 0x8d, 0x8d, 0x00, 0x8d, 0x8d, 0x8d, 0x00, 0x8d, 0x8d, 0x8d, 0x00, 0x8d, 0x8d, 0x8d, 0x00, 0x8d, 0x8d, 0x8d, 0x55, 0x8d, 0x8d, 0x8d, 0xdc, 0x8d, 0x8d, 0x8d, 0xff,
    0x8d, 0x8d, 0x8d, 0xf7, 0x8d, 0x8d, 0x8d, 0xcf, 0x8d, 0x8d, 0x8d, 0x95, 0x8d, 0x8d, 0x8d, 0x58, 0x8d, 0x8d, 0x8d, 0x26, 0x8d, 0x8d, 0x8d, 0x06, 0x8d, 0x8d, 0x8d, 0x00, 0x8d, 0x8d, 0x8d, 0x00,
    0x8d, 0x8d, 0x8d, 0x00, 0x8d, 0x8d, 0x8d, 0x00, 0x8d, 0x8d, 0x8d, 0x00, 0x8d, 0x8d, 0x8d, 0x00, 0x8d, 0x8d, 0x8d, 0x00, 0x8d, 0x8d, 0x8d, 0x00, 0x8d, 0x8d, 0x8d, 0x00, 0x8d, 0x8d, 0x8d, 0x00,
    0x8d, 0x8d, 0x8d, 0x00, 0x8d, 0x8d, 0x8d, 0x00, 0x8d, 0x8d, 0x8d, 0x00, 0x8d, 0x8d, 0x8d, 0x00, 0x8d, 0x8d, 0x8d, 0x00, 0x8d, 0x8d, 0x8d, 0x00, 0x8d, 0x8d, 0x8d, 0x00, 0x8d, 0x8d, 0x8d, 0x00,
    0x8d, 0x8d, 0x8d, 0x00, 0x8d, 0x8d, 0x8d, 0x00, 0x8d, 0x8d, 0x8d, 0x00, 0x8d, 0x8d, 0x8d, 0x00, 0x8d, 0x8d, 0x8d, 0x00, 0x8d, 0x8d, 0x8d, 0x00, 0x8d, 0x8d, 0x8d, 0x00, 0x8d, 0x8d, 0x8d, 0x00,
    0x8d, 0x8d, 0x8d, 0x00, 0x8d, 0x8d, 0x8d, 0x00, 0x8d, 0x8d, 0x8d, 0x00, 0x8d, 0x8d, 0x8d, 0x00, 0x8d, 0x8d, 0x8d, 0x00, 0x8d, 0x8d, 0x8d, 0x00, 0x8d, 0x8d, 0x8d, 0x00, 0x8d, 0x8d, 0x8d, 0x00,
    0x8d, 0x8d, 0x8d, 0x00, 0x8d, 0x8d, 0x8d, 0x00, 0x8d, 0x8d, 0x8d, 0x00, 0x8d, 0x8d, 0x8d, 0x00, 0x8d, 0x8d, 0x8d, 0x00, 0x8d, 0x8d, 0x8d, 0x00, 0x8d, 0x8d, 0x8d, 0x00, 0x8d, 0x8d, 0x8d, 0x00,
    0x8d, 0x8d, 0x8d, 0x00, 0x8d, 0x8d, 0x8d, 0x00, 0x8d, 0x8d, 0x8d, 0x00, 0x8d, 0x8d, 0x8d, 0x00, 0x8d, 0x8d, 0x8d, 0x00, 0x8d, 0x8d, 0x8d, 0x00, 0x8d, 0x8d, 0x8d, 0x00, 0x8d, 0x8d, 0x8d, 0x00,
    0x8d, 0x8d, 0x8d, 0x00, 0x8d, 0x8d, 0x8d, 0x00, 0x8d, 0x8d, 0x8d, 0x00, 0x8d, 0x8d, 0x8d, 0x00, 0x8d, 0x8d, 0x8d, 0x00, 0x8d, 0x8d, 0x8d, 0x00, 0x8d, 0x8d, 0x8d, 0x00, 0x8d, 0x8d, 0x8d, 0x00,
    0x8d, 0x8d, 0x8d, 0x00, 0x8d, 0x8d, 0x8d, 0x00, 0x8d, 0x8d, 0x8d, 0x00, 0x8d, 0x8d, 0x8d, 0x00, 0x8d, 0x8d, 0x8d, 0x00, 0x8d, 0x8d, 0x8d, 0x00, 0x8d, 0x8d, 0x8d, 0x00, 0x8d, 0x8d, 0x8d, 0x00,
    0x8d, 0x8d, 0x8d, 0x12, 0x8d, 0x8d, 0x8d, 0x3e, 0x8d, 0x8d, 0x8d, 0x7a, 0x8d, 0x8d, 0x8d, 0xba, 0x8d, 0x8d, 0x8d, 0xdf, 0x8d, 0x8d, 0x8d, 0x6d, 0x8d, 0x8d, 0x8d, 0x03, 0x8d, 0x8d, 0x8d, 0x00,
    0x8d, 0x8d, 0x8d, 0x00, 0x8d, 0x8d, 0x8d, 0x00, 0x8d, 0x8d, 0x8d, 0x00, 0x8d, 0x8d, 0x8d, 0x00, 0x8d, 0x8d, 0x8d, 0x07, 0x8d, 0x8d, 0x8d, 0x65, 0x8d, 0x8d, 0x8d, 0xd6, 0x8d, 0x8d, 0x8d, 0xff,
    0x8d, 0x8d, 0x8d, 0xff, 0x8d, 0x8d, 0x8d, 0xff, 0x8d, 0x8d, 0x8d, 0xff, 0x8d, 0x8d, 0x8d, 0xff, 0x8d, 0x8d, 0x8d, 0xff, 0x8d, 0x8d, 0x8d, 0xff, 0x8d, 0x8d, 0x8d, 0xff, 0x8d, 0x8d, 0x8d, 0xff,
    0x8d, 0x8d, 0x8d, 0xff, 0x8d, 0x8d, 0x8d, 0xff, 0x8d, 0x8d, 0x8d, 0xff, 0x8d, 0x8d, 0x8d, 0xff, 0x8d, 0x8d, 0x8d, 0xff, 0x8d, 0x8d, 0x8d, 0xff, 0x8d, 0x8d, 0x8d, 0xff, 0x8d, 0x8d, 0x8d, 0xff,
    0x8d, 0x8d, 0x8d, 0xff, 0x8d, 0x8d, 0x8d, 0xff, 0x8d, 0x8d, 0x8d, 0xff, 0x8d, 0x8d, 0x8d, 0xff, 0x8d, 0x8d, 0x8d, 0xff, 0x8d, 0x8d, 0x8d, 0xff, 0x8d, 0x8d, 0x8d, 0xff, 0x8d, 0x8d, 0x8d, 0xff,
    0x8d, 0x8d, 0x8d, 0xff, 0x8d, 0x8d, 0x8d, 0xff, 0x8d, 0x8d, 0x8d, 0xff, 0x8d, 0x8d, 0x8d, 0xd6, 0x8d, 0x8d, 0x8d, 0x65, 0x8d, 0x8d, 0x8d, 0x07, 0x8d, 0x8d, 0x8d, 0x00, 0x8d, 0x8d, 0x8d, 0x00,
    0x8d, 0x8d, 0x8d, 0x00, 0x8d, 0x8d, 0x8d, 0x00, 0x8d, 0x8d, 0x8d, 0x00, 0x8d, 0x8d, 0x8d, 0x03, 0x8d, 0x8d, 0x8d, 0x6d, 0x8d, 0x8d, 0x8d, 0xdf, 0x8d, 0x8d, 0x8d, 0xba, 0x8d, 0x8d, 0x8d, 0x7a,
    0x8d, 0x8d, 0x8d, 0x3e, 0x8d, 0x8d, 0x8d, 0x12, 0x8d, 0x8d, 0x8d, 0x00, 0x8d, 0x8d, 0x8d, 0x00, 0x8d, 0x8d, 0x8d, 0x00, 0x8d, 0x8d, 0x8d, 0x00, 0x8d, 0x8d, 0x8d, 0x00, 0x8d, 0x8d, 0x8d, 0x00,
    0x8d, 0x8d, 0x8d, 0x00, 0x8d, 0x8d, 0x8d, 0x00, 0x8d, 0x8d, 0x8d, 0x00, 0x8d, 0x8d, 0x8d, 0x00, 0x8d, 0x8d, 0x8d, 0x00, 0x8d, 0x8d, 0x8d, 0x00, 0x8d, 0x8d, 0x8d, 0x00, 0x8d, 0x8d, 0x8d, 0x00,
    0x8d, 0x8d, 0x8d, 0x00, 0x8d, 0x8d, 0x8d, 0x00, 0x8d, 0x8d, 0x8d, 0x00, 0x8d, 0x8d, 0x8d, 0x00, 0x8d, 0x8d, 0x8d, 0x00, 0x8d, 0x8d, 0x8d, 0x00, 0x8d, 0x8d, 0x8d, 0x00, 0x8d, 0x8d, 0x8d, 0x00,
    0x8d, 0x8d, 0x8d, 0x00, 0x8d, 0x8d, 0x8d, 0x00, 0x8d, 0x8d, 0x8d, 0x00, 0x8d, 0x8d, 0x8d, 0x00, 0x8d, 0x8d, 0x8d, 0x00, 0x8d, 0x8d, 0x8d, 0x00, 0x8d, 0x8d, 0x8d, 0x00, 0x8d, 0x8d, 0x8d, 0x00,
    0x8d, 0x8d, 0x8d, 0x00, 0x8d, 0x8d, 0x8d, 0x00, 0x8d, 0x8d, 0x8d, 0x00, 0x8d, 0x8d, 0x8d, 0x00, 0x8d, 0x8d, 0x8d, 0x00, 0x8d, 0x8d, 0x8d, 0x00, 0x8d, 0x8d, 0x8d, 0x00, 0x8d, 0x8d, 0x8d, 0x00,
    0x8d, 0x8d, 0x8d, 0x00, 0x8d, 0x8d, 0x8d, 0x00, 0x8d, 0x8d, 0x8d, 0x00, 0x8d, 0x8d, 0x8d, 0x00, 0x8d, 0x8d, 0x8d, 0x00, 0x8d, 0x8d, 0x8d, 0x00, 0x8d, 0x8d, 0x8d, 0x00, 0x8d, 0x8d, 0x8d, 0x00,
    0x8d, 0x8d, 0x8d, 0x00, 0x8d, 0x8d, 0x8d, 0x00, 0x8d, 0x8d, 0x8d, 0x00, 0x8d, 0x8d, 0x8d, 0x00, 0x8d, 0x8d, 0x8d, 0x00, 0x8d, 0x8d, 0x8d, 0x00, 0x8d, 0x8d, 0x8d, 0x00, 0x8d, 0x8d, 0x8d, 0x00,
    0x8d, 0x8d, 0x8d, 0x00, 0x8d, 0x8d, 0x8d, 0x00, 0x8d, 0x8d, 0x8d, 0x00, 0x8d, 0x8d, 0x8d, 0x00, 0x8d, 0x8d, 0x8d, 0x00, 0x8d, 0x8d, 0x8d, 0x00, 0x8d, 0x8d, 0x8d, 0x00, 0x8d, 0x8d, 0x8d, 0x00,
    0x8d, 0x8d, 0x8d, 0x00, 0x8d, 0x8d, 0x8d, 0x00, 0x8d, 0x8d, 0x8d, 0x00, 0x8d, 0x8d, 0x8d, 0x00, 0x8d, 0x8d, 0x8d, 0x00, 0x8d, 0x8d, 0x8d, 0x00, 0x8d, 0x8d, 0x8d, 0x00, 0x8d, 0x8d, 0x8d, 0x04,
    0x8d, 0x8d, 0x8d, 0x25, 0x8d, 0x8d, 0x8d, 0x5d, 0x8d, 0x8d, 0x8d, 0x5d, 0x8d, 0x8d, 0x8d, 0x0d, 0x8d, 0x8d, 0x8d, 0x00, 0x8d, 0x8d, 0x8d, 0x00, 0x8d, 0x8d, 0x8d, 0x00, 0x8d, 0x8d, 0x8d, 0x00,
    0x8d, 0x8d, 0x8d, 0x00, 0x8d, 0x8d, 0x8d, 0x0b, 0x8d, 0x8d, 0x8d, 0x75, 0x8d, 0x8d, 0x8d, 0xe7, 0x8d, 0x8d, 0x8d, 0xff, 0x8d, 0x8d, 0x8d, 0xff, 0x8d, 0x8d, 0x8d, 0xff, 0x8d, 0x8d, 0x8d, 0xff,
    0x8d, 0x8d, 0x8d, 0xff, 0x8d, 0x8d, 0x8d, 0xff, 0x8d, 0x8d, 0x8d, 0xff, 0x8d, 0x8d, 0x8d, 0xff, 0x8d, 0x8d, 0x8d, 0xff, 0x8d, 0x8d, 0x8d, 0xff, 0x8d, 0x8d, 0x8d, 0xff, 0x8d, 0x8d, 0x8d, 0xff,
    0x8d, 0x8d, 0x8d, 0xff, 0x8d, 0x8d, 0x8d, 0xff, 0x8d, 0x8d, 0x8d, 0xff, 0x8d, 0x8d, 0x8d, 0xff, 0x8d, 0x8d, 0x8d, 0xff, 0x8d, 0x8d, 0x8d, 0xff, 0x8d, 0x8d, 0x8d, 0xff, 0x8d, 0x8d, 0x8d, 0xff,
    0x8d, 0x8d, 0x8d, 0xff, 0x8d, 0x8d, 0x8d, 0xff, 0x8d, 0x8d, 0x8d, 0xff, 0x8d, 0x8d, 0x8d, 0xff, 0x8d, 0x8d, 0x8d, 0xff, 0x8d, 0x8d, 0x8d, 0xff, 0x8d, 0x8d, 0x8d, 0xff, 0x8d, 0x8d, 0x8d, 0xff,
    0x8d, 0x8d, 0x8d, 0xff, 0x8d, 0x8d, 0x8d, 0xff, 0x8d, 0x8d, 0x8d, 0xe7, 0x8d, 0x8d, 0x8d, 0x75, 0x8d, 0x8d, 0x8d, 0x0b, 0x8d, 0x8d, 0x8d, 0x00, 0x8d, 0x8d, 0x8d, 0x00, 0x8d, 0x8d, 0x8d, 0x00,
    0x8d, 0x8d, 0x8d, 0x00, 0x8d, 0x8d, 0x8d, 0x00, 0x8d, 0x8d, 0x8d, 0x0d, 0x8d, 0x8d, 0x8d, 0x5d, 0x8d, 0x8d, 0x8d, 0x5d, 0x8d, 0x8d, 0x8d, 0x25, 0x8d, 0x8d, 0x8d, 0x04, 0x8d, 0x8d, 0x8d, 0x00,
    0x8d, 0x8d, 0x8d, 0x00, 0x8d, 0x8d, 0x8d, 0x00, 0x8d, 0x8d, 0x8d, 0x00, 0x8d, 0x8d, 0x8d, 0x00, 0x8d, 0x8d, 0x8d, 0x00, 0x8d, 0x8d, 0x8d, 0x00, 0x8d, 0x8d, 0x8d, 0x00, 0x8d, 0x8d, 0x8d, 0x00,
    0x8d, 0x8d, 0x8d, 0x00, 0x8d, 0x8d, 0x8d, 0x00, 0x8d, 0x8d, 0x8d, 0x00, 0x8d, 0x8d, 0x8d, 0x00, 0x8d, 0x8d, 0x8d, 0x00, 0x8d, 0x8d, 0x8d, 0x00, 0x8d, 0x8d, 0x8d, 0x00, 0x8d, 0x8d, 0x8d, 0x00,
    0x8d, 0x8d, 0x8d, 0x00, 0x8d, 0x8d, 0x8d, 0x00, 0x8d, 0x8d, 0x8d, 0x00, 0x8d, 0x8d, 0x8d, 0x00, 0x8d, 0x8d, 0x8d, 0x00, 0x8d, 0x8d, 0x8d, 0x00, 0x8d, 0x8d, 0x8d, 0x00, 0x8d, 0x8d, 0x8d, 0x00,
    0x8d, 0x8d, 0x8d, 0x00, 0x8d, 0x8d, 0x8d, 0x00, 0x8d, 0x8d, 0x8d, 0x00, 0x8d, 0x8d, 0x8d, 0x00, 0x8d, 0x8d, 0x8d, 0x00, 0x8d, 0x8d, 0x8d, 0x00, 0x8d, 0x8d, 0x8d, 0x00, 0x8d, 0x8d, 0x8d, 0x00,
    0x8d, 0x8d, 0x8d, 0x00, 0x8d, 0x8d, 0x8d, 0x00, 0x8d, 0x8d, 0x8d, 0x00, 0x8d, 0x8d, 0x8d, 0x00, 0x8d, 0x8d, 0x8d, 0x00, 0x8d, 0x8d, 0x8d, 0x00, 0x8d, 0x8d, 0x8d, 0x00, 0x8d, 0x8d, 0x8d, 0x00,
    0x8d, 0x8d, 0x8d, 0x00, 0x8d, 0x8d, 0x8d, 0x00, 0x8d, 0x8d, 0x8d, 0x00, 0x8d, 0x8d, 0x8d, 0x00, 0x8d, 0x8d, 0x8d, 0x00, 0x8d, 0x8d, 0x8d, 0x00, 0x8d, 0x8d, 0x8d, 0x00, 0x8d, 0x8d, 0x8d, 0x00,
    0x8d, 0x8d, 0x8d, 0x00, 0x8d, 0x8d, 0x8d, 0x00, 0x8d, 0x8d, 0x8d, 0x00, 0x8d, 0x8d, 0x8d, 0x00, 0x8d, 0x8d, 0x8d, 0x00, 0x8d, 0x8d, 0x8d, 0x00, 0x8d, 0x8d, 0x8d, 0x00, 0x8d, 0x8d, 0x8d, 0x00,
    0x8d, 0x8d, 0x8d, 0x00, 0x8d, 0x8d, 0x8d, 0x00, 0x8d, 0x8d, 0x8d, 0x00, 0x8d, 0x8d, 0x8d, 0x00, 0x8d, 0x8d, 0x8d, 0x00, 0x8d, 0x8d, 0x8d, 0x00, 0x8d, 0x8d, 0x8d, 0x00, 0x8d, 0x8d, 0x8d, 0x00,
    0x8d, 0x8d, 0x8d, 0x00, 0x8d, 0x8d, 0x8d, 0x00, 0x8d, 0x8d, 0x8d, 0x00, 0x8d, 0x8d, 0x8d, 0x00, 0x8d, 0x8d, 0x8d, 0x00, 0x8d, 0x8d, 0x8d, 0x00, 0x8d, 0x8d, 0x8d, 0x00, 0x8d, 0x8d, 0x8d, 0x0c,
    0x8d, 0x8d, 0x8d, 0x0b, 0x8d, 0x8d, 0x8d, 0x00, 0x8d, 0x8d, 0x8d, 0x00, 0x8d, 0x8d, 0x8d, 0x00, 0x8d, 0x8d, 0x8d, 0x00, 0x8d, 0x8d, 0x8d, 0x00, 0x8d, 0x8d, 0x8d, 0x07, 0x8d, 0x8d, 0x8d, 0x75,
    0x8d, 0x8d, 0x8d, 0xeb, 0x8d, 0x8d, 0x8d, 0xff, 0x8d, 0x8d, 0x8d, 0xff, 0x8d, 0x8d, 0x8d, 0xff, 0x8d, 0x8d, 0x8d, 0xff, 0x8d, 0x8d, 0x8d, 0xff, 0x8d, 0x8d, 0x8d, 0xff, 0x8d, 0x8d, 0x8d, 0xff,
    0x8d, 0x8d, 0x8d, 0xff, 0x8d, 0x8d, 0x8d, 0xff, 0x8d, 0x8d, 0x8d, 0xff, 0x8d, 0x8d, 0x8d, 0xff, 0x8d, 0x8d, 0x8d, 0xff, 0x8d, 0x8d, 0x8d, 0xff, 0x8d, 0x8d, 0x8d, 0xff, 0x8d, 0x8d, 0x8d, 0xff,
    0x8d, 0x8d, 0x8d, 0xff, 0x8d, 0x8d, 0x8d, 0xff, 0x8d, 0x8d, 0x8d, 0xff, 0x8d, 0x8d, 0x8d, 0xff, 0x8d, 0x8d, 0x8d, 0xff, 0x8d, 0x8d, 0x8d, 0xff, 0x8d, 0x8d, 0x8d, 0xff, 0x8d, 0x8d, 0x8d, 0xff,
    0x8d, 0x8d, 0x8d, 0xff, 0x8d, 0x8d, 0x8d, 0xff, 0x8d, 0x8d, 0x8d, 0xff, 0x8d, 0x8d, 0x8d, 0xff, 0x8d, 0x8d, 0x8d, 0xff, 0x8d, 0x8d, 0x8d, 0xff, 0x8d, 0x8d, 0x8d, 0xff, 0x8d, 0x8d, 0x8d, 0xff,
    0x8d, 0x8d, 0x8d, 0xff, 0x8d, 0x8d, 0x8d, 0xeb, 0x8d, 0x8d, 0x8d, 0x75, 0x8d, 0x8d, 0x8d, 0x07, 0x8d, 0x8d, 0x8d, 0x00, 0x8d, 0x8d, 0x8d, 0x00, 0x8d, 0x8d, 0x8d, 0x00, 0x8d, 0x8d, 0x8d, 0x00,
    0x8d, 0x8d, 0x8d, 0x00, 0x8d, 0x8d, 0x8d, 0x0b, 0x8d, 0x8d, 0x8d, 0x0c, 0x8d, 0x8d, 0x8d, 0x00, 0x8d, 0x8d, 0x8d, 0x00, 0x8d, 0x8d, 0x8d, 0x00, 0x8d, 0x8d, 0x8d, 0x00, 0x8d, 0x8d, 0x8d, 0x00,
    0x8d, 0x8d, 0x8d, 0x00, 0x8d, 0x8d, 0x8d, 0x00, 0x8d, 0x8d, 0x8d, 0x00, 0x8d, 0x8d, 0x8d, 0x00, 0x8d, 0x8d, 0x8d, 0x00, 0x8d, 0x8d, 0x8d, 0x00, 0x8d, 0x8d, 0x8d, 0x00, 0x8d, 0x8d, 0x8d, 0x00,
    0x8d, 0x8d, 0x8d, 0x00, 0x8d, 0x8d, 0x8d, 0x00, 0x8d, 0x8d, 0x8d, 0x00, 0x8d, 0x8d, 0x8d, 0x00, 0x8d, 0x8d, 0x8d, 0x00, 0x8d, 0x8d, 0x8d, 0x00, 0x8d, 0x8d, 0x8d, 0x00, 0x8d, 0x8d, 0x8d, 0x00,
    0x8d, 0x8d, 0x8d, 0x00, 0x8d, 0x8d, 0x8d, 0x00, 0x8d, 0x8d, 0x8d, 0x00, 0x8d, 0x8d, 0x8d, 0x00, 0x8d, 0x8d, 0x8d, 0x00, 0x8d, 0x8d, 0x8d, 0x00, 0x8d, 0x8d, 0x8d, 0x00, 0x8d, 0x8d, 0x8d, 0x00,
    0x8d, 0x8d, 0x8d, 0x00, 0x8d, 0x8d, 0x8d, 0x00, 0x8d, 0x8d, 0x8d, 0x00, 0x8d, 0x8d, 0x8d, 0x00, 0x8d, 0x8d, 0x8d, 0x00, 0x8d, 0x8d, 0x8d, 0x00, 0x8d, 0x8d, 0x8d, 0x00, 0x8d, 0x8d, 0x8d, 0x00,
    0x8d, 0x8d, 0x8d, 0x00, 0x8d, 0x8d, 0x8d, 0x00, 0x8d, 0x8d, 0x8d, 0x00, 0x8d, 0x8d, 0x8d, 0x00, 0x8d, 0x8d, 0x8d, 0x00, 0x8d, 0x8d, 0x8d, 0x00, 0x8d, 0x8d, 0x8d, 0x00, 0x8d, 0x8d, 0x8d, 0x00,
    0x8d, 0x8d, 0x8d, 0x00, 0x8d, 0x8d, 0x8d, 0x00, 0x8d, 0x8d, 0x8d, 0x00, 0x8d, 0x8d, 0x8d, 0x00, 0x8d, 0x8d, 0x8d, 0x00, 0x8d, 0x8d, 0x8d, 0x00, 0x8d, 0x8d, 0x8d, 0x00, 0x8d, 0x8d, 0x8d, 0x00,
    0x8d, 0x8d, 0x8d, 0x00, 0x8d, 0x8d, 0x8d, 0x00, 0x8d, 0x8d, 0x8d, 0x00, 0x8d, 0x8d, 0x8d, 0x00, 0x8d, 0x8d, 0x8d, 0x00, 0x8d, 0x8d, 0x8d, 0x00, 0x8d, 0x8d, 0x8d, 0x00, 0x8d, 0x8d, 0x8d, 0x00,
    0x8d, 0x8d, 0x8d, 0x00, 0x8d, 0x8d, 0x8d, 0x00, 0x8d, 0x8d, 0x8d, 0x00, 0x8d, 0x8d, 0x8d, 0x00, 0x8d, 0x8d, 0x8d, 0x00, 0x8d, 0x8d, 0x8d, 0x00, 0x8d, 0x8d, 0x8d, 0x00, 0x8d, 0x8d, 0x8d, 0x00,
    0x8d, 0x8d, 0x8d, 0x00, 0x8d, 0x8d, 0x8d, 0x00, 0x8d, 0x8d, 0x8d, 0x00, 0x8d, 0x8d, 0x8d, 0x00, 0x8d, 0x8d, 0x8d, 0x00, 0x8d, 0x8d, 0x8d, 0x00, 0x8d, 0x8d, 0x8d, 0x00, 0x8d, 0x8d, 0x8d, 0x00,
    0x8d, 0x8d, 0x8d, 0x00, 0x8d, 0x8d, 0x8d, 0x00, 0x8d, 0x8d, 0x8d, 0x00, 0x8d, 0x8d, 0x8d, 0x01, 0x8d, 0x8d, 0x8d, 0x65, 0x8d, 0x8d, 0x8d, 0xe7, 0x8d, 0x8d, 0x8d, 0xff, 0x8d, 0x8d, 0x8d, 0xff,
    0x8d, 0x8d, 0x8d, 0xff, 0x8d, 0x8d, 0x8d, 0xff, 0x8d, 0x8d, 0x8d, 0xff, 0x8d, 0x8d, 0x8d, 0xff, 0x8d, 0x8d, 0x8d, 0xff, 0x8d, 0x8d, 0x8d, 0xff, 0x8d, 0x8d, 0x8d, 0xff, 0x8d, 0x8d, 0x8d, 0xff,
    0x8d, 0x8d, 0x8d, 0xff, 0x8d, 0x8d, 0x8d, 0xff, 0x8d, 0x8d, 0x8d, 0xff, 0x8d, 0x8d, 0x8d, 0xff, 0x8d, 0x8d, 0x8d, 0xff, 0x8d, 0x8d, 0x8d, 0xff, 0x8d, 0x8d, 0x8d, 0xff, 0x8d, 0x8d, 0x8d, 0xff,
    0x8d, 0x8d, 0x8d, 0xff, 0x8d, 0x8d, 0x8d, 0xff, 0x8d, 0x8d, 0x8d, 0xff, 0x8d, 0x8d, 0x8d, 0xff, 0x8d, 0x8d, 0x8d, 0xff, 0x8d, 0x8d, 0x8d, 0xff, 0x8d, 0x8d, 0x8d, 0xff, 0x8d, 0x8d, 0x8d, 0xff,
    0x8d, 0x8d, 0x8d, 0xff, 0x8d, 0x8d, 0x8d, 0xff, 0x8d, 0x8d, 0x8d, 0xff, 0x8d, 0x8d, 0x8d, 0xff, 0x8d, 0x8d, 0x8d, 0xff, 0x8d, 0x8d, 0x8d, 0xff, 0x8d, 0x8d, 0x8d, 0xff, 0x8d, 0x8d, 0x8d, 0xff,
    0x8d, 0x8d, 0x8d, 0xe7, 0x8d, 0x8d, 0x8d, 0x65, 0x8d, 0x8d, 0x8d, 0x01, 0x8d, 0x8d, 0x8d, 0x00, 0x8d, 0x8d, 0x8d, 0x00, 0x8d, 0x8d, 0x8d, 0x00, 0x8d, 0x8d, 0x8d, 0x00, 0x8d, 0x8d, 0x8d, 0x00,
    0x8d, 0x8d, 0x8d, 0x00, 0x8d, 0x8d, 0x8d, 0x00, 0x8d, 0x8d, 0x8d, 0x00, 0x8d, 0x8d, 0x8d, 0x00, 0x8d, 0x8d, 0x8d, 0x00, 0x8d, 0x8d, 0x8d, 0x00, 0x8d, 0x8d, 0x8d, 0x00, 0x8d, 0x8d, 0x8d, 0x00,
    0x8d, 0x8d, 0x8d, 0x00, 0x8d, 0x8d, 0x8d, 0x00, 0x8d, 0x8d, 0x8d, 0x00, 0x8d, 0x8d, 0x8d, 0x00, 0x8d, 0x8d, 0x8d, 0x00, 0x8d, 0x8d, 0x8d, 0x00, 0x8d, 0x8d, 0x8d, 0x00, 0x8d, 0x8d, 0x8d, 0x00,
    0x8d, 0x8d, 0x8d, 0x00, 0x8d, 0x8d, 0x8d, 0x00, 0x8d, 0x8d, 0x8d, 0x00, 0x8d, 0x8d, 0x8d, 0x00, 0x8d, 0x8d, 0x8d, 0x00, 0x8d, 0x8d, 0x8d, 0x00, 0x8d, 0x8d, 0x8d, 0x00, 0x8d, 0x8d, 0x8d, 0x00,
    0x8d, 0x8d, 0x8d, 0x00, 0x8d, 0x8d, 0x8d, 0x00, 0x8d, 0x8d, 0x8d, 0x00, 0x8d, 0x8d, 0x8d, 0x00, 0x8d, 0x8d, 0x8d, 0x00, 0x8d, 0x8d, 0x8d, 0x00, 0x8d, 0x8d, 0x8d, 0x00, 0x8d, 0x8d, 0x8d, 0x00,
    0x8d, 0x8d, 0x8d, 0x00, 0x8d, 0x8d, 0x8d, 0x00, 0x8d, 0x8d, 0x8d, 0x00, 0x8d, 0x8d, 0x8d, 0x00, 0x8d, 0x8d, 0x8d, 0x00, 0x8d, 0x8d, 0x8d, 0x00, 0x8d, 0x8d, 0x8d, 0x00, 0x8d, 0x8d, 0x8d, 0x00,
    0x8d, 0x8d, 0x8d, 0x00, 0x8d, 0x8d, 0x8d, 0x00, 0x8d, 0x8d, 0x8d, 0x00, 0x8d, 0x8d, 0x8d, 0x00, 0x8d, 0x8d, 0x8d, 0x00, 0x8d, 0x8d, 0x8d, 0x00, 0x8d, 0x8d, 0x8d, 0x00, 0x8d, 0x8d, 0x8d, 0x00,
    0x8d, 0x8d, 0x8d, 0x00, 0x8d, 0x8d, 0x8d, 0x00, 0x8d, 0x8d, 0x8d, 0x00, 0x8d, 0x8d, 0x8d, 0x00, 0x8d, 0x8d, 0x8d, 0x00, 0x8d, 0x8d, 0x8d, 0x00, 0x8d, 0x8d, 0x8d, 0x00, 0x8d, 0x8d, 0x8d, 0x00,
    0x8d, 0x8d, 0x8d, 0x00, 0x8d, 0x8d, 0x8d, 0x00, 0x8d, 0x8d, 0x8d, 0x00, 0x8d, 0x8d, 0x8d, 0x00, 0x8d, 0x8d, 0x8d, 0x00, 0x8d, 0x8d, 0x8d, 0x00, 0x8d, 0x8d, 0x8d, 0x00, 0x8d, 0x8d, 0x8d, 0x00,
    0x8d, 0x8d, 0x8d, 0x00, 0x8d, 0x8d, 0x8d, 0x00, 0x8d, 0x8d, 0x8d, 0x00, 0x8d, 0x8d, 0x8d, 0x00, 0x8d, 0x8d, 0x8d, 0x00, 0x8d, 0x8d, 0x8d, 0x00, 0x8d, 0x8d, 0x8d, 0x00, 0x8d, 0x8d, 0x8d, 0x00,
    0x8d, 0x8d, 0x8d, 0x00, 0x8d, 0x8d, 0x8d, 0x00, 0x8d, 0x8d, 0x8d, 0x00, 0x8d, 0x8d, 0x8d, 0x00, 0x8d, 0x8d, 0x8d, 0x00, 0x8d, 0x8d, 0x8d, 0x00, 0x8d, 0x8d, 0x8d, 0x00, 0x8d, 0x8d, 0x8d, 0x00,
    0x8d, 0x8d, 0x8d, 0x00, 0x8d, 0x8d, 0x8d, 0x3e, 0x8d, 0x8d, 0x8d, 0xd6, 0x8d, 0x8d, 0x8d, 0xff, 0x8d, 0x8d, 0x8d, 0xff, 0x8d, 0x8d, 0x8d, 0xff, 0x8d, 0x8d, 0x8d, 0xff, 0x8d, 0x8d, 0x8d, 0xff,
    0x8d, 0x8d, 0x8d, 0xff, 0x8d, 0x8d, 0x8d, 0xff, 0x8d, 0x8d, 0x8d, 0xff, 0x8d, 0x8d, 0x8d, 0xff, 0x8d, 0x8d, 0x8d, 0xff, 0x8d, 0x8d, 0x8d, 0xff, 0x8d, 0x8d, 0x8d, 0xff, 0x8d, 0x8d, 0x8d, 0xff,
    0x8d, 0x8d, 0x8d, 0xff, 0x8d, 0x8d, 0x8d, 0xff, 0x8d, 0x8d, 0x8d, 0xff, 0x8d, 0x8d, 0x8d, 0xff, 0x8d, 0x8d, 0x8d, 0xff, 0x8d, 0x8d, 0x8d, 0xff, 0x8d, 0x8d, 0x8d, 0xff, 0x8d, 0x8d, 0x8d, 0xff,
    0x8d, 0x8d, 0x8d, 0xff, 0x8d, 0x8d, 0x8d, 0xff, 0x8d, 0x8d, 0x8d, 0xff, 0x8d, 0x8d, 0x8d, 0xff, 0x8d, 0x8d, 0x8d, 0xff, 0x8d, 0x8d, 0x8d, 0xff, 0x8d, 0x8d, 0x8d, 0xff, 0x8d, 0x8d, 0x8d, 0xff,
    0x8d, 0x8d, 0x8d, 0xff, 0x8d, 0x8d, 0x8d, 0xff, 0x8d, 0x8d, 0x8d, 0xff, 0x8d, 0x8d, 0x8d, 0xff, 0x8d, 0x8d, 0x8d, 0xff, 0x8d, 0x8d, 0x8d, 0xff, 0x8d, 0x8d, 0x8d, 0xff, 0x8d, 0x8d, 0x8d, 0xd6,
    0x8d, 0x8d, 0x8d, 0x3e, 0x8d, 0x8d, 0x8d, 0x00, 0x8d, 0x8d, 0x8d, 0x00, 0x8d, 0x8d, 0x8d, 0x00, 0x8d, 0x8d, 0x8d, 0x00, 0x8d, 0x8d, 0x8d, 0x00, 0x8d, 0x8d, 0x8d, 0x00, 0x8d, 0x8d, 0x8d, 0x00,
    0x8d, 0x8d, 0x8d, 0x00, 0x8d, 0x8d, 0x8d, 0x00, 0x8d, 0x8d, 0x8d, 0x00, 0x8d, 0x8d, 0x8d, 0x00, 0x8d, 0x8d, 0x8d, 0x00, 0x8d, 0x8d, 0x8d, 0x00, 0x8d, 0x8d, 0x8d, 0x00, 0x8d, 0x8d, 0x8d, 0x00,
    0x8d, 0x8d, 0x8d, 0x00, 0x8d, 0x8d, 0x8d, 0x00, 0x8d, 0x8d, 0x8d, 0x00, 0x8d, 0x8d, 0x8d, 0x00, 0x8d, 0x8d, 0x8d, 0x00, 0x8d, 0x8d, 0x8d, 0x00, 0x8d, 0x8d, 0x8d, 0x00, 0x8d, 0x8d, 0x8d, 0x00,
    0x8d, 0x8d, 0x8d, 0x00, 0x8d, 0x8d, 0x8d, 0x00, 0x8d, 0x8d, 0x8d, 0x00, 0x8d, 0x8d, 0x8d, 0x00, 0x8d, 0x8d, 0x8d, 0x00, 0x8d, 0x8d, 0x8d, 0x00, 0x8d, 0x8d, 0x8d, 0x00, 0x8d, 0x8d, 0x8d, 0x00,
    0x8d, 0x8d, 0x8d, 0x00, 0x8d, 0x8d, 0x8d, 0x00, 0x8d, 0x8d, 0x8d, 0x00, 0x8d, 0x8d, 0x8d, 0x00, 0x8d, 0x8d, 0x8d, 0x00, 0x8d, 0x8d, 0x8d, 0x00, 0x8d, 0x8d, 0x8d, 0x00, 0x8d, 0x8d, 0x8d, 0x00,
    0x8d, 0x8d, 0x8d, 0x00, 0x8d, 0x8d, 0x8d, 0x00, 0x8d, 0x8d, 0x8d, 0x00, 0x8d, 0x8d, 0x8d, 0x00, 0x8d, 0x8d, 0x8d, 0x00, 0x8d, 0x8d, 0x8d, 0x00, 0x8d, 0x8d, 0x8d, 0x00, 0x8d, 0x8d, 0x8d, 0x00,
    0x8d, 0x8d, 0x8d, 0x00, 0x8d, 0x8d, 0x8d, 0x00, 0x8d, 0x8d, 0x8d, 0x00, 0x8d, 0x8d, 0x8d, 0x00, 0x8d, 0x8d, 0x8d, 0x00, 0x8d, 0x8d, 0x8d, 0x00, 0x8d, 0x8d, 0x8d, 0x00, 0x8d, 0x8d, 0x8d, 0x00,
    0x8d, 0x8d, 0x8d, 0x00, 0x8d, 0x8d, 0x8d, 0x00, 0x8d, 0x8d, 0x8d, 0x00, 0x8d, 0x8d, 0x8d, 0x00, 0x8d, 0x8d, 0x8d, 0x00, 0x8d, 0x8d, 0x8d, 0x00, 0x8d, 0x8d, 0x8d, 0x00, 0x8d, 0x8d, 0x8d, 0x00,
    0x8d, 0x8d, 0x8d, 0x00, 0x8d, 0x8d, 0x8d, 0x00, 0x8d, 0x8d, 0x8d, 0x00, 0x8d, 0x8d, 0x8d, 0x00, 0x8d, 0x8d, 0x8d, 0x00, 0x8d, 0x8d, 0x8d, 0x00, 0x8d, 0x8d, 0x8d, 0x00, 0x8d, 0x8d, 0x8d, 0x00,
    0x8d, 0x8d, 0x8d, 0x00, 0x8d, 0x8d, 0x8d, 0x00, 0x8d, 0x8d, 0x8d, 0x00, 0x8d, 0x8d, 0x8d, 0x00, 0x8d, 0x8d, 0x8d, 0x00, 0x8d, 0x8d, 0x8d, 0x00, 0x8d, 0x8d, 0x8d, 0x00, 0x8d, 0x8d, 0x8d, 0x00,
    0x8d, 0x8d, 0x8d, 0x00, 0x8d, 0x8d, 0x8d, 0x00, 0x8d, 0x8d, 0x8d, 0x00, 0x8d, 0x8d, 0x8d, 0x00, 0x8d, 0x8d, 0x8d, 0x00, 0x8d, 0x8d, 0x8d, 0x00, 0x8d, 0x8d, 0x8d, 0x04, 0x8d, 0x8d, 0x8d, 0x4c,
    0x8d, 0x8d, 0x8d, 0xc3, 0x8d, 0x8d, 0x8d, 0xfc, 0x8d, 0x8d, 0x8d, 0xff, 0x8d, 0x8d, 0x8d, 0xff, 0x8d, 0x8d, 0x8d, 0xff, 0x8d, 0x8d, 0x8d, 0xff, 0x8d, 0x8d, 0x8d, 0xff, 0x8d, 0x8d, 0x8d, 0xff,
    0x8d, 0x8d, 0x8d, 0xff, 0x8d, 0x8d, 0x8d, 0xff, 0x8d, 0x8d, 0x8d, 0xff, 0x8d, 0x8d, 0x8d, 0xff, 0x8d, 0x8d, 0x8d, 0xff, 0x8d, 0x8d, 0x8d, 0xff, 0x8d, 0x8d, 0x8d, 0xff, 0x8d, 0x8d, 0x8d, 0xff,
    0x8d, 0x8d, 0x8d, 0xff, 0x8d, 0x8d, 0x8d, 0xff, 0x8d, 0x8d, 0x8d, 0xff, 0x8d, 0x8d, 0x8d, 0xff, 0x8d, 0x8d, 0x8d, 0xff, 0x8d, 0x8d, 0x8d, 0xff, 0x8d, 0x8d, 0x8d, 0xff, 0x8d, 0x8d, 0x8d, 0xff,
    0x8d, 0x8d, 0x8d, 0xff, 0x8d, 0x8d, 0x8d, 0xff, 0x8d, 0x8d, 0x8d, 0xff, 0x8d, 0x8d, 0x8d, 0xff, 0x8d, 0x8d, 0x8d, 0xff, 0x8d, 0x8d, 0x8d, 0xff, 0x8d, 0x8d, 0x8d, 0xff, 0x8d, 0x8d, 0x8d, 0xff,
    0x8d, 0x8d, 0x8d, 0xff, 0x8d, 0x8d, 0x8d, 0xff, 0x8d, 0x8d, 0x8d, 0xff, 0x8d, 0x8d, 0x8d, 0xff, 0x8d, 0x8d, 0x8d, 0xfc, 0x8d, 0x8d, 0x8d, 0xc3, 0x8d, 0x8d, 0x8d, 0x4c, 0x8d, 0x8d, 0x8d, 0x04,
    0x8d, 0x8d, 0x8d, 0x00, 0x8d, 0x8d, 0x8d, 0x00, 0x8d, 0x8d, 0x8d, 0x00, 0x8d, 0x8d, 0x8d, 0x00, 0x8d, 0x8d, 0x8d, 0x00, 0x8d, 0x8d, 0x8d, 0x00, 0x8d, 0x8d, 0x8d, 0x00, 0x8d, 0x8d, 0x8d, 0x00,
    0x8d, 0x8d, 0x8d, 0x00, 0x8d, 0x8d, 0x8d, 0x00, 0x8d, 0x8d, 0x8d, 0x00, 0x8d, 0x8d, 0x8d, 0x00, 0x8d, 0x8d, 0x8d, 0x00, 0x8d, 0x8d, 0x8d, 0x00, 0x8d, 0x8d, 0x8d, 0x00, 0x8d, 0x8d, 0x8d, 0x00,
    0x8d, 0x8d, 0x8d, 0x00, 0x8d, 0x8d, 0x8d, 0x00, 0x8d, 0x8d, 0x8d, 0x00, 0x8d, 0x8d, 0x8d, 0x00, 0x8d, 0x8d, 0x8d, 0x00, 0x8d, 0x8d, 0x8d, 0x00, 0x8d, 0x8d, 0x8d, 0x00, 0x8d, 0x8d, 0x8d, 0x00,
    0x8d, 0x8d, 0x8d, 0x00, 0x8d, 0x8d, 0x8d, 0x00, 0x8d, 0x8d, 0x8d, 0x00, 0x8d, 0x8d, 0x8d, 0x00, 0x8d, 0x8d, 0x8d, 0x00, 0x8d, 0x8d, 0x8d, 0x00, 0x8d, 0x8d, 0x8d, 0x00, 0x8d, 0x8d, 0x8d, 0x00,
    0x8d, 0x8d, 0x8d, 0x00, 0x8d, 0x8d, 0x8d, 0x00, 0x8d, 0x8d, 0x8d, 0x00, 0x8d, 0x8d, 0x8d, 0x00, 0x8d, 0x8d, 0x8d, 0x00, 0x8d, 0x8d, 0x8d, 0x00, 0x8d, 0x8d, 0x8d, 0x00, 0x8d, 0x8d, 0x8d, 0x00,
    0x8d, 0x8d, 0x8d, 0x00, 0x8d, 0x8d, 0x8d, 0x00, 0x8d, 0x8d, 0x8d, 0x00, 0x8d, 0x8d, 0x8d, 0x00, 0x8d, 0x8d, 0x8d, 0x00, 0x8d, 0x8d, 0x8d, 0x00, 0x8d, 0x8d, 0x8d, 0x00, 0x8d, 0x8d, 0x8d, 0x00,
    0x8d, 0x8d, 0x8d, 0x00, 0x8d, 0x8d, 0x8d, 0x00, 0x8d, 0x8d, 0x8d, 0x00, 0x8d, 0x8d, 0x8d, 0x00, 0x8d, 0x8d, 0x8d, 0x00, 0x8d, 0x8d, 0x8d, 0x00, 0x8d, 0x8d, 0x8d, 0x00, 0x8d, 0x8d, 0x8d, 0x00,
    0x8d, 0x8d, 0x8d, 0x00, 0x8d, 0x8d, 0x8d, 0x00, 0x8d, 0x8d, 0x8d, 0x00, 0x8d, 0x8d, 0x8d, 0x00, 0x8d, 0x8d, 0x8d, 0x00, 0x8d, 0x8d, 0x8d, 0x00, 0x8d, 0x8d, 0x8d, 0x00, 0x8d, 0x8d, 0x8d, 0x00,
    0x8d, 0x8d, 0x8d, 0x00, 0x8d, 0x8d, 0x8d, 0x00, 0x8d, 0x8d, 0x8d, 0x00, 0x8d, 0x8d, 0x8d, 0x00, 0x8d, 0x8d, 0x8d, 0x00, 0x8d, 0x8d, 0x8d, 0x00, 0x8d, 0x8d, 0x8d, 0x00, 0x8d, 0x8d, 0x8d, 0x00,
    0x8d, 0x8d, 0x8d, 0x00, 0x8d, 0x8d, 0x8d, 0x00, 0x8d, 0x8d, 0x8d, 0x00, 0x8d, 0x8d, 0x8d, 0x00, 0x8d, 0x8d, 0x8d, 0x00, 0x8d, 0x8d, 0x8d, 0x00, 0x8d, 0x8d, 0x8d, 0x00, 0x8d, 0x8d, 0x8d, 0x00,
    0x8d, 0x8d, 0x8d, 0x00, 0x8d, 0x8d, 0x8d, 0x00, 0x8d, 0x8d, 0x8d, 0x00, 0x8d, 0x8d, 0x8d, 0x00, 0x8d, 0x8d, 0x8d, 0x00, 0x8d, 0x8d, 0x8d, 0x08, 0x8d, 0x8d, 0x8d, 0x44, 0x8d, 0x8d, 0x8d, 0xa1,
    0x8d, 0x8d, 0x8d, 0xf0, 0x8d, 0x8d, 0x8d, 0xff, 0x8d, 0x8d, 0x8d, 0xff, 0x8d, 0x8d, 0x8d, 0xff, 0x8d, 0x8d, 0x8d, 0xff, 0x8d, 0x8d, 0x8d, 0xff, 0x8d, 0x8d, 0x8d, 0xff, 0x8d, 0x8d, 0x8d, 0xff,
    0x8d, 0x8d, 0x8d, 0xff, 0x8d, 0x8d, 0x8d, 0xff, 0x8d, 0x8d, 0x8d, 0xff, 0x8d, 0x8d, 0x8d, 0xff, 0x8d, 0x8d, 0x8d, 0xff, 0x8d, 0x8d, 0x8d, 0xff, 0x8d, 0x8d, 0x8d, 0xff, 0x8d, 0x8d, 0x8d, 0xff,
    0x8d, 0x8d, 0x8d, 0xff, 0x8d, 0x8d, 0x8d, 0xff, 0x8d, 0x8d, 0x8d, 0xff, 0x8d, 0x8d, 0x8d, 0xff, 0x8d, 0x8d, 0x8d, 0xff, 0x8d, 0x8d, 0x8d, 0xff, 0x8d, 0x8d, 0x8d, 0xff, 0x8d, 0x8d, 0x8d, 0xff,
    0x8d, 0x8d, 0x8d, 0xff, 0x8d, 0x8d, 0x8d, 0xff, 0x8d, 0x8d, 0x8d, 0xff, 0x8d, 0x8d, 0x8d, 0xff, 0x8d, 0x8d, 0x8d, 0xff, 0x8d, 0x8d, 0x8d, 0xff, 0x8d, 0x8d, 0x8d, 0xff, 0x8d, 0x8d, 0x8d, 0xff,
    0x8d, 0x8d, 0x8d, 0xff, 0x8d, 0x8d, 0x8d, 0xf0, 0x8d, 0x8d, 0x8d, 0xa1, 0x8d, 0x8d, 0x8d, 0x44, 0x8d, 0x8d, 0x8d, 0x08, 0x8d, 0x8d, 0x8d, 0x00, 0x8d, 0x8d, 0x8d, 0x00, 0x8d, 0x8d, 0x8d, 0x00,
    0x8d, 0x8d, 0x8d, 0x00, 0x8d, 0x8d, 0x8d, 0x00, 0x8d, 0x8d, 0x8d, 0x00, 0x8d, 0x8d, 0x8d, 0x00, 0x8d, 0x8d, 0x8d, 0x00, 0x8d, 0x8d, 0x8d, 0x00, 0x8d, 0x8d, 0x8d, 0x00, 0x8d, 0x8d, 0x8d, 0x00,
    0x8d, 0x8d, 0x8d, 0x00, 0x8d, 0x8d, 0x8d, 0x00, 0x8d, 0x8d, 0x8d, 0x00, 0x8d, 0x8d, 0x8d, 0x00, 0x8d, 0x8d, 0x8d, 0x00, 0x8d, 0x8d, 0x8d, 0x00, 0x8d, 0x8d, 0x8d, 0x00, 0x8d, 0x8d, 0x8d, 0x00,
    0x8d, 0x8d, 0x8d, 0x00, 0x8d, 0x8d, 0x8d, 0x00, 0x8d, 0x8d, 0x8d, 0x00, 0x8d, 0x8d, 0x8d, 0x00, 0x8d, 0x8d, 0x8d, 0x00, 0x8d, 0x8d, 0x8d, 0x00, 0x8d, 0x8d, 0x8d, 0x00, 0x8d, 0x8d, 0x8d, 0x00,
    0x8d, 0x8d, 0x8d, 0x00, 0x8d, 0x8d, 0x8d, 0x00, 0x8d, 0x8d, 0x8d, 0x00, 0x8d, 0x8d, 0x8d, 0x00, 0x8d, 0x8d, 0x8d, 0x00, 0x8d, 0x8d, 0x8d, 0x00, 0x8d, 0x8d, 0x8d, 0x00, 0x8d, 0x8d, 0x8d, 0x00,
    0x8d, 0x8d, 0x8d, 0x00, 0x8d, 0x8d, 0x8d, 0x00, 0x8d, 0x8d, 0x8d, 0x00, 0x8d, 0x8d, 0x8d, 0x00, 0x8d, 0x8d, 0x8d, 0x00, 0x8d, 0x8d, 0x8d, 0x00, 0x8d, 0x8d, 0x8d, 0x00, 0x8d, 0x8d, 0x8d, 0x00,
    0x8d, 0x8d, 0x8d, 0x00, 0x8d, 0x8d, 0x8d, 0x00, 0x8d, 0x8d, 0x8d, 0x00, 0x8d, 0x8d, 0x8d, 0x00, 0x8d, 0x8d, 0x8d, 0x00, 0x8d, 0x8d, 0x8d, 0x00, 0x8d, 0x8d, 0x8d, 0x00, 0x8d, 0x8d, 0x8d, 0x00,
    0x8d, 0x8d, 0x8d, 0x00, 0x8d, 0x8d, 0x8d, 0x00, 0x8d, 0x8d, 0x8d, 0x00, 0x8d, 0x8d, 0x8d, 0x00, 0x8d, 0x8d, 0x8d, 0x00, 0x8d, 0x8d, 0x8d, 0x00, 0x8d, 0x8d, 0x8d, 0x00, 0x8d, 0x8d, 0x8d, 0x00,
    0x8d, 0x8d, 0x8d, 0x00, 0x8d, 0x8d, 0x8d, 0x00, 0x8d, 0x8d, 0x8d, 0x00, 0x8d, 0x8d, 0x8d, 0x00, 0x8d, 0x8d, 0x8d, 0x00, 0x8d, 0x8d, 0x8d, 0x00, 0x8d, 0x8d, 0x8d, 0x00, 0x8d, 0x8d, 0x8d, 0x00,
    0x8d, 0x8d, 0x8d, 0x00, 0x8d, 0x8d, 0x8d, 0x00, 0x8d, 0x8d, 0x8d, 0x00, 0x8d, 0x8d, 0x8d, 0x00, 0x8d, 0x8d, 0x8d, 0x00, 0x8d, 0x8d, 0x8d, 0x00, 0x8d, 0x8d, 0x8d, 0x00, 0x8d, 0x8d, 0x8d, 0x00,
    0x8d, 0x8d, 0x8d, 0x00, 0x8d, 0x8d, 0x8d, 0x00, 0x8d, 0x8d, 0x8d, 0x00, 0x8d, 0x8d, 0x8d, 0x00, 0x8d, 0x8d, 0x8d, 0x00, 0x8d, 0x8d, 0x8d, 0x00, 0x8d, 0x8d, 0x8d, 0x00, 0x8d, 0x8d, 0x8d, 0x00,
    0x8d, 0x8d, 0x8d, 0x00, 0x8d, 0x8d, 0x8d, 0x00, 0x8d, 0x8d, 0x8d, 0x00, 0x8d, 0x8d, 0x8d, 0x00, 0x8d, 0x8d, 0x8d, 0x00, 0x8d, 0x8d, 0x8d, 0x1f, 0x8d, 0x8d, 0x8d, 0x77, 0x8d, 0x8d, 0x8d, 0xda,
    0x8d, 0x8d, 0x8d, 0xff, 0x8d, 0x8d, 0x8d, 0xff, 0x8d, 0x8d, 0x8d, 0xff, 0x8d, 0x8d, 0x8d, 0xff, 0x8d, 0x8d, 0x8d, 0xff, 0x8d, 0x8d, 0x8d, 0xff, 0x8d, 0x8d, 0x8d, 0xff, 0x8d, 0x8d, 0x8d, 0xff,
    0x8d, 0x8d, 0x8d, 0xff, 0x8d, 0x8d, 0x8d, 0xff, 0x8d, 0x8d, 0x8d, 0xff, 0x8d, 0x8d, 0x8d, 0xff, 0x8d, 0x8d, 0x8d, 0xff, 0x8d, 0x8d, 0x8d, 0xff, 0x8d, 0x8d, 0x8d, 0xff, 0x8d, 0x8d, 0x8d, 0xff,
    0x8d, 0x8d, 0x8d, 0xff, 0x8d, 0x8d, 0x8d, 0xff, 0x8d, 0x8d, 0x8d, 0xff, 0x8d, 0x8d, 0x8d, 0xff, 0x8d, 0x8d, 0x8d, 0xff, 0x8d, 0x8d, 0x8d, 0xff, 0x8d, 0x8d, 0x8d, 0xff, 0x8d, 0x8d, 0x8d, 0xff,
    0x8d, 0x8d, 0x8d, 0xff, 0x8d, 0x8d, 0x8d, 0xff, 0x8d, 0x8d, 0x8d, 0xff, 0x8d, 0x8d, 0x8d, 0xff, 0x8d, 0x8d, 0x8d, 0xff, 0x8d, 0x8d, 0x8d, 0xff, 0x8d, 0x8d, 0x8d, 0xda, 0x8d, 0x8d, 0x8d, 0x77,
    0x8d, 0x8d, 0x8d, 0x1f, 0x8d, 0x8d, 0x8d, 0x00, 0x8d, 0x8d, 0x8d, 0x00, 0x8d, 0x8d, 0x8d, 0x00, 0x8d, 0x8d, 0x8d, 0x00, 0x8d, 0x8d, 0x8d, 0x00, 0x8d, 0x8d, 0x8d, 0x00, 0x8d, 0x8d, 0x8d, 0x00,
    0x8d, 0x8d, 0x8d, 0x00, 0x8d, 0x8d, 0x8d, 0x00, 0x8d, 0x8d, 0x8d, 0x00, 0x8d, 0x8d, 0x8d, 0x00, 0x8d, 0x8d, 0x8d, 0x00, 0x8d, 0x8d, 0x8d, 0x00, 0x8d, 0x8d, 0x8d, 0x00, 0x8d, 0x8d, 0x8d, 0x00,
    0x8d, 0x8d, 0x8d, 0x00, 0x8d, 0x8d, 0x8d, 0x00, 0x8d, 0x8d, 0x8d, 0x00, 0x8d, 0x8d, 0x8d, 0x00, 0x8d, 0x8d, 0x8d, 0x00, 0x8d, 0x8d, 0x8d, 0x00, 0x8d, 0x8d, 0x8d, 0x00, 0x8d, 0x8d, 0x8d, 0x00,
    0x8d, 0x8d, 0x8d, 0x00, 0x8d, 0x8d, 0x8d, 0x00, 0x8d, 0x8d, 0x8d, 0x00, 0x8d, 0x8d, 0x8d, 0x00, 0x8d, 0x8d, 0x8d, 0x00, 0x8d, 0x8d, 0x8d, 0x00, 0x8d, 0x8d, 0x8d, 0x00, 0x8d, 0x8d, 0x8d, 0x00,
    0x8d, 0x8d, 0x8d, 0x00, 0x8d, 0x8d, 0x8d, 0x00, 0x8d, 0x8d, 0x8d, 0x00, 0x8d, 0x8d, 0x8d, 0x00, 0x8d, 0x8d, 0x8d, 0x00, 0x8d, 0x8d, 0x8d, 0x00, 0x8d, 0x8d, 0x8d, 0x00, 0x8d, 0x8d, 0x8d, 0x00,
    0x8d, 0x8d, 0x8d, 0x00, 0x8d, 0x8d, 0x8d, 0x00, 0x8d, 0x8d, 0x8d, 0x00, 0x8d, 0x8d, 0x8d, 0x00, 0x8d, 0x8d, 0x8d, 0x00, 0x8d, 0x8d, 0x8d, 0x00, 0x8d, 0x8d, 0x8d, 0x00, 0x8d, 0x8d, 0x8d, 0x00,
    0x8d, 0x8d, 0x8d, 0x00, 0x8d, 0x8d, 0x8d, 0x00, 0x8d, 0x8d, 0x8d, 0x00, 0x8d, 0x8d, 0x8d, 0x00, 0x8d, 0x8d, 0x8d, 0x00, 0x8d, 0x8d, 0x8d, 0x00, 0x8d, 0x8d, 0x8d, 0x00, 0x8d, 0x8d, 0x8d, 0x00,
    0x8d, 0x8d, 0x8d, 0x00, 0x8d, 0x8d, 0x8d, 0x00, 0x8d, 0x8d, 0x8d, 0x00, 0x8d, 0x8d, 0x8d, 0x00, 0x8d, 0x8d, 0x8d, 0x00, 0x8d, 0x8d, 0x8d, 0x00, 0x8d, 0x8d, 0x8d, 0x00, 0x8d, 0x8d, 0x8d, 0x00,
    0x8d, 0x8d, 0x8d, 0x00, 0x8d, 0x8d, 0x8d, 0x00, 0x8d, 0x8d, 0x8d, 0x00, 0x8d, 0x8d, 0x8d, 0x00, 0x8d, 0x8d, 0x8d, 0x00, 0x8d, 0x8d, 0x8d, 0x00, 0x8d, 0x8d, 0x8d, 0x00, 0x8d, 0x8d, 0x8d, 0x00,
    0x8d, 0x8d, 0x8d, 0x00, 0x8d, 0x8d, 0x8d, 0x00, 0x8d, 0x8d, 0x8d, 0x00, 0x8d, 0x8d, 0x8d, 0x00, 0x8d, 0x8d, 0x8d, 0x00, 0x8d, 0x8d, 0x8d, 0x00, 0x8d, 0x8d, 0x8d, 0x00, 0x8d, 0x8d, 0x8d, 0x00,
    0x8d, 0x8d, 0x8d, 0x00, 0x8d, 0x8d, 0x8d, 0x00, 0x8d, 0x8d, 0x8d, 0x00, 0x8d, 0x8d, 0x8d, 0x00, 0x8d, 0x8d, 0x8d, 0x00, 0x8d, 0x8d, 0x8d, 0x00, 0x8d, 0x8d, 0x8d, 0x00, 0x8d, 0x8d, 0x8d, 0x00,
    0x8d, 0x8d, 0x8d, 0x00, 0x8d, 0x8d, 0x8d, 0x00, 0x8d, 0x8d, 0x8d, 0x00, 0x8d, 0x8d, 0x8d, 0x00, 0x8d, 0x8d, 0x8d, 0x04, 0x8d, 0x8d, 0x8d, 0x48, 0x8d, 0x8d, 0x8d, 0xb7, 0x8d, 0x8d, 0x8d, 0xfe,
    0x8d, 0x8d, 0x8d, 0xff, 0x8d, 0x8d, 0x8d, 0xff, 0x8d, 0x8d, 0x8d, 0xff, 0x8d, 0x8d, 0x8d, 0xff, 0x8d, 0x8d, 0x8d, 0xff, 0x8d, 0x8d, 0x8d, 0xff, 0x8d, 0x8d, 0x8d, 0xff, 0x8d, 0x8d, 0x8d, 0xff,
    0x8d, 0x8d, 0x8d, 0xff, 0x8d, 0x8d, 0x8d, 0xff, 0x8d, 0x8d, 0x8d, 0xff, 0x8d, 0x8d, 0x8d, 0xff, 0x8d, 0x8d, 0x8d, 0xff, 0x8d, 0x8d, 0x8d, 0xff, 0x8d, 0x8d, 0x8d, 0xff, 0x8d, 0x8d, 0x8d, 0xff,
    0x8d, 0x8d, 0x8d, 0xff, 0x8d, 0x8d, 0x8d, 0xff, 0x8d, 0x8d, 0x8d, 0xff, 0x8d, 0x8d, 0x8d, 0xff, 0x8d, 0x8d, 0x8d, 0xff, 0x8d, 0x8d, 0x8d, 0xff, 0x8d, 0x8d, 0x8d, 0xff, 0x8d, 0x8d, 0x8d, 0xff,
    0x8d, 0x8d, 0x8d, 0xff, 0x8d, 0x8d, 0x8d, 0xff, 0x8d, 0x8d, 0x8d, 0xfe, 0x8d, 0x8d, 0x8d, 0xb7, 0x8d, 0x8d, 0x8d, 0x48, 0x8d, 0x8d, 0x8d, 0x04, 0x8d, 0x8d, 0x8d, 0x00, 0x8d, 0x8d, 0x8d, 0x00,
    0x8d, 0x8d, 0x8d, 0x00, 0x8d, 0x8d, 0x8d, 0x00, 0x8d, 0x8d, 0x8d, 0x00, 0x8d, 0x8d, 0x8d, 0x00, 0x8d, 0x8d, 0x8d, 0x00, 0x8d, 0x8d, 0x8d, 0x00, 0x8d, 0x8d, 0x8d, 0x00, 0x8d, 0x8d, 0x8d, 0x00,
    0x8d, 0x8d, 0x8d, 0x00, 0x8d, 0x8d, 0x8d, 0x00, 0x8d, 0x8d, 0x8d, 0x00, 0x8d, 0x8d, 0x8d, 0x00, 0x8d, 0x8d, 0x8d, 0x00, 0x8d, 0x8d, 0x8d, 0x00, 0x8d, 0x8d, 0x8d, 0x00, 0x8d, 0x8d, 0x8d, 0x00,
    0x8d, 0x8d, 0x8d, 0x00, 0x8d, 0x8d, 0x8d, 0x00, 0x8d, 0x8d, 0x8d, 0x00, 0x8d, 0x8d, 0x8d, 0x00, 0x8d, 0x8d, 0x8d, 0x00, 0x8d, 0x8d, 0x8d, 0x00, 0x8d, 0x8d, 0x8d, 0x00, 0x8d, 0x8d, 0x8d, 0x00,
    0x8d, 0x8d, 0x8d, 0x00, 0x8d, 0x8d, 0x8d, 0x00, 0x8d, 0x8d, 0x8d, 0x00, 0x8d, 0x8d, 0x8d, 0x00, 0x8d, 0x8d, 0x8d, 0x00, 0x8d, 0x8d, 0x8d, 0x00, 0x8d, 0x8d, 0x8d, 0x00, 0x8d, 0x8d, 0x8d, 0x00,
    0x8d, 0x8d, 0x8d, 0x00, 0x8d, 0x8d, 0x8d, 0x00, 0x8d, 0x8d, 0x8d, 0x00, 0x8d, 0x8d, 0x8d, 0x00, 0x8d, 0x8d, 0x8d, 0x00, 0x8d, 0x8d, 0x8d, 0x00, 0x8d, 0x8d, 0x8d, 0x00, 0x8d, 0x8d, 0x8d, 0x00,
    0x8d, 0x8d, 0x8d, 0x00, 0x8d, 0x8d, 0x8d, 0x00, 0x8d, 0x8d, 0x8d, 0x00, 0x8d, 0x8d, 0x8d, 0x00, 0x8d, 0x8d, 0x8d, 0x00, 0x8d, 0x8d, 0x8d, 0x00, 0x8d, 0x8d, 0x8d, 0x00, 0x8d, 0x8d, 0x8d, 0x00,
    0x8d, 0x8d, 0x8d, 0x00, 0x8d, 0x8d, 0x8d, 0x00, 0x8d, 0x8d, 0x8d, 0x00, 0x8d, 0x8d, 0x8d, 0x00, 0x8d, 0x8d, 0x8d, 0x00, 0x8d, 0x8d, 0x8d, 0x00, 0x8d, 0x8d, 0x8d, 0x00, 0x8d, 0x8d, 0x8d, 0x00,
    0x8d, 0x8d, 0x8d, 0x00, 0x8d, 0x8d, 0x8d, 0x00, 0x8d, 0x8d, 0x8d, 0x00, 0x8d, 0x8d, 0x8d, 0x00, 0x8d, 0x8d, 0x8d, 0x00, 0x8d, 0x8d, 0x8d, 0x00, 0x8d, 0x8d, 0x8d, 0x00, 0x8d, 0x8d, 0x8d, 0x00,
    0x8d, 0x8d, 0x8d, 0x00, 0x8d, 0x8d, 0x8d, 0x00, 0x8d, 0x8d, 0x8d, 0x00, 0x8d, 0x8d, 0x8d, 0x00, 0x8d, 0x8d, 0x8d, 0x00, 0x8d, 0x8d, 0x8d, 0x00, 0x8d, 0x8d, 0x8d, 0x00, 0x8d, 0x8d, 0x8d, 0x00,
    0x8d, 0x8d, 0x8d, 0x00, 0x8d, 0x8d, 0x8d, 0x00, 0x8d, 0x8d, 0x8d, 0x00, 0x8d, 0x8d, 0x8d, 0x00, 0x8d, 0x8d, 0x8d, 0x00, 0x8d, 0x8d, 0x8d, 0x00, 0x8d, 0x8d, 0x8d, 0x00, 0x8d, 0x8d, 0x8d, 0x00,
    0x8d, 0x8d, 0x8d, 0x00, 0x8d, 0x8d, 0x8d, 0x00, 0x8d, 0x8d, 0x8d, 0x00, 0x8d, 0x8d, 0x8d, 0x00, 0x8d, 0x8d, 0x8d, 0x00, 0x8d, 0x8d, 0x8d, 0x00, 0x8d, 0x8d, 0x8d, 0x00, 0x8d, 0x8d, 0x8d, 0x00,
    0x8d, 0x8d, 0x8d, 0x00, 0x8d, 0x8d, 0x8d, 0x00, 0x8d, 0x8d, 0x8d, 0x00, 0x8d, 0x8d, 0x8d, 0x00, 0x8d, 0x8d, 0x8d, 0x1b, 0x8d, 0x8d, 0x8d, 0x88, 0x8d, 0x8d, 0x8d, 0xf3, 0x8d, 0x8d, 0x8d, 0xff,
    0x8d, 0x8d, 0x8d, 0xff, 0x8d, 0x8d, 0x8d, 0xff, 0x8d, 0x8d, 0x8d, 0xff, 0x8d, 0x8d, 0x8d, 0xff, 0x8d, 0x8d, 0x8d, 0xff, 0x8d, 0x8d, 0x8d, 0xff, 0x8d, 0x8d, 0x8d, 0xff, 0x8d, 0x8d, 0x8d, 0xff,
    0x8d, 0x8d, 0x8d, 0xff, 0x8d, 0x8d, 0x8d, 0xff, 0x8d, 0x8d, 0x8d, 0xff, 0x8d, 0x8d, 0x8d, 0xff, 0x8d, 0x8d, 0x8d, 0xff, 0x8d, 0x8d, 0x8d, 0xff, 0x8d, 0x8d, 0x8d, 0xff, 0x8d, 0x8d, 0x8d, 0xff,
    0x8d, 0x8d, 0x8d, 0xff, 0x8d, 0x8d, 0x8d, 0xff, 0x8d, 0x8d, 0x8d, 0xff, 0x8d, 0x8d, 0x8d, 0xff, 0x8d, 0x8d, 0x8d, 0xff, 0x8d, 0x8d, 0x8d, 0xff, 0x8d, 0x8d, 0x8d, 0xff, 0x8d, 0x8d, 0x8d, 0xf3,
    0x8d, 0x8d, 0x8d, 0x88, 0x8d, 0x8d, 0x8d, 0x1b, 0x8d, 0x8d, 0x8d, 0x00, 0x8d, 0x8d, 0x8d, 0x00, 0x8d, 0x8d, 0x8d, 0x00, 0x8d, 0x8d, 0x8d, 0x00, 0x8d, 0x8d, 0x8d, 0x00, 0x8d, 0x8d, 0x8d, 0x00,
    0x8d, 0x8d, 0x8d, 0x00, 0x8d, 0x8d, 0x8d, 0x00, 0x8d, 0x8d, 0x8d, 0x00, 0x8d, 0x8d, 0x8d, 0x00, 0x8d, 0x8d, 0x8d, 0x00, 0x8d, 0x8d, 0x8d, 0x00, 0x8d, 0x8d, 0x8d, 0x00, 0x8d, 0x8d, 0x8d, 0x00,
    0x8d, 0x8d, 0x8d, 0x00, 0x8d, 0x8d, 0x8d, 0x00, 0x8d, 0x8d, 0x8d, 0x00, 0x8d, 0x8d, 0x8d, 0x00, 0x8d, 0x8d, 0x8d, 0x00, 0x8d, 0x8d, 0x8d, 0x00, 0x8d, 0x8d, 0x8d, 0x00, 0x8d, 0x8d, 0x8d, 0x00,
    0x8d, 0x8d, 0x8d, 0x00, 0x8d, 0x8d, 0x8d, 0x00, 0x8d, 0x8d, 0x8d, 0x00, 0x8d, 0x8d, 0x8d, 0x00, 0x8d, 0x8d, 0x8d, 0x00, 0x8d, 0x8d, 0x8d, 0x00, 0x8d, 0x8d, 0x8d, 0x00, 0x8d, 0x8d, 0x8d, 0x00,
    0x8d, 0x8d, 0x8d, 0x00, 0x8d, 0x8d, 0x8d, 0x00, 0x8d, 0x8d, 0x8d, 0x00, 0x8d, 0x8d, 0x8d, 0x00, 0x8d, 0x8d, 0x8d, 0x00, 0x8d, 0x8d, 0x8d, 0x00, 0x8d, 0x8d, 0x8d, 0x00, 0x8d, 0x8d, 0x8d, 0x00,
    0x8d, 0x8d, 0x8d, 0x00, 0x8d, 0x8d, 0x8d, 0x00, 0x8d, 0x8d, 0x8d, 0x00, 0x8d, 0x8d, 0x8d, 0x00, 0x8d, 0x8d, 0x8d, 0x00, 0x8d, 0x8d, 0x8d, 0x00, 0x8d, 0x8d, 0x8d, 0x00, 0x8d, 0x8d, 0x8d, 0x00,
    0x8d, 0x8d, 0x8d, 0x00, 0x8d, 0x8d, 0x8d, 0x00, 0x8d, 0x8d, 0x8d, 0x00, 0x8d, 0x8d, 0x8d, 0x00, 0x8d, 0x8d, 0x8d, 0x00, 0x8d, 0x8d, 0x8d, 0x00, 0x8d, 0x8d, 0x8d, 0x00, 0x8d, 0x8d, 0x8d, 0x00,
    0x8d, 0x8d, 0x8d, 0x00, 0x8d, 0x8d, 0x8d, 0x00, 0x8d, 0x8d, 0x8d, 0x00, 0x8d, 0x8d, 0x8d, 0x00, 0x8d, 0x8d, 0x8d, 0x00, 0x8d, 0x8d, 0x8d, 0x00, 0x8d, 0x8d, 0x8d, 0x00, 0x8d, 0x8d, 0x8d, 0x00,
    0x8d, 0x8d, 0x8d, 0x00, 0x8d, 0x8d, 0x8d, 0x00, 0x8d, 0x8d, 0x8d, 0x00, 0x8d, 0x8d, 0x8d, 0x00, 0x8d, 0x8d, 0x8d, 0x00, 0x8d, 0x8d, 0x8d, 0x00, 0x8d, 0x8d, 0x8d, 0x00, 0x8d, 0x8d, 0x8d, 0x00,
    0x8d, 0x8d, 0x8d, 0x00, 0x8d, 0x8d, 0x8d, 0x00, 0x8d, 0x8d, 0x8d, 0x00, 0x8d, 0x8d, 0x8d, 0x00, 0x8d, 0x8d, 0x8d, 0x00, 0x8d, 0x8d, 0x8d, 0x00, 0x8d, 0x8d, 0x8d, 0x00, 0x8d, 0x8d, 0x8d, 0x00,
    0x8d, 0x8d, 0x8d, 0x00, 0x8d, 0x8d, 0x8d, 0x00, 0x8d, 0x8d, 0x8d, 0x00, 0x8d, 0x8d, 0x8d, 0x00, 0x8d, 0x8d, 0x8d, 0x00, 0x8d, 0x8d, 0x8d, 0x00, 0x8d, 0x8d, 0x8d, 0x00, 0x8d, 0x8d, 0x8d, 0x00,
    0x8d, 0x8d, 0x8d, 0x00, 0x8d, 0x8d, 0x8d, 0x00, 0x8d, 0x8d, 0x8d, 0x00, 0x8d, 0x8d, 0x8d, 0x00, 0x8d, 0x8d, 0x8d, 0x00, 0x8d, 0x8d, 0x8d, 0x00, 0x8d, 0x8d, 0x8d, 0x00, 0x8d, 0x8d, 0x8d, 0x00,
    0x8d, 0x8d, 0x8d, 0x00, 0x8d, 0x8d, 0x8d, 0x00, 0x8d, 0x8d, 0x8d, 0x00, 0x8d, 0x8d, 0x8d, 0x00, 0x8d, 0x8d, 0x8d, 0x4e, 0x8d, 0x8d, 0x8d, 0xd5, 0x8d, 0x8d, 0x8d, 0xff, 0x8d, 0x8d, 0x8d, 0xff,
    0x8d, 0x8d, 0x8d, 0xff, 0x8d, 0x8d, 0x8d, 0xff, 0x8d, 0x8d, 0x8d, 0xff, 0x8d, 0x8d, 0x8d, 0xff, 0x8d, 0x8d, 0x8d, 0xff, 0x8d, 0x8d, 0x8d, 0xff, 0x8d, 0x8d, 0x8d, 0xfb, 0x8d, 0x8d, 0x8d, 0xe8,
    0x8d, 0x8d, 0x8d, 0xd9, 0x8d, 0x8d, 0x8d, 0xd9, 0x8d, 0x8d, 0x8d, 0xe8, 0x8d, 0x8d, 0x8d, 0xfb, 0x8d, 0x8d, 0x8d, 0xff, 0x8d, 0x8d, 0x8d, 0xff, 0x8d, 0x8d, 0x8d, 0xff, 0x8d, 0x8d, 0x8d, 0xff,
    0x8d, 0x8d, 0x8d, 0xff, 0x8d, 0x8d, 0x8d, 0xff, 0x8d, 0x8d, 0x8d, 0xff, 0x8d, 0x8d, 0x8d, 0xff, 0x8d, 0x8d, 0x8d, 0xd5, 0x8d, 0x8d, 0x8d, 0x4e, 0x8d, 0x8d, 0x8d, 0x00, 0x8d, 0x8d, 0x8d, 0x00,
    0x8d, 0x8d, 0x8d, 0x00, 0x8d, 0x8d, 0x8d, 0x00, 0x8d, 0x8d, 0x8d, 0x00, 0x8d, 0x8d, 0x8d, 0x00, 0x8d, 0x8d, 0x8d, 0x00, 0x8d, 0x8d, 0x8d, 0x00, 0x8d, 0x8d, 0x8d, 0x00, 0x8d, 0x8d, 0x8d, 0x00,
    0x8d, 0x8d, 0x8d, 0x00, 0x8d, 0x8d, 0x8d, 0x00, 0x8d, 0x8d, 0x8d, 0x00, 0x8d, 0x8d, 0x8d, 0x00, 0x8d, 0x8d, 0x8d, 0x00, 0x8d, 0x8d, 0x8d, 0x00, 0x8d, 0x8d, 0x8d, 0x00, 0x8d, 0x8d, 0x8d, 0x00,
    0x8d, 0x8d, 0x8d, 0x00, 0x8d, 0x8d, 0x8d, 0x00, 0x8d, 0x8d, 0x8d, 0x00, 0x8d, 0x8d, 0x8d, 0x00, 0x8d, 0x8d, 0x8d, 0x00, 0x8d, 0x8d, 0x8d, 0x00, 0x8d, 0x8d, 0x8d, 0x00, 0x8d, 0x8d, 0x8d, 0x00,
    0x8d, 0x8d, 0x8d, 0x00, 0x8d, 0x8d, 0x8d, 0x00, 0x8d, 0x8d, 0x8d, 0x00, 0x8d, 0x8d, 0x8d, 0x00, 0x8d, 0x8d, 0x8d, 0x00, 0x8d, 0x8d, 0x8d, 0x00, 0x8d, 0x8d, 0x8d, 0x00, 0x8d, 0x8d, 0x8d, 0x00,
    0x8d, 0x8d, 0x8d, 0x00, 0x8d, 0x8d, 0x8d, 0x00, 0x8d, 0x8d, 0x8d, 0x00, 0x8d, 0x8d, 0x8d, 0x00, 0x8d, 0x8d, 0x8d, 0x00, 0x8d, 0x8d, 0x8d, 0x00, 0x8d, 0x8d, 0x8d, 0x00, 0x8d, 0x8d, 0x8d, 0x00,
    0x8d, 0x8d, 0x8d, 0x00, 0x8d, 0x8d, 0x8d, 0x00, 0x8d, 0x8d, 0x8d, 0x00, 0x8d, 0x8d, 0x8d, 0x00, 0x8d, 0x8d, 0x8d, 0x00, 0x8d, 0x8d, 0x8d, 0x00, 0x8d, 0x8d, 0x8d, 0x00, 0x8d, 0x8d, 0x8d, 0x00,
    0x8d, 0x8d, 0x8d, 0x00, 0x8d, 0x8d, 0x8d, 0x00, 0x8d, 0x8d, 0x8d, 0x00, 0x8d, 0x8d, 0x8d, 0x00, 0x8d, 0x8d, 0x8d, 0x00, 0x8d, 0x8d, 0x8d, 0x00, 0x8d, 0x8d, 0x8d, 0x00, 0x8d, 0x8d, 0x8d, 0x00,
    0x8d, 0x8d, 0x8d, 0x00, 0x8d, 0x8d, 0x8d, 0x00, 0x8d, 0x8d, 0x8d, 0x00, 0x8d, 0x8d, 0x8d, 0x00, 0x8d, 0x8d, 0x8d, 0x00, 0x8d, 0x8d, 0x8d, 0x00, 0x8d, 0x8d, 0x8d, 0x00, 0x8d, 0x8d, 0x8d, 0x00,
    0x8d, 0x8d, 0x8d, 0x00, 0x8d, 0x8d, 0x8d, 0x00, 0x8d, 0x8d, 0x8d, 0x00, 0x8d, 0x8d, 0x8d, 0x00, 0x8d, 0x8d, 0x8d, 0x00, 0x8d, 0x8d, 0x8d, 0x00, 0x8d, 0x8d, 0x8d, 0x00, 0x8d, 0x8d, 0x8d, 0x00,
    0x8d, 0x8d, 0x8d, 0x00, 0x8d, 0x8d, 0x8d, 0x00, 0x8d, 0x8d, 0x8d, 0x00, 0x8d, 0x8d, 0x8d, 0x00, 0x8d, 0x8d, 0x8d, 0x00, 0x8d, 0x8d, 0x8d, 0x00, 0x8d, 0x8d, 0x8d, 0x00, 0x8d, 0x8d, 0x8d, 0x00,
    0x8d, 0x8d, 0x8d, 0x00, 0x8d, 0x8d, 0x8d, 0x00, 0x8d, 0x8d, 0x8d, 0x00, 0x8d, 0x8d, 0x8d, 0x00, 0x8d, 0x8d, 0x8d, 0x00, 0x8d, 0x8d, 0x8d, 0x00, 0x8d, 0x8d, 0x8d, 0x00, 0x8d, 0x8d, 0x8d, 0x00,
    0x8d, 0x8d, 0x8d, 0x00, 0x8d, 0x8d, 0x8d, 0x00, 0x8d, 0x8d, 0x8d, 0x00, 0x8d, 0x8d, 0x8d, 0x00, 0x8d, 0x8d, 0x8d, 0x00, 0x8d, 0x8d, 0x8d, 0x00, 0x8d, 0x8d, 0x8d, 0x00, 0x8d, 0x8d, 0x8d, 0x00,
    0x8d, 0x8d, 0x8d, 0x00, 0x8d, 0x8d, 0x8d, 0x00, 0x8d, 0x8d, 0x8d, 0x00, 0x8d, 0x8d, 0x8d, 0x17, 0x8d, 0x8d, 0x8d, 0xa1, 0x8d, 0x8d, 0x8d, 0xff, 0x8d, 0x8d, 0x8d, 0xff, 0x8d, 0x8d, 0x8d, 0xff,
    0x8d, 0x8d, 0x8d, 0xff, 0x8d, 0x8d, 0x8d, 0xff, 0x8d, 0x8d, 0x8d, 0xf3, 0x8d, 0x8d, 0x8d, 0xb3, 0x8d, 0x8d, 0x8d, 0x6d, 0x8d, 0x8d, 0x8d, 0x3f, 0x8d, 0x8d, 0x8d, 0x40, 0x8d, 0x8d, 0x8d, 0x40,
    0x8d, 0x8d, 0x8d, 0x3f, 0x8d, 0x8d, 0x8d, 0x6d, 0x8d, 0x8d, 0x8d, 0xb3, 0x8d, 0x8d, 0x8d, 0xf3, 0x8d, 0x8d, 0x8d, 0xff, 0x8d, 0x8d, 0x8d, 0xff, 0x8d, 0x8d, 0x8d, 0xff, 0x8d, 0x8d, 0x8d, 0xff,
    0x8d, 0x8d, 0x8d, 0xff, 0x8d, 0x8d, 0x8d, 0xa1, 0x8d, 0x8d, 0x8d, 0x17, 0x8d, 0x8d, 0x8d, 0x00, 0x8d, 0x8d, 0x8d, 0x00, 0x8d, 0x8d, 0x8d, 0x00, 0x8d, 0x8d, 0x8d, 0x00, 0x8d, 0x8d, 0x8d, 0x00,
    0x8d, 0x8d, 0x8d, 0x00, 0x8d, 0x8d, 0x8d, 0x00, 0x8d, 0x8d, 0x8d, 0x00, 0x8d, 0x8d, 0x8d, 0x00, 0x8d, 0x8d, 0x8d, 0x00, 0x8d, 0x8d, 0x8d, 0x00, 0x8d, 0x8d, 0x8d, 0x00, 0x8d, 0x8d, 0x8d, 0x00,
    0x8d, 0x8d, 0x8d, 0x00, 0x8d, 0x8d, 0x8d, 0x00, 0x8d, 0x8d, 0x8d, 0x00, 0x8d, 0x8d, 0x8d, 0x00, 0x8d, 0x8d, 0x8d, 0x00, 0x8d, 0x8d, 0x8d, 0x00, 0x8d, 0x8d, 0x8d, 0x00, 0x8d, 0x8d, 0x8d, 0x00,
    0x8d, 0x8d, 0x8d, 0x00, 0x8d, 0x8d, 0x8d, 0x00, 0x8d, 0x8d, 0x8d, 0x00, 0x8d, 0x8d, 0x8d, 0x00, 0x8d, 0x8d, 0x8d, 0x00, 0x8d, 0x8d, 0x8d, 0x00, 0x8d, 0x8d, 0x8d, 0x00, 0x8d, 0x8d, 0x8d, 0x00,
    0x8d, 0x8d, 0x8d, 0x00, 0x8d, 0x8d, 0x8d, 0x00, 0x8d, 0x8d, 0x8d, 0x00, 0x8d, 0x8d, 0x8d, 0x00, 0x8d, 0x8d, 0x8d, 0x00, 0x8d, 0x8d, 0x8d, 0x00, 0x8d, 0x8d, 0x8d, 0x00, 0x8d, 0x8d, 0x8d, 0x00,
    0x8d, 0x8d, 0x8d, 0x00, 0x8d, 0x8d, 0x8d, 0x00, 0x8d, 0x8d, 0x8d, 0x00, 0x8d, 0x8d, 0x8d, 0x00, 0x8d, 0x8d, 0x8d, 0x00, 0x8d, 0x8d, 0x8d, 0x00, 0x8d, 0x8d, 0x8d, 0x00, 0x8d, 0x8d, 0x8d, 0x00,
    0x8d, 0x8d, 0x8d, 0x00, 0x8d, 0x8d, 0x8d, 0x00, 0x8d, 0x8d, 0x8d, 0x00, 0x8d, 0x8d, 0x8d, 0x00, 0x8d, 0x8d, 0x8d, 0x00, 0x8d, 0x8d, 0x8d, 0x00, 0x8d, 0x8d, 0x8d, 0x00, 0x8d, 0x8d, 0x8d, 0x00,
    0x8d, 0x8d, 0x8d, 0x00, 0x8d, 0x8d, 0x8d, 0x00, 0x8d, 0x8d, 0x8d, 0x00, 0x8d, 0x8d, 0x8d, 0x00, 0x8d, 0x8d, 0x8d, 0x00, 0x8d, 0x8d, 0x8d, 0x00, 0x8d, 0x8d, 0x8d, 0x00, 0x8d, 0x8d, 0x8d, 0x00,
    0x8d, 0x8d, 0x8d, 0x00, 0x8d, 0x8d, 0x8d, 0x00, 0x8d, 0x8d, 0x8d, 0x00, 0x8d, 0x8d, 0x8d, 0x00, 0x8d, 0x8d, 0x8d, 0x00, 0x8d, 0x8d, 0x8d, 0x00, 0x8d, 0x8d, 0x8d, 0x00, 0x8d, 0x8d, 0x8d, 0x00,
    0x8d, 0x8d, 0x8d, 0x00, 0x8d, 0x8d, 0x8d, 0x00, 0x8d, 0x8d, 0x8d, 0x00, 0x8d, 0x8d, 0x8d, 0x00, 0x8d, 0x8d, 0x8d, 0x00, 0x8d, 0x8d, 0x8d, 0x00, 0x8d, 0x8d, 0x8d, 0x00, 0x8d, 0x8d, 0x8d, 0x00,
    0x8d, 0x8d, 0x8d, 0x00, 0x8d, 0x8d, 0x8d, 0x00, 0x8d, 0x8d, 0x8d, 0x00, 0x8d, 0x8d, 0x8d, 0x00, 0x8d, 0x8d, 0x8d, 0x00, 0x8d, 0x8d, 0x8d, 0x00, 0x8d, 0x8d, 0x8d, 0x00, 0x8d, 0x8d, 0x8d, 0x00,
    0x8d, 0x8d, 0x8d, 0x00, 0x8d, 0x8d, 0x8d, 0x00, 0x8d, 0x8d, 0x8d, 0x00, 0x8d, 0x8d, 0x8d, 0x00, 0x8d, 0x8d, 0x8d, 0x00, 0x8d, 0x8d, 0x8d, 0x00, 0x8d, 0x8d, 0x8d, 0x00, 0x8d, 0x8d, 0x8d, 0x00,
    0x8d, 0x8d, 0x8d, 0x00, 0x8d, 0x8d, 0x8d, 0x00, 0x8d, 0x8d, 0x8d, 0x00, 0x8d, 0x8d, 0x8d, 0x00, 0x8d, 0x8d, 0x8d, 0x00, 0x8d, 0x8d, 0x8d, 0x00, 0x8d, 0x8d, 0x8d, 0x00, 0x8d, 0x8d, 0x8d, 0x00,
    0x8d, 0x8d, 0x8d, 0x00, 0x8d, 0x8d, 0x8d, 0x00, 0x8d, 0x8d, 0x8d, 0x00, 0x8d, 0x8d, 0x8d, 0x58, 0x8d, 0x8d, 0x8d, 0xf7, 0x8d, 0x8d, 0x8d, 0xff, 0x8d, 0x8d, 0x8d, 0xff, 0x8d, 0x8d, 0x8d, 0xd9,
    0x8d, 0x8d, 0x8d, 0x6d, 0x8d, 0x8d, 0x8d, 0x4f, 0x8d, 0x8d, 0x8d, 0x84, 0x8d, 0x8d, 0x8d, 0xa8, 0x8d, 0x8d, 0x8d, 0xba, 0x8d, 0x8d, 0x8d, 0xba, 0x8d, 0x8d, 0x8d, 0xa8, 0x8d, 0x8d, 0x8d, 0x84,
    0x8d, 0x8d, 0x8d, 0x4f, 0x8d, 0x8d, 0x8d, 0x6d, 0x8d, 0x8d, 0x8d, 0xd9, 0x8d, 0x8d, 0x8d, 0xff, 0x8d, 0x8d, 0x8d, 0xff, 0x8d, 0x8d, 0x8d, 0xf7, 0x8d, 0x8d, 0x8d, 0x58, 0x8d, 0x8d, 0x8d, 0x00,
    0x8d, 0x8d, 0x8d, 0x00, 0x8d, 0x8d, 0x8d, 0x00, 0x8d, 0x8d, 0x8d, 0x00, 0x8d, 0x8d, 0x8d, 0x00, 0x8d, 0x8d, 0x8d, 0x00, 0x8d, 0x8d, 0x8d, 0x00, 0x8d, 0x8d, 0x8d, 0x00, 0x8d, 0x8d, 0x8d, 0x00,
    0x8d, 0x8d, 0x8d, 0x00, 0x8d, 0x8d, 0x8d, 0x00, 0x8d, 0x8d, 0x8d, 0x00, 0x8d, 0x8d, 0x8d, 0x00, 0x8d, 0x8d, 0x8d, 0x00, 0x8d, 0x8d, 0x8d, 0x00, 0x8d, 0x8d, 0x8d, 0x00, 0x8d, 0x8d, 0x8d, 0x00,
    0x8d, 0x8d, 0x8d, 0x00, 0x8d, 0x8d, 0x8d, 0x00, 0x8d, 0x8d, 0x8d, 0x00, 0x8d, 0x8d, 0x8d, 0x00, 0x8d, 0x8d, 0x8d, 0x00, 0x8d, 0x8d, 0x8d, 0x00, 0x8d, 0x8d, 0x8d, 0x00, 0x8d, 0x8d, 0x8d, 0x00,
    0x8d, 0x8d, 0x8d, 0x00, 0x8d, 0x8d, 0x8d, 0x00, 0x8d, 0x8d, 0x8d, 0x00, 0x8d, 0x8d, 0x8d, 0x00, 0x8d, 0x8d, 0x8d, 0x00, 0x8d, 0x8d, 0x8d, 0x00, 0x8d, 0x8d, 0x8d, 0x00, 0x8d, 0x8d, 0x8d, 0x00,
    0x8d, 0x8d, 0x8d, 0x00, 0x8d, 0x8d, 0x8d, 0x00, 0x8d, 0x8d, 0x8d, 0x00, 0x8d, 0x8d, 0x8d, 0x00, 0x8d, 0x8d, 0x8d, 0x00, 0x8d, 0x8d, 0x8d, 0x00, 0x8d, 0x8d, 0x8d, 0x00, 0x8d, 0x8d, 0x8d, 0x00,
    0x8d, 0x8d, 0x8d, 0x00, 0x8d, 0x8d, 0x8d, 0x00, 0x8d, 0x8d, 0x8d, 0x00, 0x8d, 0x8d, 0x8d, 0x00, 0x8d, 0x8d, 0x8d, 0x00, 0x8d, 0x8d, 0x8d, 0x00, 0x8d, 0x8d, 0x8d, 0x00, 0x8d, 0x8d, 0x8d, 0x00,
    0x8d, 0x8d, 0x8d, 0x00, 0x8d, 0x8d, 0x8d, 0x00, 0x8d, 0x8d, 0x8d, 0x00, 0x8d, 0x8d, 0x8d, 0x00, 0x8d, 0x8d, 0x8d, 0x00, 0x8d, 0x8d, 0x8d, 0x00, 0x8d, 0x8d, 0x8d, 0x00, 0x8d, 0x8d, 0x8d, 0x00,
    0x8d, 0x8d, 0x8d, 0x00, 0x8d, 0x8d, 0x8d, 0x00, 0x8d, 0x8d, 0x8d, 0x00, 0x8d, 0x8d, 0x8d, 0x00, 0x8d, 0x8d, 0x8d, 0x00, 0x8d, 0x8d, 0x8d, 0x00, 0x8d, 0x8d, 0x8d, 0x00, 0x8d, 0x8d, 0x8d, 0x00,
    0x8d, 0x8d, 0x8d, 0x00, 0x8d, 0x8d, 0x8d, 0x00, 0x8d, 0x8d, 0x8d, 0x00, 0x8d, 0x8d, 0x8d, 0x00, 0x8d, 0x8d, 0x8d, 0x00, 0x8d, 0x8d, 0x8d, 0x00, 0x8d, 0x8d, 0x8d, 0x00, 0x8d, 0x8d, 0x8d, 0x00,
    0x8d, 0x8d, 0x8d, 0x00, 0x8d, 0x8d, 0x8d, 0x00, 0x8d, 0x8d, 0x8d, 0x00, 0x8d, 0x8d, 0x8d, 0x00, 0x8d, 0x8d, 0x8d, 0x00, 0x8d, 0x8d, 0x8d, 0x00, 0x8d, 0x8d, 0x8d, 0x00, 0x8d, 0x8d, 0x8d, 0x00,
    0x8d, 0x8d, 0x8d, 0x00, 0x8d, 0x8d, 0x8d, 0x00, 0x8d, 0x8d, 0x8d, 0x00, 0x8d, 0x8d, 0x8d, 0x00, 0x8d, 0x8d, 0x8d, 0x00, 0x8d, 0x8d, 0x8d, 0x00, 0x8d, 0x8d, 0x8d, 0x00, 0x8d, 0x8d, 0x8d, 0x00,
    0x8d, 0x8d, 0x8d, 0x00, 0x8d, 0x8d, 0x8d, 0x00, 0x8d, 0x8d, 0x8d, 0x00, 0x8d, 0x8d, 0x8d, 0x00, 0x8d, 0x8d, 0x8d, 0x00, 0x8d, 0x8d, 0x8d, 0x00, 0x8d, 0x8d, 0x8d, 0x00, 0x8d, 0x8d, 0x8d, 0x00,
    0x8d, 0x8d, 0x8d, 0x00, 0x8d, 0x8d, 0x8d, 0x00, 0x8d, 0x8d, 0x8d, 0x00, 0x8d, 0x8d, 0x8d, 0x00, 0x8d, 0x8d, 0x8d, 0x00, 0x8d, 0x8d, 0x8d, 0x00, 0x8d, 0x8d, 0x8d, 0x00, 0x8d, 0x8d, 0x8d, 0x00,
    0x8d, 0x8d, 0x8d, 0x00, 0x8d, 0x8d, 0x8d, 0x00, 0x8d, 0x8d, 0x8d, 0x0f, 0x8d, 0x8d, 0x8d, 0xca, 0x8d, 0x8d, 0x8d, 0xd9, 0x8d, 0x8d, 0x8d, 0x55, 0x8d, 0x8d, 0x8d, 0x71, 0x8d, 0x8d, 0x8d, 0xba,
    0x8d, 0x8d, 0x8d, 0xe9, 0x8d, 0x8d, 0x8d, 0xfb, 0x8d, 0x8d, 0x8d, 0xfe, 0x8d, 0x8d, 0x8d, 0xfe, 0x8d, 0x8d, 0x8d, 0xfb, 0x8d, 0x8d, 0x8d, 0xe9, 0x8d, 0x8d, 0x8d, 0xba, 0x8d, 0x8d, 0x8d, 0x71,
    0x8d, 0x8d, 0x8d, 0x55, 0x8d, 0x8d, 0x8d, 0xd9, 0x8d, 0x8d, 0x8d, 0xca, 0x8d, 0x8d, 0x8d, 0x0f, 0x8d, 0x8d, 0x8d, 0x00, 0x8d, 0x8d, 0x8d, 0x00, 0x8d, 0x8d, 0x8d, 0x00, 0x8d, 0x8d, 0x8d, 0x00,
    0x8d, 0x8d, 0x8d, 0x00, 0x8d, 0x8d, 0x8d, 0x00, 0x8d, 0x8d, 0x8d, 0x00, 0x8d, 0x8d, 0x8d, 0x00, 0x8d, 0x8d, 0x8d, 0x00, 0x8d, 0x8d, 0x8d, 0x00, 0x8d, 0x8d, 0x8d, 0x00, 0x8d, 0x8d, 0x8d, 0x00,
    0x8d, 0x8d, 0x8d, 0x00, 0x8d, 0x8d, 0x8d, 0x00, 0x8d, 0x8d, 0x8d, 0x00, 0x8d, 0x8d, 0x8d, 0x00, 0x8d, 0x8d, 0x8d, 0x00, 0x8d, 0x8d, 0x8d, 0x00, 0x8d, 0x8d, 0x8d, 0x00, 0x8d, 0x8d, 0x8d, 0x00,
    0x8d, 0x8d, 0x8d, 0x00, 0x8d, 0x8d, 0x8d, 0x00, 0x8d, 0x8d, 0x8d, 0x00, 0x8d, 0x8d, 0x8d, 0x00, 0x8d, 0x8d, 0x8d, 0x00, 0x8d, 0x8d, 0x8d, 0x00, 0x8d, 0x8d, 0x8d, 0x00, 0x8d, 0x8d, 0x8d, 0x00,
    0x8d, 0x8d, 0x8d, 0x00, 0x8d, 0x8d, 0x8d, 0x00, 0x8d, 0x8d, 0x8d, 0x00, 0x8d, 0x8d, 0x8d, 0x00, 0x8d, 0x8d, 0x8d, 0x00, 0x8d, 0x8d, 0x8d, 0x00, 0x8d, 0x8d, 0x8d, 0x00, 0x8d, 0x8d, 0x8d, 0x00,
    0x8d, 0x8d, 0x8d, 0x00, 0x8d, 0x8d, 0x8d, 0x00, 0x8d, 0x8d, 0x8d, 0x00, 0x8d, 0x8d, 0x8d, 0x00, 0x8d, 0x8d, 0x8d, 0x00, 0x8d, 0x8d, 0x8d, 0x00, 0x8d, 0x8d, 0x8d, 0x00, 0x8d, 0x8d, 0x8d, 0x00,
    0x8d, 0x8d, 0x8d, 0x00, 0x8d, 0x8d, 0x8d, 0x00, 0x8d, 0x8d, 0x8d, 0x00, 0x8d, 0x8d, 0x8d, 0x00, 0x8d, 0x8d, 0x8d, 0x00, 0x8d, 0x8d, 0x8d, 0x00, 0x8d, 0x8d, 0x8d, 0x00, 0x8d, 0x8d, 0x8d, 0x00,
    0x8d, 0x8d, 0x8d, 0x00, 0x8d, 0x8d, 0x8d, 0x00, 0x8d, 0x8d, 0x8d, 0x00, 0x8d, 0x8d, 0x8d, 0x00, 0x8d, 0x8d, 0x8d, 0x00, 0x8d, 0x8d, 0x8d, 0x00, 0x8d, 0x8d, 0x8d, 0x00, 0x8d, 0x8d, 0x8d, 0x00,
    0x8d, 0x8d, 0x8d, 0x00, 0x8d, 0x8d, 0x8d, 0x00, 0x8d, 0x8d, 0x8d, 0x00, 0x8d, 0x8d, 0x8d, 0x00, 0x8d, 0x8d, 0x8d, 0x00, 0x8d, 0x8d, 0x8d, 0x00, 0x8d, 0x8d, 0x8d, 0x00, 0x8d, 0x8d, 0x8d, 0x00,
    0x8d, 0x8d, 0x8d, 0x00, 0x8d, 0x8d, 0x8d, 0x00, 0x8d, 0x8d, 0x8d, 0x00, 0x8d, 0x8d, 0x8d, 0x00, 0x8d, 0x8d, 0x8d, 0x00, 0x8d, 0x8d, 0x8d, 0x00, 0x8d, 0x8d, 0x8d, 0x00, 0x8d, 0x8d, 0x8d, 0x00,
    0x8d, 0x8d, 0x8d, 0x00, 0x8d, 0x8d, 0x8d, 0x00, 0x8d, 0x8d, 0x8d, 0x00, 0x8d, 0x8d, 0x8d, 0x00, 0x8d, 0x8d, 0x8d, 0x00, 0x8d, 0x8d, 0x8d, 0x00, 0x8d, 0x8d, 0x8d, 0x00, 0x8d, 0x8d, 0x8d, 0x00,
    0x8d, 0x8d, 0x8d, 0x00, 0x8d, 0x8d, 0x8d, 0x00, 0x8d, 0x8d, 0x8d, 0x00, 0x8d, 0x8d, 0x8d, 0x00, 0x8d, 0x8d, 0x8d, 0x00, 0x8d, 0x8d, 0x8d, 0x00, 0x8d, 0x8d, 0x8d, 0x00, 0x8d, 0x8d, 0x8d, 0x00,
    0x8d, 0x8d, 0x8d, 0x00, 0x8d, 0x8d, 0x8d, 0x00, 0x8d, 0x8d, 0x8d, 0x00, 0x8d, 0x8d, 0x8d, 0x00, 0x8d, 0x8d, 0x8d, 0x00, 0x8d, 0x8d, 0x8d, 0x00, 0x8d, 0x8d, 0x8d, 0x00, 0x8d, 0x8d, 0x8d, 0x00,
    0x8d, 0x8d, 0x8d, 0x00, 0x8d, 0x8d, 0x8d, 0x00, 0x8d, 0x8d, 0x8d, 0x00, 0x8d, 0x8d, 0x8d, 0x00, 0x8d, 0x8d, 0x8d, 0x00, 0x8d, 0x8d, 0x8d, 0x00, 0x8d, 0x8d, 0x8d, 0x00, 0x8d, 0x8d, 0x8d, 0x00,
    0x8d, 0x8d, 0x8d, 0x00, 0x8d, 0x8d, 0x8d, 0x00, 0x8d, 0x8d, 0x8d, 0x2e, 0x8d, 0x8d, 0x8d, 0x71, 0x8d, 0x8d, 0x8d, 0xcb, 0x8d, 0x8d, 0x8d, 0xfb, 0x8d, 0x8d, 0x8d, 0xff, 0x8d, 0x8d, 0x8d, 0xff,
    0x8d, 0x8d, 0x8d, 0xff, 0x8d, 0x8d, 0x8d, 0xff, 0x8d, 0x8d, 0x8d, 0xff, 0x8d, 0x8d, 0x8d, 0xff, 0x8d, 0x8d, 0x8d, 0xfb, 0x8d, 0x8d, 0x8d, 0xcb, 0x8d, 0x8d, 0x8d, 0x71, 0x8d, 0x8d, 0x8d, 0x2e,
    0x8d, 0x8d, 0x8d, 0x00, 0x8d, 0x8d, 0x8d, 0x00, 0x8d, 0x8d, 0x8d, 0x00, 0x8d, 0x8d, 0x8d, 0x00, 0x8d, 0x8d, 0x8d, 0x00, 0x8d, 0x8d, 0x8d, 0x00, 0x8d, 0x8d, 0x8d, 0x00, 0x8d, 0x8d, 0x8d, 0x00,
    0x8d, 0x8d, 0x8d, 0x00, 0x8d, 0x8d, 0x8d, 0x00, 0x8d, 0x8d, 0x8d, 0x00, 0x8d, 0x8d, 0x8d, 0x00, 0x8d, 0x8d, 0x8d, 0x00, 0x8d, 0x8d, 0x8d, 0x00, 0x8d, 0x8d, 0x8d, 0x00, 0x8d, 0x8d, 0x8d, 0x00,
    0x8d, 0x8d, 0x8d, 0x00, 0x8d, 0x8d, 0x8d, 0x00, 0x8d, 0x8d, 0x8d, 0x00, 0x8d, 0x8d, 0x8d, 0x00, 0x8d, 0x8d, 0x8d, 0x00, 0x8d, 0x8d, 0x8d, 0x00, 0x8d, 0x8d, 0x8d, 0x00, 0x8d, 0x8d, 0x8d, 0x00,
    0x8d, 0x8d, 0x8d, 0x00, 0x8d, 0x8d, 0x8d, 0x00, 0x8d, 0x8d, 0x8d, 0x00, 0x8d, 0x8d, 0x8d, 0x00, 0x8d, 0x8d, 0x8d, 0x00, 0x8d, 0x8d, 0x8d, 0x00, 0x8d, 0x8d, 0x8d, 0x00, 0x8d, 0x8d, 0x8d, 0x00,
    0x8d, 0x8d, 0x8d, 0x00, 0x8d, 0x8d, 0x8d, 0x00, 0x8d, 0x8d, 0x8d, 0x00, 0x8d, 0x8d, 0x8d, 0x00, 0x8d, 0x8d, 0x8d, 0x00, 0x8d, 0x8d, 0x8d, 0x00, 0x8d, 0x8d, 0x8d, 0x00, 0x8d, 0x8d, 0x8d, 0x00,
    0x8d, 0x8d, 0x8d, 0x00, 0x8d, 0x8d, 0x8d, 0x00, 0x8d, 0x8d, 0x8d, 0x00, 0x8d, 0x8d, 0x8d, 0x00, 0x8d, 0x8d, 0x8d, 0x00, 0x8d, 0x8d, 0x8d, 0x00, 0x8d, 0x8d, 0x8d, 0x00, 0x8d, 0x8d, 0x8d, 0x00,
    0x8d, 0x8d, 0x8d, 0x00, 0x8d, 0x8d, 0x8d, 0x00, 0x8d, 0x8d, 0x8d, 0x00, 0x8d, 0x8d, 0x8d, 0x00, 0x8d, 0x8d, 0x8d, 0x00, 0x8d, 0x8d, 0x8d, 0x00, 0x8d, 0x8d, 0x8d, 0x00, 0x8d, 0x8d, 0x8d, 0x00,
    0x8d, 0x8d, 0x8d, 0x00, 0x8d, 0x8d, 0x8d, 0x00, 0x8d, 0x8d, 0x8d, 0x00, 0x8d, 0x8d, 0x8d, 0x00, 0x8d, 0x8d, 0x8d, 0x00, 0x8d, 0x8d, 0x8d, 0x00, 0x8d, 0x8d, 0x8d, 0x00, 0x8d, 0x8d, 0x8d, 0x00,
    0x8d, 0x8d, 0x8d, 0x00, 0x8d, 0x8d, 0x8d, 0x00, 0x8d, 0x8d, 0x8d, 0x00, 0x8d, 0x8d, 0x8d, 0x00, 0x8d, 0x8d, 0x8d, 0x00, 0x8d, 0x8d, 0x8d, 0x00, 0x8d, 0x8d, 0x8d, 0x00, 0x8d, 0x8d, 0x8d, 0x00,
    0x8d, 0x8d, 0x8d, 0x00, 0x8d, 0x8d, 0x8d, 0x00, 0x8d, 0x8d, 0x8d, 0x00, 0x8d, 0x8d, 0x8d, 0x00, 0x8d, 0x8d, 0x8d, 0x00, 0x8d, 0x8d, 0x8d, 0x00, 0x8d, 0x8d, 0x8d, 0x00, 0x8d, 0x8d, 0x8d, 0x00,
    0x8d, 0x8d, 0x8d, 0x00, 0x8d, 0x8d, 0x8d, 0x00, 0x8d, 0x8d, 0x8d, 0x00, 0x8d, 0x8d, 0x8d, 0x00, 0x8d, 0x8d, 0x8d, 0x00, 0x8d, 0x8d, 0x8d, 0x00, 0x8d, 0x8d, 0x8d, 0x00, 0x8d, 0x8d, 0x8d, 0x00,
    0x8d, 0x8d, 0x8d, 0x00, 0x8d, 0x8d, 0x8d, 0x00, 0x8d, 0x8d, 0x8d, 0x00, 0x8d, 0x8d, 0x8d, 0x00, 0x8d, 0x8d, 0x8d, 0x00, 0x8d, 0x8d, 0x8d, 0x00, 0x8d, 0x8d, 0x8d, 0x00, 0x8d, 0x8d, 0x8d, 0x00,
    0x8d, 0x8d, 0x8d, 0x00, 0x8d, 0x8d, 0x8d, 0x00, 0x8d, 0x8d, 0x8d, 0x00, 0x8d, 0x8d, 0x8d, 0x00, 0x8d, 0x8d, 0x8d, 0x00, 0x8d, 0x8d, 0x8d, 0x00, 0x8d, 0x8d, 0x8d, 0x00, 0x8d, 0x8d, 0x8d, 0x00,
    0x8d, 0x8d, 0x8d, 0x00, 0x8d, 0x8d, 0x8d, 0x00, 0x8d, 0x8d, 0x8d, 0x00, 0x8d, 0x8d, 0x8d, 0x00, 0x8d, 0x8d, 0x8d, 0x00, 0x8d, 0x8d, 0x8d, 0x00, 0x8d, 0x8d, 0x8d, 0x00, 0x8d, 0x8d, 0x8d, 0x04,
    0x8d, 0x8d, 0x8d, 0x4f, 0x8d, 0x8d, 0x8d, 0xba, 0x8d, 0x8d, 0x8d, 0xfb, 0x8d, 0x8d, 0x8d, 0xff, 0x8d, 0x8d, 0x8d, 0xff, 0x8d, 0x8d, 0x8d, 0xff, 0x8d, 0x8d, 0x8d, 0xff, 0x8d, 0x8d, 0x8d, 0xff,
    0x8d, 0x8d, 0x8d, 0xff, 0x8d, 0x8d, 0x8d, 0xff, 0x8d, 0x8d, 0x8d, 0xff, 0x8d, 0x8d, 0x8d, 0xfb, 0x8d, 0x8d, 0x8d, 0xba, 0x8d, 0x8d, 0x8d, 0x4f, 0x8d, 0x8d, 0x8d, 0x04, 0x8d, 0x8d, 0x8d, 0x00,
    0x8d, 0x8d, 0x8d, 0x00, 0x8d, 0x8d, 0x8d, 0x00, 0x8d, 0x8d, 0x8d, 0x00, 0x8d, 0x8d, 0x8d, 0x00, 0x8d, 0x8d, 0x8d, 0x00, 0x8d, 0x8d, 0x8d, 0x00, 0x8d, 0x8d, 0x8d, 0x00, 0x8d, 0x8d, 0x8d, 0x00,
    0x8d, 0x8d, 0x8d, 0x00, 0x8d, 0x8d, 0x8d, 0x00, 0x8d, 0x8d, 0x8d, 0x00, 0x8d, 0x8d, 0x8d, 0x00, 0x8d, 0x8d, 0x8d, 0x00, 0x8d, 0x8d, 0x8d, 0x00, 0x8d, 0x8d, 0x8d, 0x00, 0x8d, 0x8d, 0x8d, 0x00,
    0x8d, 0x8d, 0x8d, 0x00, 0x8d, 0x8d, 0x8d, 0x00, 0x8d, 0x8d, 0x8d, 0x00, 0x8d, 0x8d, 0x8d, 0x00, 0x8d, 0x8d, 0x8d, 0x00, 0x8d, 0x8d, 0x8d, 0x00, 0x8d, 0x8d, 0x8d, 0x00, 0x8d, 0x8d, 0x8d, 0x00,
    0x8d, 0x8d, 0x8d, 0x00, 0x8d, 0x8d, 0x8d, 0x00, 0x8d, 0x8d, 0x8d, 0x00, 0x8d, 0x8d, 0x8d, 0x00, 0x8d, 0x8d, 0x8d, 0x00, 0x8d, 0x8d, 0x8d, 0x00, 0x8d, 0x8d, 0x8d, 0x00, 0x8d, 0x8d, 0x8d, 0x00,
    0x8d, 0x8d, 0x8d, 0x00, 0x8d, 0x8d, 0x8d, 0x00, 0x8d, 0x8d, 0x8d, 0x00, 0x8d, 0x8d, 0x8d, 0x00, 0x8d, 0x8d, 0x8d, 0x00, 0x8d, 0x8d, 0x8d, 0x00, 0x8d, 0x8d, 0x8d, 0x00, 0x8d, 0x8d, 0x8d, 0x00,
    0x8d, 0x8d, 0x8d, 0x00, 0x8d, 0x8d, 0x8d, 0x00, 0x8d, 0x8d, 0x8d, 0x00, 0x8d, 0x8d, 0x8d, 0x00, 0x8d, 0x8d, 0x8d, 0x00, 0x8d, 0x8d, 0x8d, 0x00, 0x8d, 0x8d, 0x8d, 0x00, 0x8d, 0x8d, 0x8d, 0x00,
    0x8d, 0x8d, 0x8d, 0x00, 0x8d, 0x8d, 0x8d, 0x00, 0x8d, 0x8d, 0x8d, 0x00, 0x8d, 0x8d, 0x8d, 0x00, 0x8d, 0x8d, 0x8d, 0x00, 0x8d, 0x8d, 0x8d, 0x00, 0x8d, 0x8d, 0x8d, 0x00, 0x8d, 0x8d, 0x8d, 0x00,
    0x8d, 0x8d, 0x8d, 0x00, 0x8d, 0x8d, 0x8d, 0x00, 0x8d, 0x8d, 0x8d, 0x00, 0x8d, 0x8d, 0x8d, 0x00, 0x8d, 0x8d, 0x8d, 0x00, 0x8d, 0x8d, 0x8d, 0x00, 0x8d, 0x8d, 0x8d, 0x00, 0x8d, 0x8d, 0x8d, 0x00,
    0x8d, 0x8d, 0x8d, 0x00, 0x8d, 0x8d, 0x8d, 0x00, 0x8d, 0x8d, 0x8d, 0x00, 0x8d, 0x8d, 0x8d, 0x00, 0x8d, 0x8d, 0x8d, 0x00, 0x8d, 0x8d, 0x8d, 0x00, 0x8d, 0x8d, 0x8d, 0x00, 0x8d, 0x8d, 0x8d, 0x00,
    0x8d, 0x8d, 0x8d, 0x00, 0x8d, 0x8d, 0x8d, 0x00, 0x8d, 0x8d, 0x8d, 0x00, 0x8d, 0x8d, 0x8d, 0x00, 0x8d, 0x8d, 0x8d, 0x00, 0x8d, 0x8d, 0x8d, 0x00, 0x8d, 0x8d, 0x8d, 0x00, 0x8d, 0x8d, 0x8d, 0x00,
    0x8d, 0x8d, 0x8d, 0x00, 0x8d, 0x8d, 0x8d, 0x00, 0x8d, 0x8d, 0x8d, 0x00, 0x8d, 0x8d, 0x8d, 0x00, 0x8d, 0x8d, 0x8d, 0x00, 0x8d, 0x8d, 0x8d, 0x00, 0x8d, 0x8d, 0x8d, 0x00, 0x8d, 0x8d, 0x8d, 0x00,
    0x8d, 0x8d, 0x8d, 0x00, 0x8d, 0x8d, 0x8d, 0x00, 0x8d, 0x8d, 0x8d, 0x00, 0x8d, 0x8d, 0x8d, 0x00, 0x8d, 0x8d, 0x8d, 0x00, 0x8d, 0x8d, 0x8d, 0x00, 0x8d, 0x8d, 0x8d, 0x00, 0x8d, 0x8d, 0x8d, 0x00,
    0x8d, 0x8d, 0x8d, 0x00, 0x8d, 0x8d, 0x8d, 0x00, 0x8d, 0x8d, 0x8d, 0x00, 0x8d, 0x8d, 0x8d, 0x00, 0x8d, 0x8d, 0x8d, 0x00, 0x8d, 0x8d, 0x8d, 0x00, 0x8d, 0x8d, 0x8d, 0x00, 0x8d, 0x8d, 0x8d, 0x00,
    0x8d, 0x8d, 0x8d, 0x00, 0x8d, 0x8d, 0x8d, 0x00, 0x8d, 0x8d, 0x8d, 0x00, 0x8d, 0x8d, 0x8d, 0x00, 0x8d, 0x8d, 0x8d, 0x00, 0x8d, 0x8d, 0x8d, 0x1a, 0x8d, 0x8d, 0x8d, 0x84, 0x8d, 0x8d, 0x8d, 0xe9,
    0x8d, 0x8d, 0x8d, 0xff, 0x8d, 0x8d, 0x8d, 0xff, 0x8d, 0x8d, 0x8d, 0xff, 0x8d, 0x8d, 0x8d, 0xff, 0x8d, 0x8d, 0x8d, 0xff, 0x8d, 0x8d, 0x8d, 0xff, 0x8d, 0x8d, 0x8d, 0xff, 0x8d, 0x8d, 0x8d, 0xff,
    0x8d, 0x8d, 0x8d, 0xff, 0x8d, 0x8d, 0x8d, 0xff, 0x8d, 0x8d, 0x8d, 0xe9, 0x8d, 0x8d, 0x8d, 0x84, 0x8d, 0x8d, 0x8d, 0x1a, 0x8d, 0x8d, 0x8d, 0x00, 0x8d, 0x8d, 0x8d, 0x00, 0x8d, 0x8d, 0x8d, 0x00,
    0x8d, 0x8d, 0x8d, 0x00, 0x8d, 0x8d, 0x8d, 0x00, 0x8d, 0x8d, 0x8d, 0x00, 0x8d, 0x8d, 0x8d, 0x00, 0x8d, 0x8d, 0x8d, 0x00, 0x8d, 0x8d, 0x8d, 0x00, 0x8d, 0x8d, 0x8d, 0x00, 0x8d, 0x8d, 0x8d, 0x00,
    0x8d, 0x8d, 0x8d, 0x00, 0x8d, 0x8d, 0x8d, 0x00, 0x8d, 0x8d, 0x8d, 0x00, 0x8d, 0x8d, 0x8d, 0x00, 0x8d, 0x8d, 0x8d, 0x00, 0x8d, 0x8d, 0x8d, 0x00, 0x8d, 0x8d, 0x8d, 0x00, 0x8d, 0x8d, 0x8d, 0x00,
    0x8d, 0x8d, 0x8d, 0x00, 0x8d, 0x8d, 0x8d, 0x00, 0x8d, 0x8d, 0x8d, 0x00, 0x8d, 0x8d, 0x8d, 0x00, 0x8d, 0x8d, 0x8d, 0x00, 0x8d, 0x8d, 0x8d, 0x00, 0x8d, 0x8d, 0x8d, 0x00, 0x8d, 0x8d, 0x8d, 0x00,
    0x8d, 0x8d, 0x8d, 0x00, 0x8d, 0x8d, 0x8d, 0x00, 0x8d, 0x8d, 0x8d, 0x00, 0x8d, 0x8d, 0x8d, 0x00, 0x8d, 0x8d, 0x8d, 0x00, 0x8d, 0x8d, 0x8d, 0x00, 0x8d, 0x8d, 0x8d, 0x00, 0x8d, 0x8d, 0x8d, 0x00,
    0x8d, 0x8d, 0x8d, 0x00, 0x8d, 0x8d, 0x8d, 0x00, 0x8d, 0x8d, 0x8d, 0x00, 0x8d, 0x8d, 0x8d, 0x00, 0x8d, 0x8d, 0x8d, 0x00, 0x8d, 0x8d, 0x8d, 0x00, 0x8d, 0x8d, 0x8d, 0x00, 0x8d, 0x8d, 0x8d, 0x00,
    0x8d, 0x8d, 0x8d, 0x00, 0x8d, 0x8d, 0x8d, 0x00, 0x8d, 0x8d, 0x8d, 0x00, 0x8d, 0x8d, 0x8d, 0x00, 0x8d, 0x8d, 0x8d, 0x00, 0x8d, 0x8d, 0x8d, 0x00, 0x8d, 0x8d, 0x8d, 0x00, 0x8d, 0x8d, 0x8d, 0x00,
    0x8d, 0x8d, 0x8d, 0x00, 0x8d, 0x8d, 0x8d, 0x00, 0x8d, 0x8d, 0x8d, 0x00, 0x8d, 0x8d, 0x8d, 0x00, 0x8d, 0x8d, 0x8d, 0x00, 0x8d, 0x8d, 0x8d, 0x00, 0x8d, 0x8d, 0x8d, 0x00, 0x8d, 0x8d, 0x8d, 0x00,
    0x8d, 0x8d, 0x8d, 0x00, 0x8d, 0x8d, 0x8d, 0x00, 0x8d, 0x8d, 0x8d, 0x00, 0x8d, 0x8d, 0x8d, 0x00, 0x8d, 0x8d, 0x8d, 0x00, 0x8d, 0x8d, 0x8d, 0x00, 0x8d, 0x8d, 0x8d, 0x00, 0x8d, 0x8d, 0x8d, 0x00,
    0x8d, 0x8d, 0x8d, 0x00, 0x8d, 0x8d, 0x8d, 0x00, 0x8d, 0x8d, 0x8d, 0x00, 0x8d, 0x8d, 0x8d, 0x00, 0x8d, 0x8d, 0x8d, 0x00, 0x8d, 0x8d, 0x8d, 0x00, 0x8d, 0x8d, 0x8d, 0x00, 0x8d, 0x8d, 0x8d, 0x00,
    0x8d, 0x8d, 0x8d, 0x00, 0x8d, 0x8d, 0x8d, 0x00, 0x8d, 0x8d, 0x8d, 0x00, 0x8d, 0x8d, 0x8d, 0x00, 0x8d, 0x8d, 0x8d, 0x00, 0x8d, 0x8d, 0x8d, 0x00, 0x8d, 0x8d, 0x8d, 0x00, 0x8d, 0x8d, 0x8d, 0x00,
    0x8d, 0x8d, 0x8d, 0x00, 0x8d, 0x8d, 0x8d, 0x00, 0x8d, 0x8d, 0x8d, 0x00, 0x8d, 0x8d, 0x8d, 0x00, 0x8d, 0x8d, 0x8d, 0x00, 0x8d, 0x8d, 0x8d, 0x00, 0x8d, 0x8d, 0x8d, 0x00, 0x8d, 0x8d, 0x8d, 0x00,
    0x8d, 0x8d, 0x8d, 0x00, 0x8d, 0x8d, 0x8d, 0x00, 0x8d, 0x8d, 0x8d, 0x00, 0x8d, 0x8d, 0x8d, 0x00, 0x8d, 0x8d, 0x8d, 0x00, 0x8d, 0x8d, 0x8d, 0x00, 0x8d, 0x8d, 0x8d, 0x00, 0x8d, 0x8d, 0x8d, 0x00,
    0x8d, 0x8d, 0x8d, 0x00, 0x8d, 0x8d, 0x8d, 0x00, 0x8d, 0x8d, 0x8d, 0x00, 0x8d, 0x8d, 0x8d, 0x00, 0x8d, 0x8d, 0x8d, 0x00, 0x8d, 0x8d, 0x8d, 0x00, 0x8d, 0x8d, 0x8d, 0x00, 0x8d, 0x8d, 0x8d, 0x00,
    0x8d, 0x8d, 0x8d, 0x00, 0x8d, 0x8d, 0x8d, 0x00, 0x8d, 0x8d, 0x8d, 0x00, 0x8d, 0x8d, 0x8d, 0x31, 0x8d, 0x8d, 0x8d, 0xa8, 0x8d, 0x8d, 0x8d, 0xfb, 0x8d, 0x8d, 0x8d, 0xff, 0x8d, 0x8d, 0x8d, 0xff,
    0x8d, 0x8d, 0x8d, 0xff, 0x8d, 0x8d, 0x8d, 0xff, 0x8d, 0x8d, 0x8d, 0xff, 0x8d, 0x8d, 0x8d, 0xff, 0x8d, 0x8d, 0x8d, 0xff, 0x8d, 0x8d, 0x8d, 0xff, 0x8d, 0x8d, 0x8d, 0xff, 0x8d, 0x8d, 0x8d, 0xff,
    0x8d, 0x8d, 0x8d, 0xfb, 0x8d, 0x8d, 0x8d, 0xa8, 0x8d, 0x8d, 0x8d, 0x31, 0x8d, 0x8d, 0x8d, 0x00, 0x8d, 0x8d, 0x8d, 0x00, 0x8d, 0x8d, 0x8d, 0x00, 0x8d, 0x8d, 0x8d, 0x00, 0x8d, 0x8d, 0x8d, 0x00,
    0x8d, 0x8d, 0x8d, 0x00, 0x8d, 0x8d, 0x8d, 0x00, 0x8d, 0x8d, 0x8d, 0x00, 0x8d, 0x8d, 0x8d, 0x00, 0x8d, 0x8d, 0x8d, 0x00, 0x8d, 0x8d, 0x8d, 0x00, 0x8d, 0x8d, 0x8d, 0x00, 0x8d, 0x8d, 0x8d, 0x00,
    0x8d, 0x8d, 0x8d, 0x00, 0x8d, 0x8d, 0x8d, 0x00, 0x8d, 0x8d, 0x8d, 0x00, 0x8d, 0x8d, 0x8d, 0x00, 0x8d, 0x8d, 0x8d, 0x00, 0x8d, 0x8d, 0x8d, 0x00, 0x8d, 0x8d, 0x8d, 0x00, 0x8d, 0x8d, 0x8d, 0x00,
    0x8d, 0x8d, 0x8d, 0x00, 0x8d, 0x8d, 0x8d, 0x00, 0x8d, 0x8d, 0x8d, 0x00, 0x8d, 0x8d, 0x8d, 0x00, 0x8d, 0x8d, 0x8d, 0x00, 0x8d, 0x8d, 0x8d, 0x00, 0x8d, 0x8d, 0x8d, 0x00, 0x8d, 0x8d, 0x8d, 0x00,
    0x8d, 0x8d, 0x8d, 0x00, 0x8d, 0x8d, 0x8d, 0x00, 0x8d, 0x8d, 0x8d, 0x00, 0x8d, 0x8d, 0x8d, 0x00, 0x8d, 0x8d, 0x8d, 0x00, 0x8d, 0x8d, 0x8d, 0x00, 0x8d, 0x8d, 0x8d, 0x00, 0x8d, 0x8d, 0x8d, 0x00,
    0x8d, 0x8d, 0x8d, 0x00, 0x8d, 0x8d, 0x8d, 0x00, 0x8d, 0x8d, 0x8d, 0x00, 0x8d, 0x8d, 0x8d, 0x00, 0x8d, 0x8d, 0x8d, 0x00, 0x8d, 0x8d, 0x8d, 0x00, 0x8d, 0x8d, 0x8d, 0x00, 0x8d, 0x8d, 0x8d, 0x00,
    0x8d, 0x8d, 0x8d, 0x00, 0x8d, 0x8d, 0x8d, 0x00, 0x8d, 0x8d, 0x8d, 0x00, 0x8d, 0x8d, 0x8d, 0x00, 0x8d, 0x8d, 0x8d, 0x00, 0x8d, 0x8d, 0x8d, 0x00, 0x8d, 0x8d, 0x8d, 0x00, 0x8d, 0x8d, 0x8d, 0x00,
    0x8d, 0x8d, 0x8d, 0x00, 0x8d, 0x8d, 0x8d, 0x00, 0x8d, 0x8d, 0x8d, 0x00, 0x8d, 0x8d, 0x8d, 0x00, 0x8d, 0x8d, 0x8d, 0x00, 0x8d, 0x8d, 0x8d, 0x00, 0x8d, 0x8d, 0x8d, 0x00, 0x8d, 0x8d, 0x8d, 0x00,
    0x8d, 0x8d, 0x8d, 0x00, 0x8d, 0x8d, 0x8d, 0x00, 0x8d, 0x8d, 0x8d, 0x00, 0x8d, 0x8d, 0x8d, 0x00, 0x8d, 0x8d, 0x8d, 0x00, 0x8d, 0x8d, 0x8d, 0x00, 0x8d, 0x8d, 0x8d, 0x00, 0x8d, 0x8d, 0x8d, 0x00,
    0x8d, 0x8d, 0x8d, 0x00, 0x8d, 0x8d, 0x8d, 0x00, 0x8d, 0x8d, 0x8d, 0x00, 0x8d, 0x8d, 0x8d, 0x00, 0x8d, 0x8d, 0x8d, 0x00, 0x8d, 0x8d, 0x8d, 0x00, 0x8d, 0x8d, 0x8d, 0x00, 0x8d, 0x8d, 0x8d, 0x00,
    0x8d, 0x8d, 0x8d, 0x00, 0x8d, 0x8d, 0x8d, 0x00, 0x8d, 0x8d, 0x8d, 0x00, 0x8d, 0x8d, 0x8d, 0x00, 0x8d, 0x8d, 0x8d, 0x00, 0x8d, 0x8d, 0x8d, 0x00, 0x8d, 0x8d, 0x8d, 0x00, 0x8d, 0x8d, 0x8d, 0x00,
    0x8d, 0x8d, 0x8d, 0x00, 0x8d, 0x8d, 0x8d, 0x00, 0x8d, 0x8d, 0x8d, 0x00, 0x8d, 0x8d, 0x8d, 0x00, 0x8d, 0x8d, 0x8d, 0x00, 0x8d, 0x8d, 0x8d, 0x00, 0x8d, 0x8d, 0x8d, 0x00, 0x8d, 0x8d, 0x8d, 0x00,
    0x8d, 0x8d, 0x8d, 0x00, 0x8d, 0x8d, 0x8d, 0x00, 0x8d, 0x8d, 0x8d, 0x00, 0x8d, 0x8d, 0x8d, 0x00, 0x8d, 0x8d, 0x8d, 0x00, 0x8d, 0x8d, 0x8d, 0x00, 0x8d, 0x8d, 0x8d, 0x00, 0x8d, 0x8d, 0x8d, 0x00,
    0x8d, 0x8d, 0x8d, 0x00, 0x8d, 0x8d, 0x8d, 0x00, 0x8d, 0x8d, 0x8d, 0x00, 0x8d, 0x8d, 0x8d, 0x00, 0x8d, 0x8d, 0x8d, 0x00, 0x8d, 0x8d, 0x8d, 0x00, 0x8d, 0x8d, 0x8d, 0x00, 0x8d, 0x8d, 0x8d, 0x00,
    0x8d, 0x8d, 0x8d, 0x00, 0x8d, 0x8d, 0x8d, 0x40, 0x8d, 0x8d, 0x8d, 0xba, 0x8d, 0x8d, 0x8d, 0xfe, 0x8d, 0x8d, 0x8d, 0xff, 0x8d, 0x8d, 0x8d, 0xff, 0x8d, 0x8d, 0x8d, 0xff, 0x8d, 0x8d, 0x8d, 0xff,
    0x8d, 0x8d, 0x8d, 0xff, 0x8d, 0x8d, 0x8d, 0xff, 0x8d, 0x8d, 0x8d, 0xff, 0x8d, 0x8d, 0x8d, 0xff, 0x8d, 0x8d, 0x8d, 0xff, 0x8d, 0x8d, 0x8d, 0xff, 0x8d, 0x8d, 0x8d, 0xfe, 0x8d, 0x8d, 0x8d, 0xba,
    0x8d, 0x8d, 0x8d, 0x40, 0x8d, 0x8d, 0x8d, 0x00, 0x8d, 0x8d, 0x8d, 0x00, 0x8d, 0x8d, 0x8d, 0x00, 0x8d, 0x8d, 0x8d, 0x00, 0x8d, 0x8d, 0x8d, 0x00, 0x8d, 0x8d, 0x8d, 0x00, 0x8d, 0x8d, 0x8d, 0x00,
    0x8d, 0x8d, 0x8d, 0x00, 0x8d, 0x8d, 0x8d, 0x00, 0x8d, 0x8d, 0x8d, 0x00, 0x8d, 0x8d, 0x8d, 0x00, 0x8d, 0x8d, 0x8d, 0x00, 0x8d, 0x8d, 0x8d, 0x00, 0x8d, 0x8d, 0x8d, 0x00, 0x8d, 0x8d, 0x8d, 0x00,
    0x8d, 0x8d, 0x8d, 0x00, 0x8d, 0x8d, 0x8d, 0x00, 0x8d, 0x8d, 0x8d, 0x00, 0x8d, 0x8d, 0x8d, 0x00, 0x8d, 0x8d, 0x8d, 0x00, 0x8d, 0x8d, 0x8d, 0x00, 0x8d, 0x8d, 0x8d, 0x00, 0x8d, 0x8d, 0x8d, 0x00,
    0x8d, 0x8d, 0x8d, 0x00, 0x8d, 0x8d, 0x8d, 0x00, 0x8d, 0x8d, 0x8d, 0x00, 0x8d, 0x8d, 0x8d, 0x00, 0x8d, 0x8d, 0x8d, 0x00, 0x8d, 0x8d, 0x8d, 0x00, 0x8d, 0x8d, 0x8d, 0x00, 0x8d, 0x8d, 0x8d, 0x00,
    0x8d, 0x8d, 0x8d, 0x00, 0x8d, 0x8d, 0x8d, 0x00, 0x8d, 0x8d, 0x8d, 0x00, 0x8d, 0x8d, 0x8d, 0x00, 0x8d, 0x8d, 0x8d, 0x00, 0x8d, 0x8d, 0x8d, 0x00, 0x8d, 0x8d, 0x8d, 0x00, 0x8d, 0x8d, 0x8d, 0x00,
    0x8d, 0x8d, 0x8d, 0x00, 0x8d, 0x8d, 0x8d, 0x00, 0x8d, 0x8d, 0x8d, 0x00, 0x8d, 0x8d, 0x8d, 0x00, 0x8d, 0x8d, 0x8d, 0x00, 0x8d, 0x8d, 0x8d, 0x00, 0x8d, 0x8d, 0x8d, 0x00, 0x8d, 0x8d, 0x8d, 0x00,
    0x8d, 0x8d, 0x8d, 0x00, 0x8d, 0x8d, 0x8d, 0x00, 0x8d, 0x8d, 0x8d, 0x00, 0x8d, 0x8d, 0x8d, 0x00, 0x8d, 0x8d, 0x8d, 0x00, 0x8d, 0x8d, 0x8d, 0x00, 0x8d, 0x8d, 0x8d, 0x00, 0x8d, 0x8d, 0x8d, 0x00,
    0x8d, 0x8d, 0x8d, 0x00, 0x8d, 0x8d, 0x8d, 0x00, 0x8d, 0x8d, 0x8d, 0x00, 0x8d, 0x8d, 0x8d, 0x00, 0x8d, 0x8d, 0x8d, 0x00, 0x8d, 0x8d, 0x8d, 0x00, 0x8d, 0x8d, 0x8d, 0x00, 0x8d, 0x8d, 0x8d, 0x00,
    0x8d, 0x8d, 0x8d, 0x00, 0x8d, 0x8d, 0x8d, 0x00, 0x8d, 0x8d, 0x8d, 0x00, 0x8d, 0x8d, 0x8d, 0x00, 0x8d, 0x8d, 0x8d, 0x00, 0x8d, 0x8d, 0x8d, 0x00, 0x8d, 0x8d, 0x8d, 0x00, 0x8d, 0x8d, 0x8d, 0x00,
    0x8d, 0x8d, 0x8d, 0x00, 0x8d, 0x8d, 0x8d, 0x00, 0x8d, 0x8d, 0x8d, 0x00, 0x8d, 0x8d, 0x8d, 0x00, 0x8d, 0x8d, 0x8d, 0x00, 0x8d, 0x8d, 0x8d, 0x00, 0x8d, 0x8d, 0x8d, 0x00, 0x8d, 0x8d, 0x8d, 0x00,
    0x8d, 0x8d, 0x8d, 0x00, 0x8d, 0x8d, 0x8d, 0x00, 0x8d, 0x8d, 0x8d, 0x00, 0x8d, 0x8d, 0x8d, 0x00, 0x8d, 0x8d, 0x8d, 0x00, 0x8d, 0x8d, 0x8d, 0x00, 0x8d, 0x8d, 0x8d, 0x00, 0x8d, 0x8d, 0x8d, 0x00,
    0x8d, 0x8d, 0x8d, 0x00, 0x8d, 0x8d, 0x8d, 0x00, 0x8d, 0x8d, 0x8d, 0x00, 0x8d, 0x8d, 0x8d, 0x00, 0x8d, 0x8d, 0x8d, 0x00, 0x8d, 0x8d, 0x8d, 0x00, 0x8d, 0x8d, 0x8d, 0x00, 0x8d, 0x8d, 0x8d, 0x00,
    0x8d, 0x8d, 0x8d, 0x00, 0x8d, 0x8d, 0x8d, 0x00, 0x8d, 0x8d, 0x8d, 0x00, 0x8d, 0x8d, 0x8d, 0x00, 0x8d, 0x8d, 0x8d, 0x00, 0x8d, 0x8d, 0x8d, 0x00, 0x8d, 0x8d, 0x8d, 0x00, 0x8d, 0x8d, 0x8d, 0x00,
    0x8d, 0x8d, 0x8d, 0x00, 0x8d, 0x8d, 0x8d, 0x00, 0x8d, 0x8d, 0x8d, 0x00, 0x8d, 0x8d, 0x8d, 0x00, 0x8d, 0x8d, 0x8d, 0x00, 0x8d, 0x8d, 0x8d, 0x00, 0x8d, 0x8d, 0x8d, 0x00, 0x8d, 0x8d, 0x8d, 0x40,
    0x8d, 0x8d, 0x8d, 0xba, 0x8d, 0x8d, 0x8d, 0xfe, 0x8d, 0x8d, 0x8d, 0xff, 0x8d, 0x8d, 0x8d, 0xff, 0x8d, 0x8d, 0x8d, 0xff, 0x8d, 0x8d, 0x8d, 0xff, 0x8d, 0x8d, 0x8d, 0xff, 0x8d, 0x8d, 0x8d, 0xff,
    0x8d, 0x8d, 0x8d, 0xff, 0x8d, 0x8d, 0x8d, 0xff, 0x8d, 0x8d, 0x8d, 0xff, 0x8d, 0x8d, 0x8d, 0xff, 0x8d, 0x8d, 0x8d, 0xfe, 0x8d, 0x8d, 0x8d, 0xba, 0x8d, 0x8d, 0x8d, 0x40, 0x8d, 0x8d, 0x8d, 0x00,
    0x8d, 0x8d, 0x8d, 0x00, 0x8d, 0x8d, 0x8d, 0x00, 0x8d, 0x8d, 0x8d, 0x00, 0x8d, 0x8d, 0x8d, 0x00, 0x8d, 0x8d, 0x8d, 0x00, 0x8d, 0x8d, 0x8d, 0x00, 0x8d, 0x8d, 0x8d, 0x00, 0x8d, 0x8d, 0x8d, 0x00,
    0x8d, 0x8d, 0x8d, 0x00, 0x8d, 0x8d, 0x8d, 0x00, 0x8d, 0x8d, 0x8d, 0x00, 0x8d, 0x8d, 0x8d, 0x00, 0x8d, 0x8d, 0x8d, 0x00, 0x8d, 0x8d, 0x8d, 0x00, 0x8d, 0x8d, 0x8d, 0x00, 0x8d, 0x8d, 0x8d, 0x00,
    0x8d, 0x8d, 0x8d, 0x00, 0x8d, 0x8d, 0x8d, 0x00, 0x8d, 0x8d, 0x8d, 0x00, 0x8d, 0x8d, 0x8d, 0x00, 0x8d, 0x8d, 0x8d, 0x00, 0x8d, 0x8d, 0x8d, 0x00, 0x8d, 0x8d, 0x8d, 0x00, 0x8d, 0x8d, 0x8d, 0x00,
    0x8d, 0x8d, 0x8d, 0x00, 0x8d, 0x8d, 0x8d, 0x00, 0x8d, 0x8d, 0x8d, 0x00, 0x8d, 0x8d, 0x8d, 0x00, 0x8d, 0x8d, 0x8d, 0x00, 0x8d, 0x8d, 0x8d, 0x00, 0x8d, 0x8d, 0x8d, 0x00, 0x8d, 0x8d, 0x8d, 0x00,
    0x8d, 0x8d, 0x8d, 0x00, 0x8d, 0x8d, 0x8d, 0x00, 0x8d, 0x8d, 0x8d, 0x00, 0x8d, 0x8d, 0x8d, 0x00, 0x8d, 0x8d, 0x8d, 0x00, 0x8d, 0x8d, 0x8d, 0x00, 0x8d, 0x8d, 0x8d, 0x00, 0x8d, 0x8d, 0x8d, 0x00,
    0x8d, 0x8d, 0x8d, 0x00, 0x8d, 0x8d, 0x8d, 0x00, 0x8d, 0x8d, 0x8d, 0x00, 0x8d, 0x8d, 0x8d, 0x00, 0x8d, 0x8d, 0x8d, 0x00, 0x8d, 0x8d, 0x8d, 0x00, 0x8d, 0x8d, 0x8d, 0x00, 0x8d, 0x8d, 0x8d, 0x00,
    0x8d, 0x8d, 0x8d, 0x00, 0x8d, 0x8d, 0x8d, 0x00, 0x8d, 0x8d, 0x8d, 0x00, 0x8d, 0x8d, 0x8d, 0x00, 0x8d, 0x8d, 0x8d, 0x00, 0x8d, 0x8d, 0x8d, 0x00, 0x8d, 0x8d, 0x8d, 0x00, 0x8d, 0x8d, 0x8d, 0x00,
    0x8d, 0x8d, 0x8d, 0x00, 0x8d, 0x8d, 0x8d, 0x00, 0x8d, 0x8d, 0x8d, 0x00, 0x8d, 0x8d, 0x8d, 0x00, 0x8d, 0x8d, 0x8d, 0x00, 0x8d, 0x8d, 0x8d, 0x00, 0x8d, 0x8d, 0x8d, 0x00, 0x8d, 0x8d, 0x8d, 0x00,
    0x8d, 0x8d, 0x8d, 0x00, 0x8d, 0x8d, 0x8d, 0x00, 0x8d, 0x8d, 0x8d, 0x00, 0x8d, 0x8d, 0x8d, 0x00, 0x8d, 0x8d, 0x8d, 0x00, 0x8d, 0x8d, 0x8d, 0x00, 0x8d, 0x8d, 0x8d, 0x00, 0x8d, 0x8d, 0x8d, 0x00,
    0x8d, 0x8d, 0x8d, 0x00, 0x8d, 0x8d, 0x8d, 0x00, 0x8d, 0x8d, 0x8d, 0x00, 0x8d, 0x8d, 0x8d, 0x00, 0x8d, 0x8d, 0x8d, 0x00, 0x8d, 0x8d, 0x8d, 0x00, 0x8d, 0x8d, 0x8d, 0x00, 0x8d, 0x8d, 0x8d, 0x00,
    0x8d, 0x8d, 0x8d, 0x00, 0x8d, 0x8d, 0x8d, 0x00, 0x8d, 0x8d, 0x8d, 0x00, 0x8d, 0x8d, 0x8d, 0x00, 0x8d, 0x8d, 0x8d, 0x00, 0x8d, 0x8d, 0x8d, 0x00, 0x8d, 0x8d, 0x8d, 0x00, 0x8d, 0x8d, 0x8d, 0x00,
    0x8d, 0x8d, 0x8d, 0x00, 0x8d, 0x8d, 0x8d, 0x00, 0x8d, 0x8d, 0x8d, 0x00, 0x8d, 0x8d, 0x8d, 0x00, 0x8d, 0x8d, 0x8d, 0x00, 0x8d, 0x8d, 0x8d, 0x00, 0x8d, 0x8d, 0x8d, 0x00, 0x8d, 0x8d, 0x8d, 0x00,
    0x8d, 0x8d, 0x8d, 0x00, 0x8d, 0x8d, 0x8d, 0x00, 0x8d, 0x8d, 0x8d, 0x00, 0x8d, 0x8d, 0x8d, 0x00, 0x8d, 0x8d, 0x8d, 0x00, 0x8d, 0x8d, 0x8d, 0x00, 0x8d, 0x8d, 0x8d, 0x00, 0x8d, 0x8d, 0x8d, 0x00,
    0x8d, 0x8d, 0x8d, 0x00, 0x8d, 0x8d, 0x8d, 0x00, 0x8d, 0x8d, 0x8d, 0x00, 0x8d, 0x8d, 0x8d, 0x00, 0x8d, 0x8d, 0x8d, 0x00, 0x8d, 0x8d, 0x8d, 0x31, 0x8d, 0x8d, 0x8d, 0xa8, 0x8d, 0x8d, 0x8d, 0xfb,
    0x8d, 0x8d, 0x8d, 0xff, 0x8d, 0x8d, 0x8d, 0xff, 0x8d, 0x8d, 0x8d, 0xff, 0x8d, 0x8d, 0x8d, 0xff, 0x8d, 0x8d, 0x8d, 0xff, 0x8d, 0x8d, 0x8d, 0xff, 0x8d, 0x8d, 0x8d, 0xff, 0x8d, 0x8d, 0x8d, 0xff,
    0x8d, 0x8d, 0x8d, 0xff, 0x8d, 0x8d, 0x8d, 0xff, 0x8d, 0x8d, 0x8d, 0xfb, 0x8d, 0x8d, 0x8d, 0xa8, 0x8d, 0x8d, 0x8d, 0x31, 0x8d, 0x8d, 0x8d, 0x00, 0x8d, 0x8d, 0x8d, 0x00, 0x8d, 0x8d, 0x8d, 0x00,
    0x8d, 0x8d, 0x8d, 0x00, 0x8d, 0x8d, 0x8d, 0x00, 0x8d, 0x8d, 0x8d, 0x00, 0x8d, 0x8d, 0x8d, 0x00, 0x8d, 0x8d, 0x8d, 0x00, 0x8d, 0x8d, 0x8d, 0x00, 0x8d, 0x8d, 0x8d, 0x00, 0x8d, 0x8d, 0x8d, 0x00,
    0x8d, 0x8d, 0x8d, 0x00, 0x8d, 0x8d, 0x8d, 0x00, 0x8d, 0x8d, 0x8d, 0x00, 0x8d, 0x8d, 0x8d, 0x00, 0x8d, 0x8d, 0x8d, 0x00, 0x8d, 0x8d, 0x8d, 0x00, 0x8d, 0x8d, 0x8d, 0x00, 0x8d, 0x8d, 0x8d, 0x00,
    0x8d, 0x8d, 0x8d, 0x00, 0x8d, 0x8d, 0x8d, 0x00, 0x8d, 0x8d, 0x8d, 0x00, 0x8d, 0x8d, 0x8d, 0x00, 0x8d, 0x8d, 0x8d, 0x00, 0x8d, 0x8d, 0x8d, 0x00, 0x8d, 0x8d, 0x8d, 0x00, 0x8d, 0x8d, 0x8d, 0x00,
    0x8d, 0x8d, 0x8d, 0x00, 0x8d, 0x8d, 0x8d, 0x00, 0x8d, 0x8d, 0x8d, 0x00, 0x8d, 0x8d, 0x8d, 0x00, 0x8d, 0x8d, 0x8d, 0x00, 0x8d, 0x8d, 0x8d, 0x00, 0x8d, 0x8d, 0x8d, 0x00, 0x8d, 0x8d, 0x8d, 0x00,
    0x8d, 0x8d, 0x8d, 0x00, 0x8d, 0x8d, 0x8d, 0x00, 0x8d, 0x8d, 0x8d, 0x00, 0x8d, 0x8d, 0x8d, 0x00, 0x8d, 0x8d, 0x8d, 0x00, 0x8d, 0x8d, 0x8d, 0x00, 0x8d, 0x8d, 0x8d, 0x00, 0x8d, 0x8d, 0x8d, 0x00,
    0x8d, 0x8d, 0x8d, 0x00, 0x8d, 0x8d, 0x8d, 0x00, 0x8d, 0x8d, 0x8d, 0x00, 0x8d, 0x8d, 0x8d, 0x00, 0x8d, 0x8d, 0x8d, 0x00, 0x8d, 0x8d, 0x8d, 0x00, 0x8d, 0x8d, 0x8d, 0x00, 0x8d, 0x8d, 0x8d, 0x00,
    0x8d, 0x8d, 0x8d, 0x00, 0x8d, 0x8d, 0x8d, 0x00, 0x8d, 0x8d, 0x8d, 0x00, 0x8d, 0x8d, 0x8d, 0x00, 0x8d, 0x8d, 0x8d, 0x00, 0x8d, 0x8d, 0x8d, 0x00, 0x8d, 0x8d, 0x8d, 0x00, 0x8d, 0x8d, 0x8d, 0x00,
    0x8d, 0x8d, 0x8d, 0x00, 0x8d, 0x8d, 0x8d, 0x00, 0x8d, 0x8d, 0x8d, 0x00, 0x8d, 0x8d, 0x8d, 0x00, 0x8d, 0x8d, 0x8d, 0x00, 0x8d, 0x8d, 0x8d, 0x00, 0x8d, 0x8d, 0x8d, 0x00, 0x8d, 0x8d, 0x8d, 0x00,
    0x8d, 0x8d, 0x8d, 0x00, 0x8d, 0x8d, 0x8d, 0x00, 0x8d, 0x8d, 0x8d, 0x00, 0x8d, 0x8d, 0x8d, 0x00, 0x8d, 0x8d, 0x8d, 0x00, 0x8d, 0x8d, 0x8d, 0x00, 0x8d, 0x8d, 0x8d, 0x00, 0x8d, 0x8d, 0x8d, 0x00,
    0x8d, 0x8d, 0x8d, 0x00, 0x8d, 0x8d, 0x8d, 0x00, 0x8d, 0x8d, 0x8d, 0x00, 0x8d, 0x8d, 0x8d, 0x00, 0x8d, 0x8d, 0x8d, 0x00, 0x8d, 0x8d, 0x8d, 0x00, 0x8d, 0x8d, 0x8d, 0x00, 0x8d, 0x8d, 0x8d, 0x00,
    0x8d, 0x8d, 0x8d, 0x00, 0x8d, 0x8d, 0x8d, 0x00, 0x8d, 0x8d, 0x8d, 0x00, 0x8d, 0x8d, 0x8d, 0x00, 0x8d, 0x8d, 0x8d, 0x00, 0x8d, 0x8d, 0x8d, 0x00, 0x8d, 0x8d, 0x8d, 0x00, 0x8d, 0x8d, 0x8d, 0x00,
    0x8d, 0x8d, 0x8d, 0x00, 0x8d, 0x8d, 0x8d, 0x00, 0x8d, 0x8d, 0x8d, 0x00, 0x8d, 0x8d, 0x8d, 0x00, 0x8d, 0x8d, 0x8d, 0x00, 0x8d, 0x8d, 0x8d, 0x00, 0x8d, 0x8d, 0x8d, 0x00, 0x8d, 0x8d, 0x8d, 0x00,
    0x8d, 0x8d, 0x8d, 0x00, 0x8d, 0x8d, 0x8d, 0x00, 0x8d, 0x8d, 0x8d, 0x00, 0x8d, 0x8d, 0x8d, 0x00, 0x8d, 0x8d, 0x8d, 0x00, 0x8d, 0x8d, 0x8d, 0x00, 0x8d, 0x8d, 0x8d, 0x00, 0x8d, 0x8d, 0x8d, 0x00,
    0x8d, 0x8d, 0x8d, 0x00, 0x8d, 0x8d, 0x8d, 0x00, 0x8d, 0x8d, 0x8d, 0x00, 0x8d, 0x8d, 0x8d, 0x1a, 0x8d, 0x8d, 0x8d, 0x84, 0x8d, 0x8d, 0x8d, 0xe9, 0x8d, 0x8d, 0x8d, 0xff, 0x8d, 0x8d, 0x8d, 0xff,
    0x8d, 0x8d, 0x8d, 0xff, 0x8d, 0x8d, 0x8d, 0xff, 0x8d, 0x8d, 0x8d, 0xff, 0x8d, 0x8d, 0x8d, 0xff, 0x8d, 0x8d, 0x8d, 0xff, 0x8d, 0x8d, 0x8d, 0xff, 0x8d, 0x8d, 0x8d, 0xff, 0x8d, 0x8d, 0x8d, 0xff,
    0x8d, 0x8d, 0x8d, 0xe9, 0x8d, 0x8d, 0x8d, 0x84, 0x8d, 0x8d, 0x8d, 0x1a, 0x8d, 0x8d, 0x8d, 0x00, 0x8d, 0x8d, 0x8d, 0x00, 0x8d, 0x8d, 0x8d, 0x00, 0x8d, 0x8d, 0x8d, 0x00, 0x8d, 0x8d, 0x8d, 0x00,
    0x8d, 0x8d, 0x8d, 0x00, 0x8d, 0x8d, 0x8d, 0x00, 0x8d, 0x8d, 0x8d, 0x00, 0x8d, 0x8d, 0x8d, 0x00, 0x8d, 0x8d, 0x8d, 0x00, 0x8d, 0x8d, 0x8d, 0x00, 0x8d, 0x8d, 0x8d, 0x00, 0x8d, 0x8d, 0x8d, 0x00,
    0x8d, 0x8d, 0x8d, 0x00, 0x8d, 0x8d, 0x8d, 0x00, 0x8d, 0x8d, 0x8d, 0x00, 0x8d, 0x8d, 0x8d, 0x00, 0x8d, 0x8d, 0x8d, 0x00, 0x8d, 0x8d, 0x8d, 0x00, 0x8d, 0x8d, 0x8d, 0x00, 0x8d, 0x8d, 0x8d, 0x00,
    0x8d, 0x8d, 0x8d, 0x00, 0x8d, 0x8d, 0x8d, 0x00, 0x8d, 0x8d, 0x8d, 0x00, 0x8d, 0x8d, 0x8d, 0x00, 0x8d, 0x8d, 0x8d, 0x00, 0x8d, 0x8d, 0x8d, 0x00, 0x8d, 0x8d, 0x8d, 0x00, 0x8d, 0x8d, 0x8d, 0x00,
    0x8d, 0x8d, 0x8d, 0x00, 0x8d, 0x8d, 0x8d, 0x00, 0x8d, 0x8d, 0x8d, 0x00, 0x8d, 0x8d, 0x8d, 0x00, 0x8d, 0x8d, 0x8d, 0x00, 0x8d, 0x8d, 0x8d, 0x00, 0x8d, 0x8d, 0x8d, 0x00, 0x8d, 0x8d, 0x8d, 0x00,
    0x8d, 0x8d, 0x8d, 0x00, 0x8d, 0x8d, 0x8d, 0x00, 0x8d, 0x8d, 0x8d, 0x00, 0x8d, 0x8d, 0x8d, 0x00, 0x8d, 0x8d, 0x8d, 0x00, 0x8d, 0x8d, 0x8d, 0x00, 0x8d, 0x8d, 0x8d, 0x00, 0x8d, 0x8d, 0x8d, 0x00,
    0x8d, 0x8d, 0x8d, 0x00, 0x8d, 0x8d, 0x8d, 0x00, 0x8d, 0x8d, 0x8d, 0x00, 0x8d, 0x8d, 0x8d, 0x00, 0x8d, 0x8d, 0x8d, 0x00, 0x8d, 0x8d, 0x8d, 0x00, 0x8d, 0x8d, 0x8d, 0x00, 0x8d, 0x8d, 0x8d, 0x00,
    0x8d, 0x8d, 0x8d, 0x00, 0x8d, 0x8d, 0x8d, 0x00, 0x8d, 0x8d, 0x8d, 0x00, 0x8d, 0x8d, 0x8d, 0x00, 0x8d, 0x8d, 0x8d, 0x00, 0x8d, 0x8d, 0x8d, 0x00, 0x8d, 0x8d, 0x8d, 0x00, 0x8d, 0x8d, 0x8d, 0x00,
    0x8d, 0x8d, 0x8d, 0x00, 0x8d, 0x8d, 0x8d, 0x00, 0x8d, 0x8d, 0x8d, 0x00, 0x8d, 0x8d, 0x8d, 0x00, 0x8d, 0x8d, 0x8d, 0x00, 0x8d, 0x8d, 0x8d, 0x00, 0x8d, 0x8d, 0x8d, 0x00, 0x8d, 0x8d, 0x8d, 0x00,
    0x8d, 0x8d, 0x8d, 0x00, 0x8d, 0x8d, 0x8d, 0x00, 0x8d, 0x8d, 0x8d, 0x00, 0x8d, 0x8d, 0x8d, 0x00, 0x8d, 0x8d, 0x8d, 0x00, 0x8d, 0x8d, 0x8d, 0x00, 0x8d, 0x8d, 0x8d, 0x00, 0x8d, 0x8d, 0x8d, 0x00,
    0x8d, 0x8d, 0x8d, 0x00, 0x8d, 0x8d, 0x8d, 0x00, 0x8d, 0x8d, 0x8d, 0x00, 0x8d, 0x8d, 0x8d, 0x00, 0x8d, 0x8d, 0x8d, 0x00, 0x8d, 0x8d, 0x8d, 0x00, 0x8d, 0x8d, 0x8d, 0x00, 0x8d, 0x8d, 0x8d, 0x00,
    0x8d, 0x8d, 0x8d, 0x00, 0x8d, 0x8d, 0x8d, 0x00, 0x8d, 0x8d, 0x8d, 0x00, 0x8d, 0x8d, 0x8d, 0x00, 0x8d, 0x8d, 0x8d, 0x00, 0x8d, 0x8d, 0x8d, 0x00, 0x8d, 0x8d, 0x8d, 0x00, 0x8d, 0x8d, 0x8d, 0x00,
    0x8d, 0x8d, 0x8d, 0x00, 0x8d, 0x8d, 0x8d, 0x00, 0x8d, 0x8d, 0x8d, 0x00, 0x8d, 0x8d, 0x8d, 0x00, 0x8d, 0x8d, 0x8d, 0x00, 0x8d, 0x8d, 0x8d, 0x00, 0x8d, 0x8d, 0x8d, 0x00, 0x8d, 0x8d, 0x8d, 0x00,
    0x8d, 0x8d, 0x8d, 0x00, 0x8d, 0x8d, 0x8d, 0x00, 0x8d, 0x8d, 0x8d, 0x00, 0x8d, 0x8d, 0x8d, 0x00, 0x8d, 0x8d, 0x8d, 0x00, 0x8d, 0x8d, 0x8d, 0x00, 0x8d, 0x8d, 0x8d, 0x00, 0x8d, 0x8d, 0x8d, 0x00,
    0x8d, 0x8d, 0x8d, 0x00, 0x8d, 0x8d, 0x8d, 0x04, 0x8d, 0x8d, 0x8d, 0x4f, 0x8d, 0x8d, 0x8d, 0xba, 0x8d, 0x8d, 0x8d, 0xfb, 0x8d, 0x8d, 0x8d, 0xff, 0x8d, 0x8d, 0x8d, 0xff, 0x8d, 0x8d, 0x8d, 0xff,
    0x8d, 0x8d, 0x8d, 0xff, 0x8d, 0x8d, 0x8d, 0xff, 0x8d, 0x8d, 0x8d, 0xff, 0x8d, 0x8d, 0x8d, 0xff, 0x8d, 0x8d, 0x8d, 0xff, 0x8d, 0x8d, 0x8d, 0xfb, 0x8d, 0x8d, 0x8d, 0xba, 0x8d, 0x8d, 0x8d, 0x4f,
    0x8d, 0x8d, 0x8d, 0x04, 0x8d, 0x8d, 0x8d, 0x00, 0x8d, 0x8d, 0x8d, 0x00, 0x8d, 0x8d, 0x8d, 0x00, 0x8d, 0x8d, 0x8d, 0x00, 0x8d, 0x8d, 0x8d, 0x00, 0x8d, 0x8d, 0x8d, 0x00, 0x8d, 0x8d, 0x8d, 0x00,
    0x8d, 0x8d, 0x8d, 0x00, 0x8d, 0x8d, 0x8d, 0x00, 0x8d, 0x8d, 0x8d, 0x00, 0x8d, 0x8d, 0x8d, 0x00, 0x8d, 0x8d, 0x8d, 0x00, 0x8d, 0x8d, 0x8d, 0x00, 0x8d, 0x8d, 0x8d, 0x00, 0x8d, 0x8d, 0x8d, 0x00,
    0x8d, 0x8d, 0x8d, 0x00, 0x8d, 0x8d, 0x8d, 0x00, 0x8d, 0x8d, 0x8d, 0x00, 0x8d, 0x8d, 0x8d, 0x00, 0x8d, 0x8d, 0x8d, 0x00, 0x8d, 0x8d, 0x8d, 0x00, 0x8d, 0x8d, 0x8d, 0x00, 0x8d, 0x8d, 0x8d, 0x00,
    0x8d, 0x8d, 0x8d, 0x00, 0x8d, 0x8d, 0x8d, 0x00, 0x8d, 0x8d, 0x8d, 0x00, 0x8d, 0x8d, 0x8d, 0x00, 0x8d, 0x8d, 0x8d, 0x00, 0x8d, 0x8d, 0x8d, 0x00, 0x8d, 0x8d, 0x8d, 0x00, 0x8d, 0x8d, 0x8d, 0x00,
    0x8d, 0x8d, 0x8d, 0x00, 0x8d, 0x8d, 0x8d, 0x00, 0x8d, 0x8d, 0x8d, 0x00, 0x8d, 0x8d, 0x8d, 0x00, 0x8d, 0x8d, 0x8d, 0x00, 0x8d, 0x8d, 0x8d, 0x00, 0x8d, 0x8d, 0x8d, 0x00, 0x8d, 0x8d, 0x8d, 0x00,
    0x8d, 0x8d, 0x8d, 0x00, 0x8d, 0x8d, 0x8d, 0x00, 0x8d, 0x8d, 0x8d, 0x00, 0x8d, 0x8d, 0x8d, 0x00, 0x8d, 0x8d, 0x8d, 0x00, 0x8d, 0x8d, 0x8d, 0x00, 0x8d, 0x8d, 0x8d, 0x00, 0x8d, 0x8d, 0x8d, 0x00,
    0x8d, 0x8d, 0x8d, 0x00, 0x8d, 0x8d, 0x8d, 0x00, 0x8d, 0x8d, 0x8d, 0x00, 0x8d, 0x8d, 0x8d, 0x00, 0x8d, 0x8d, 0x8d, 0x00, 0x8d, 0x8d, 0x8d, 0x00, 0x8d, 0x8d, 0x8d, 0x00, 0x8d, 0x8d, 0x8d, 0x00,
    0x8d, 0x8d, 0x8d, 0x00, 0x8d, 0x8d, 0x8d, 0x00, 0x8d, 0x8d, 0x8d, 0x00, 0x8d, 0x8d, 0x8d, 0x00, 0x8d, 0x8d, 0x8d, 0x00, 0x8d, 0x8d, 0x8d, 0x00, 0x8d, 0x8d, 0x8d, 0x00, 0x8d, 0x8d, 0x8d, 0x00,
    0x8d, 0x8d, 0x8d, 0x00, 0x8d, 0x8d, 0x8d, 0x00, 0x8d, 0x8d, 0x8d, 0x00, 0x8d, 0x8d, 0x8d, 0x00, 0x8d, 0x8d, 0x8d, 0x00, 0x8d, 0x8d, 0x8d, 0x00, 0x8d, 0x8d, 0x8d, 0x00, 0x8d, 0x8d, 0x8d, 0x00,
    0x8d, 0x8d, 0x8d, 0x00, 0x8d, 0x8d, 0x8d, 0x00, 0x8d, 0x8d, 0x8d, 0x00, 0x8d, 0x8d, 0x8d, 0x00, 0x8d, 0x8d, 0x8d, 0x00, 0x8d, 0x8d, 0x8d, 0x00, 0x8d, 0x8d, 0x8d, 0x00, 0x8d, 0x8d, 0x8d, 0x00,
    0x8d, 0x8d, 0x8d, 0x00, 0x8d, 0x8d, 0x8d, 0x00, 0x8d, 0x8d, 0x8d, 0x00, 0x8d, 0x8d, 0x8d, 0x00, 0x8d, 0x8d, 0x8d, 0x00, 0x8d, 0x8d, 0x8d, 0x00, 0x8d, 0x8d, 0x8d, 0x00, 0x8d, 0x8d, 0x8d, 0x00,
    0x8d, 0x8d, 0x8d, 0x00, 0x8d, 0x8d, 0x8d, 0x00, 0x8d, 0x8d, 0x8d, 0x00, 0x8d, 0x8d, 0x8d, 0x00, 0x8d, 0x8d, 0x8d, 0x00, 0x8d, 0x8d, 0x8d, 0x00, 0x8d, 0x8d, 0x8d, 0x00, 0x8d, 0x8d, 0x8d, 0x00,
    0x8d, 0x8d, 0x8d, 0x00, 0x8d, 0x8d, 0x8d, 0x00, 0x8d, 0x8d, 0x8d, 0x00, 0x8d, 0x8d, 0x8d, 0x00, 0x8d, 0x8d, 0x8d, 0x00, 0x8d, 0x8d, 0x8d, 0x00, 0x8d, 0x8d, 0x8d, 0x00, 0x8d, 0x8d, 0x8d, 0x00,
    0x8d, 0x8d, 0x8d, 0x00, 0x8d, 0x8d, 0x8d, 0x00, 0x8d, 0x8d, 0x8d, 0x00, 0x8d, 0x8d, 0x8d, 0x00, 0x8d, 0x8d, 0x8d, 0x00, 0x8d, 0x8d, 0x8d, 0x00, 0x8d, 0x8d, 0x8d, 0x00, 0x8d, 0x8d, 0x8d, 0x00,
    0x8d, 0x8d, 0x8d, 0x1a, 0x8d, 0x8d, 0x8d, 0x71, 0x8d, 0x8d, 0x8d, 0xcb, 0x8d, 0x8d, 0x8d, 0xfb, 0x8d, 0x8d, 0x8d, 0xff, 0x8d, 0x8d, 0x8d, 0xff, 0x8d, 0x8d, 0x8d, 0xff, 0x8d, 0x8d, 0x8d, 0xff,
    0x8d, 0x8d, 0x8d, 0xff, 0x8d, 0x8d, 0x8d, 0xff, 0x8d, 0x8d, 0x8d, 0xfb, 0x8d, 0x8d, 0x8d, 0xcb, 0x8d, 0x8d, 0x8d, 0x71, 0x8d, 0x8d, 0x8d, 0x1a, 0x8d, 0x8d, 0x8d, 0x00, 0x8d, 0x8d, 0x8d, 0x00,
    0x8d, 0x8d, 0x8d, 0x00, 0x8d, 0x8d, 0x8d, 0x00, 0x8d, 0x8d, 0x8d, 0x00, 0x8d, 0x8d, 0x8d, 0x00, 0x8d, 0x8d, 0x8d, 0x00, 0x8d, 0x8d, 0x8d, 0x00, 0x8d, 0x8d, 0x8d, 0x00, 0x8d, 0x8d, 0x8d, 0x00,
    0x8d, 0x8d, 0x8d, 0x00, 0x8d, 0x8d, 0x8d, 0x00, 0x8d, 0x8d, 0x8d, 0x00, 0x8d, 0x8d, 0x8d, 0x00, 0x8d, 0x8d, 0x8d, 0x00, 0x8d, 0x8d, 0x8d, 0x00, 0x8d, 0x8d, 0x8d, 0x00, 0x8d, 0x8d, 0x8d, 0x00,
    0x8d, 0x8d, 0x8d, 0x00, 0x8d, 0x8d, 0x8d, 0x00, 0x8d, 0x8d, 0x8d, 0x00, 0x8d, 0x8d, 0x8d, 0x00, 0x8d, 0x8d, 0x8d, 0x00, 0x8d, 0x8d, 0x8d, 0x00, 0x8d, 0x8d, 0x8d, 0x00, 0x8d, 0x8d, 0x8d, 0x00,
    0x8d, 0x8d, 0x8d, 0x00, 0x8d, 0x8d, 0x8d, 0x00, 0x8d, 0x8d, 0x8d, 0x00, 0x8d, 0x8d, 0x8d, 0x00, 0x8d, 0x8d, 0x8d, 0x00, 0x8d, 0x8d, 0x8d, 0x00, 0x8d, 0x8d, 0x8d, 0x00, 0x8d, 0x8d, 0x8d, 0x00,
    0x8d, 0x8d, 0x8d, 0x00, 0x8d, 0x8d, 0x8d, 0x00, 0x8d, 0x8d, 0x8d, 0x00, 0x8d, 0x8d, 0x8d, 0x00, 0x8d, 0x8d, 0x8d, 0x00, 0x8d, 0x8d, 0x8d, 0x00, 0x8d, 0x8d, 0x8d, 0x00, 0x8d, 0x8d, 0x8d, 0x00,
    0x8d, 0x8d, 0x8d, 0x00, 0x8d, 0x8d, 0x8d, 0x00, 0x8d, 0x8d, 0x8d, 0x00, 0x8d, 0x8d, 0x8d, 0x00, 0x8d, 0x8d, 0x8d, 0x00, 0x8d, 0x8d, 0x8d, 0x00, 0x8d, 0x8d, 0x8d, 0x00, 0x8d, 0x8d, 0x8d, 0x00,
    0x8d, 0x8d, 0x8d, 0x00, 0x8d, 0x8d, 0x8d, 0x00, 0x8d, 0x8d, 0x8d, 0x00, 0x8d, 0x8d, 0x8d, 0x00, 0x8d, 0x8d, 0x8d, 0x00, 0x8d, 0x8d, 0x8d, 0x00, 0x8d, 0x8d, 0x8d, 0x00, 0x8d, 0x8d, 0x8d, 0x00,
    0x8d, 0x8d, 0x8d, 0x00, 0x8d, 0x8d, 0x8d, 0x00, 0x8d, 0x8d, 0x8d, 0x00, 0x8d, 0x8d, 0x8d, 0x00, 0x8d, 0x8d, 0x8d, 0x00, 0x8d, 0x8d, 0x8d, 0x00, 0x8d, 0x8d, 0x8d, 0x00, 0x8d, 0x8d, 0x8d, 0x00,
    0x8d, 0x8d, 0x8d, 0x00, 0x8d, 0x8d, 0x8d, 0x00, 0x8d, 0x8d, 0x8d, 0x00, 0x8d, 0x8d, 0x8d, 0x00, 0x8d, 0x8d, 0x8d, 0x00, 0x8d, 0x8d, 0x8d, 0x00, 0x8d, 0x8d, 0x8d, 0x00, 0x8d, 0x8d, 0x8d, 0x00,
    0x8d, 0x8d, 0x8d, 0x00, 0x8d, 0x8d, 0x8d, 0x00, 0x8d, 0x8d, 0x8d, 0x00, 0x8d, 0x8d, 0x8d, 0x00, 0x8d, 0x8d, 0x8d, 0x00, 0x8d, 0x8d, 0x8d, 0x00, 0x8d, 0x8d, 0x8d, 0x00, 0x8d, 0x8d, 0x8d, 0x00,
    0x8d, 0x8d, 0x8d, 0x00, 0x8d, 0x8d, 0x8d, 0x00, 0x8d, 0x8d, 0x8d, 0x00, 0x8d, 0x8d, 0x8d, 0x00, 0x8d, 0x8d, 0x8d, 0x00, 0x8d, 0x8d, 0x8d, 0x00, 0x8d, 0x8d, 0x8d, 0x00, 0x8d, 0x8d, 0x8d, 0x00,
    0x8d, 0x8d, 0x8d, 0x00, 0x8d, 0x8d, 0x8d, 0x00, 0x8d, 0x8d, 0x8d, 0x00, 0x8d, 0x8d, 0x8d, 0x00, 0x8d, 0x8d, 0x8d, 0x00, 0x8d, 0x8d, 0x8d, 0x00, 0x8d, 0x8d, 0x8d, 0x00, 0x8d, 0x8d, 0x8d, 0x00,
    0x8d, 0x8d, 0x8d, 0x00, 0x8d, 0x8d, 0x8d, 0x00, 0x8d, 0x8d, 0x8d, 0x00, 0x8d, 0x8d, 0x8d, 0x00, 0x8d, 0x8d, 0x8d, 0x00, 0x8d, 0x8d, 0x8d, 0x00, 0x8d, 0x8d, 0x8d, 0x00, 0x8d, 0x8d, 0x8d, 0x00,
    0x8d, 0x8d, 0x8d, 0x00, 0x8d, 0x8d, 0x8d, 0x00, 0x8d, 0x8d, 0x8d, 0x00, 0x8d, 0x8d, 0x8d, 0x00, 0x8d, 0x8d, 0x8d, 0x00, 0x8d, 0x8d, 0x8d, 0x00, 0x8d, 0x8d, 0x8d, 0x00, 0x8d, 0x8d, 0x8d, 0x25,
    0x8d, 0x8d, 0x8d, 0x71, 0x8d, 0x8d, 0x8d, 0xba, 0x8d, 0x8d, 0x8d, 0xe9, 0x8d, 0x8d, 0x8d, 0xfb, 0x8d, 0x8d, 0x8d, 0xfe, 0x8d, 0x8d, 0x8d, 0xfe, 0x8d, 0x8d, 0x8d, 0xfb, 0x8d, 0x8d, 0x8d, 0xe9,
    0x8d, 0x8d, 0x8d, 0xba, 0x8d, 0x8d, 0x8d, 0x71, 0x8d, 0x8d, 0x8d, 0x25, 0x8d, 0x8d, 0x8d, 0x00, 0x8d, 0x8d, 0x8d, 0x00, 0x8d, 0x8d, 0x8d, 0x00, 0x8d, 0x8d, 0x8d, 0x00, 0x8d, 0x8d, 0x8d, 0x00,
    0x8d, 0x8d, 0x8d, 0x00, 0x8d, 0x8d, 0x8d, 0x00, 0x8d, 0x8d, 0x8d, 0x00, 0x8d, 0x8d, 0x8d, 0x00, 0x8d, 0x8d, 0x8d, 0x00, 0x8d, 0x8d, 0x8d, 0x00, 0x8d, 0x8d, 0x8d, 0x00, 0x8d, 0x8d, 0x8d, 0x00,
    0x8d, 0x8d, 0x8d, 0x00, 0x8d, 0x8d, 0x8d, 0x00, 0x8d, 0x8d, 0x8d, 0x00, 0x8d, 0x8d, 0x8d, 0x00, 0x8d, 0x8d, 0x8d, 0x00, 0x8d, 0x8d, 0x8d, 0x00, 0x8d, 0x8d, 0x8d, 0x00, 0x8d, 0x8d, 0x8d, 0x00,
    0x8d, 0x8d, 0x8d, 0x00, 0x8d, 0x8d, 0x8d, 0x00, 0x8d, 0x8d, 0x8d, 0x00, 0x8d, 0x8d, 0x8d, 0x00, 0x8d, 0x8d, 0x8d, 0x00, 0x8d, 0x8d, 0x8d, 0x00, 0x8d, 0x8d, 0x8d, 0x00, 0x8d, 0x8d, 0x8d, 0x00,
    0x8d, 0x8d, 0x8d, 0x00, 0x8d, 0x8d, 0x8d, 0x00, 0x8d, 0x8d, 0x8d, 0x00, 0x8d, 0x8d, 0x8d, 0x00, 0x8d, 0x8d, 0x8d, 0x00, 0x8d, 0x8d, 0x8d, 0x00, 0x8d, 0x8d, 0x8d, 0x00, 0x8d, 0x8d, 0x8d, 0x00,
    0x8d, 0x8d, 0x8d, 0x00, 0x8d, 0x8d, 0x8d, 0x00, 0x8d, 0x8d, 0x8d, 0x00, 0x8d, 0x8d, 0x8d, 0x00, 0x8d, 0x8d, 0x8d, 0x00, 0x8d, 0x8d, 0x8d, 0x00, 0x8d, 0x8d, 0x8d, 0x00, 0x8d, 0x8d, 0x8d, 0x00,
    0x8d, 0x8d, 0x8d, 0x00, 0x8d, 0x8d, 0x8d, 0x00, 0x8d, 0x8d, 0x8d, 0x00, 0x8d, 0x8d, 0x8d, 0x00, 0x8d, 0x8d, 0x8d, 0x00, 0x8d, 0x8d, 0x8d, 0x00, 0x8d, 0x8d, 0x8d, 0x00, 0x8d, 0x8d, 0x8d, 0x00,
    0x8d, 0x8d, 0x8d, 0x00, 0x8d, 0x8d, 0x8d, 0x00, 0x8d, 0x8d, 0x8d, 0x00, 0x8d, 0x8d, 0x8d, 0x00, 0x8d, 0x8d, 0x8d, 0x00, 0x8d, 0x8d, 0x8d, 0x00, 0x8d, 0x8d, 0x8d, 0x00, 0x8d, 0x8d, 0x8d, 0x00,
    0x8d, 0x8d, 0x8d, 0x00, 0x8d, 0x8d, 0x8d, 0x00, 0x8d, 0x8d, 0x8d, 0x00, 0x8d, 0x8d, 0x8d, 0x00, 0x8d, 0x8d, 0x8d, 0x00, 0x8d, 0x8d, 0x8d, 0x00, 0x8d, 0x8d, 0x8d, 0x00, 0x8d, 0x8d, 0x8d, 0x00,
    0x8d, 0x8d, 0x8d, 0x00, 0x8d, 0x8d, 0x8d, 0x00, 0x8d, 0x8d, 0x8d, 0x00, 0x8d, 0x8d, 0x8d, 0x00, 0x8d, 0x8d, 0x8d, 0x00, 0x8d, 0x8d, 0x8d, 0x00, 0x8d, 0x8d, 0x8d, 0x00, 0x8d, 0x8d, 0x8d, 0x00,
    0x8d, 0x8d, 0x8d, 0x00, 0x8d, 0x8d, 0x8d, 0x00, 0x8d, 0x8d, 0x8d, 0x00, 0x8d, 0x8d, 0x8d, 0x00, 0x8d, 0x8d, 0x8d, 0x00, 0x8d, 0x8d, 0x8d, 0x00, 0x8d, 0x8d, 0x8d, 0x00, 0x8d, 0x8d, 0x8d, 0x00,
    0x8d, 0x8d, 0x8d, 0x00, 0x8d, 0x8d, 0x8d, 0x00, 0x8d, 0x8d, 0x8d, 0x00, 0x8d, 0x8d, 0x8d, 0x00, 0x8d, 0x8d, 0x8d, 0x00, 0x8d, 0x8d, 0x8d, 0x00, 0x8d, 0x8d, 0x8d, 0x00, 0x8d, 0x8d, 0x8d, 0x00,
    0x8d, 0x8d, 0x8d, 0x00, 0x8d, 0x8d, 0x8d, 0x00, 0x8d, 0x8d, 0x8d, 0x00, 0x8d, 0x8d, 0x8d, 0x00, 0x8d, 0x8d, 0x8d, 0x00, 0x8d, 0x8d, 0x8d, 0x00, 0x8d, 0x8d, 0x8d, 0x00, 0x8d, 0x8d, 0x8d, 0x00,
    0x8d, 0x8d, 0x8d, 0x00, 0x8d, 0x8d, 0x8d, 0x00, 0x8d, 0x8d, 0x8d, 0x00, 0x8d, 0x8d, 0x8d, 0x00, 0x8d, 0x8d, 0x8d, 0x00, 0x8d, 0x8d, 0x8d, 0x00, 0x8d, 0x8d, 0x8d, 0x00, 0x8d, 0x8d, 0x8d, 0x00,
    0x8d, 0x8d, 0x8d, 0x00, 0x8d, 0x8d, 0x8d, 0x00, 0x8d, 0x8d, 0x8d, 0x00, 0x8d, 0x8d, 0x8d, 0x00, 0x8d, 0x8d, 0x8d, 0x00, 0x8d, 0x8d, 0x8d, 0x00, 0x8d, 0x8d, 0x8d, 0x1a, 0x8d, 0x8d, 0x8d, 0x4f,
    0x8d, 0x8d, 0x8d, 0x84, 0x8d, 0x8d, 0x8d, 0xa8, 0x8d, 0x8d, 0x8d, 0xba, 0x8d, 0x8d, 0x8d, 0xba, 0x8d, 0x8d, 0x8d, 0xa8, 0x8d, 0x8d, 0x8d, 0x84, 0x8d, 0x8d, 0x8d, 0x4f, 0x8d, 0x8d, 0x8d, 0x1a,
    0x8d, 0x8d, 0x8d, 0x00, 0x8d, 0x8d, 0x8d, 0x00, 0x8d, 0x8d, 0x8d, 0x00, 0x8d, 0x8d, 0x8d, 0x00, 0x8d, 0x8d, 0x8d, 0x00, 0x8d, 0x8d, 0x8d, 0x00, 0x8d, 0x8d, 0x8d, 0x00, 0x8d, 0x8d, 0x8d, 0x00,
    0x8d, 0x8d, 0x8d, 0x00, 0x8d, 0x8d, 0x8d, 0x00, 0x8d, 0x8d, 0x8d, 0x00, 0x8d, 0x8d, 0x8d, 0x00, 0x8d, 0x8d, 0x8d, 0x00, 0x8d, 0x8d, 0x8d, 0x00, 0x8d, 0x8d, 0x8d, 0x00, 0x8d, 0x8d, 0x8d, 0x00,
    0x8d, 0x8d, 0x8d, 0x00, 0x8d, 0x8d, 0x8d, 0x00, 0x8d, 0x8d, 0x8d, 0x00, 0x8d, 0x8d, 0x8d, 0x00, 0x8d, 0x8d, 0x8d, 0x00, 0x8d, 0x8d, 0x8d, 0x00, 0x8d, 0x8d, 0x8d, 0x00, 0x8d, 0x8d, 0x8d, 0x00,
    0x8d, 0x8d, 0x8d, 0x00, 0x8d, 0x8d, 0x8d, 0x00, 0x8d, 0x8d, 0x8d, 0x00, 0x8d, 0x8d, 0x8d, 0x00, 0x8d, 0x8d, 0x8d, 0x00, 0x8d, 0x8d, 0x8d, 0x00, 0x8d, 0x8d, 0x8d, 0x00, 0x8d, 0x8d, 0x8d, 0x00,
    0x8d, 0x8d, 0x8d, 0x00, 0x8d, 0x8d, 0x8d, 0x00, 0x8d, 0x8d, 0x8d, 0x00, 0x8d, 0x8d, 0x8d, 0x00, 0x8d, 0x8d, 0x8d, 0x00, 0x8d, 0x8d, 0x8d, 0x00, 0x8d, 0x8d, 0x8d, 0x00, 0x8d, 0x8d, 0x8d, 0x00,
    0x8d, 0x8d, 0x8d, 0x00, 0x8d, 0x8d, 0x8d, 0x00, 0x8d, 0x8d, 0x8d, 0x00, 0x8d, 0x8d, 0x8d, 0x00, 0x8d, 0x8d, 0x8d, 0x00, 0x8d, 0x8d, 0x8d, 0x00, 0x8d, 0x8d, 0x8d, 0x00, 0x8d, 0x8d, 0x8d, 0x00,
    0x8d, 0x8d, 0x8d, 0x00, 0x8d, 0x8d, 0x8d, 0x00, 0x8d, 0x8d, 0x8d, 0x00, 0x8d, 0x8d, 0x8d, 0x00, 0x8d, 0x8d, 0x8d, 0x00, 0x8d, 0x8d, 0x8d, 0x00, 0x8d, 0x8d, 0x8d, 0x00, 0x8d, 0x8d, 0x8d, 0x00,
    0x8d, 0x8d, 0x8d, 0x00, 0x8d, 0x8d, 0x8d, 0x00, 0x8d, 0x8d, 0x8d, 0x00, 0x8d, 0x8d, 0x8d, 0x00, 0x8d, 0x8d, 0x8d, 0x00, 0x8d, 0x8d, 0x8d, 0x00, 0x8d, 0x8d, 0x8d, 0x00, 0x8d, 0x8d, 0x8d, 0x00,
    0x8d, 0x8d, 0x8d, 0x00, 0x8d, 0x8d, 0x8d, 0x00, 0x8d, 0x8d, 0x8d, 0x00, 0x8d, 0x8d, 0x8d, 0x00, 0x8d, 0x8d, 0x8d, 0x00, 0x8d, 0x8d, 0x8d, 0x00, 0x8d, 0x8d, 0x8d, 0x00, 0x8d, 0x8d, 0x8d, 0x00,
    0x8d, 0x8d, 0x8d, 0x00, 0x8d, 0x8d, 0x8d, 0x00, 0x8d, 0x8d, 0x8d, 0x00, 0x8d, 0x8d, 0x8d, 0x00, 0x8d, 0x8d, 0x8d, 0x00, 0x8d, 0x8d, 0x8d, 0x00, 0x8d, 0x8d, 0x8d, 0x00, 0x8d, 0x8d, 0x8d, 0x00,
    0x8d, 0x8d, 0x8d, 0x00, 0x8d, 0x8d, 0x8d, 0x00, 0x8d, 0x8d, 0x8d, 0x00, 0x8d, 0x8d, 0x8d, 0x00, 0x8d, 0x8d, 0x8d, 0x00, 0x8d, 0x8d, 0x8d, 0x00, 0x8d, 0x8d, 0x8d, 0x00, 0x8d, 0x8d, 0x8d, 0x00,
    0x8d, 0x8d, 0x8d, 0x00, 0x8d, 0x8d, 0x8d, 0x00, 0x8d, 0x8d, 0x8d, 0x00, 0x8d, 0x8d, 0x8d, 0x00, 0x8d, 0x8d, 0x8d, 0x00, 0x8d, 0x8d, 0x8d, 0x00, 0x8d, 0x8d, 0x8d, 0x00, 0x8d, 0x8d, 0x8d, 0x00,
    0x8d, 0x8d, 0x8d, 0x00, 0x8d, 0x8d, 0x8d, 0x00, 0x8d, 0x8d, 0x8d, 0x00, 0x8d, 0x8d, 0x8d, 0x00, 0x8d, 0x8d, 0x8d, 0x00, 0x8d, 0x8d, 0x8d, 0x00, 0x8d, 0x8d, 0x8d, 0x00, 0x8d, 0x8d, 0x8d, 0x00,
    0x8d, 0x8d, 0x8d, 0x00, 0x8d, 0x8d, 0x8d, 0x00, 0x8d, 0x8d, 0x8d, 0x00, 0x8d, 0x8d, 0x8d, 0x00, 0x8d, 0x8d, 0x8d, 0x00, 0x8d, 0x8d, 0x8d, 0x00, 0x8d, 0x8d, 0x8d, 0x00, 0x8d, 0x8d, 0x8d, 0x00,
    0x8d, 0x8d, 0x8d, 0x00, 0x8d, 0x8d, 0x8d, 0x00, 0x8d, 0x8d, 0x8d, 0x00, 0x8d, 0x8d, 0x8d, 0x00, 0x8d, 0x8d, 0x8d, 0x00, 0x8d, 0x8d, 0x8d, 0x04, 0x8d, 0x8d, 0x8d, 0x1a, 0x8d, 0x8d, 0x8d, 0x31,
    0x8d, 0x8d, 0x8d, 0x40, 0x8d, 0x8d, 0x8d, 0x40, 0x8d, 0x8d, 0x8d, 0x31, 0x8d, 0x8d, 0x8d, 0x1a, 0x8d, 0x8d, 0x8d, 0x04, 0x8d, 0x8d, 0x8d, 0x00, 0x8d, 0x8d, 0x8d, 0x00, 0x8d, 0x8d, 0x8d, 0x00,
    0x8d, 0x8d, 0x8d, 0x00, 0x8d, 0x8d, 0x8d, 0x00, 0x8d, 0x8d, 0x8d, 0x00, 0x8d, 0x8d, 0x8d, 0x00, 0x8d, 0x8d, 0x8d, 0x00, 0x8d, 0x8d, 0x8d, 0x00, 0x8d, 0x8d, 0x8d, 0x00, 0x8d, 0x8d, 0x8d, 0x00,
    0x8d, 0x8d, 0x8d, 0x00, 0x8d, 0x8d, 0x8d, 0x00, 0x8d, 0x8d, 0x8d, 0x00, 0x8d, 0x8d, 0x8d, 0x00, 0x8d, 0x8d, 0x8d, 0x00, 0x8d, 0x8d, 0x8d, 0x00, 0x8d, 0x8d, 0x8d, 0x00, 0x8d, 0x8d, 0x8d, 0x00,
    0x8d, 0x8d, 0x8d, 0x00, 0x8d, 0x8d, 0x8d, 0x00, 0x8d, 0x8d, 0x8d, 0x00, 0x8d, 0x8d, 0x8d, 0x00, 0x8d, 0x8d, 0x8d, 0x00, 0x8d, 0x8d, 0x8d, 0x00, 0x8d, 0x8d, 0x8d, 0x00, 0x8d, 0x8d, 0x8d, 0x00,
    0x8d, 0x8d, 0x8d, 0x00, 0x8d, 0x8d, 0x8d, 0x00, 0x8d, 0x8d, 0x8d, 0x00, 0x8d, 0x8d, 0x8d, 0x00, 0x8d, 0x8d, 0x8d, 0x00, 0x8d, 0x8d, 0x8d, 0x00, 0x8d, 0x8d, 0x8d, 0x00, 0x8d, 0x8d, 0x8d, 0x00,
    0x8d, 0x8d, 0x8d, 0x00, 0x8d, 0x8d, 0x8d, 0x00, 0x8d, 0x8d, 0x8d, 0x00, 0x8d, 0x8d, 0x8d, 0x00, 0x8d, 0x8d, 0x8d, 0x00, 0x8d, 0x8d, 0x8d, 0x00, 0x8d, 0x8d, 0x8d, 0x00, 0x8d, 0x8d, 0x8d, 0x00,
    0x8d, 0x8d, 0x8d, 0x00, 0x8d, 0x8d, 0x8d, 0x00, 0x8d, 0x8d, 0x8d, 0x00, 0x8d, 0x8d, 0x8d, 0x00, 0x8d, 0x8d, 0x8d, 0x00, 0x8d, 0x8d, 0x8d, 0x00, 0x8d, 0x8d, 0x8d, 0x00, 0x8d, 0x8d, 0x8d, 0x00,
    0x8d, 0x8d, 0x8d, 0x00, 0x8d, 0x8d, 0x8d, 0x00, 0x8d, 0x8d, 0x8d, 0x00, 0x8d, 0x8d, 0x8d, 0x00, 0x8d, 0x8d, 0x8d, 0x00, 0x8d, 0x8d, 0x8d, 0x00, 0x8d, 0x8d, 0x8d, 0x00, 0x8d, 0x8d, 0x8d, 0x00,
    0x8d, 0x8d, 0x8d, 0x00, 0x8d, 0x8d, 0x8d, 0x00, 0x8d, 0x8d, 0x8d, 0x00, 0x8d, 0x8d, 0x8d, 0x00, 0x8d, 0x8d, 0x8d, 0x00, 0x8d, 0x8d, 0x8d, 0x00, 0x8d, 0x8d, 0x8d, 0x00, 0x8d, 0x8d, 0x8d, 0x00,
    0x8d, 0x8d, 0x8d, 0x00, 0x8d, 0x8d, 0x8d, 0x00, 0x8d, 0x8d, 0x8d, 0x00, 0x8d, 0x8d, 0x8d, 0x00, 0x8d, 0x8d, 0x8d, 0x00, 0x8d, 0x8d, 0x8d, 0x00, 0x8d, 0x8d, 0x8d, 0x00, 0x8d, 0x8d, 0x8d, 0x00,
    0x8d, 0x8d, 0x8d, 0x00, 0x8d, 0x8d, 0x8d, 0x00, 0x8d, 0x8d, 0x8d, 0x00, 0x8d, 0x8d, 0x8d, 0x00, 0x8d, 0x8d, 0x8d, 0x00, 0x8d, 0x8d, 0x8d, 0x00, 0x8d, 0x8d, 0x8d, 0x00, 0x8d, 0x8d, 0x8d, 0x00,
    0x8d, 0x8d, 0x8d, 0x00, 0x8d, 0x8d, 0x8d, 0x00, 0x8d, 0x8d, 0x8d, 0x00, 0x8d, 0x8d, 0x8d, 0x00, 0x8d, 0x8d, 0x8d, 0x00, 0x8d, 0x8d, 0x8d, 0x00, 0x8d, 0x8d, 0x8d, 0x00, 0x8d, 0x8d, 0x8d, 0x00,
    0x8d, 0x8d, 0x8d, 0x00, 0x8d, 0x8d, 0x8d, 0x00, 0x8d, 0x8d, 0x8d, 0x00, 0x8d, 0x8d, 0x8d, 0x00, 0x8d, 0x8d, 0x8d, 0x00, 0x8d, 0x8d, 0x8d, 0x00, 0x8d, 0x8d, 0x8d, 0x00, 0x8d, 0x8d, 0x8d, 0x00,
    0x8d, 0x8d, 0x8d, 0x00, 0x8d, 0x8d, 0x8d, 0x00, 0x8d, 0x8d, 0x8d, 0x00, 0x8d, 0x8d, 0x8d, 0x00, 0x8d, 0x8d, 0x8d, 0x00, 0x8d, 0x8d, 0x8d, 0x00, 0x8d, 0x8d, 0x8d, 0x00, 0x8d, 0x8d, 0x8d, 0x00,
    0x8d, 0x8d, 0x8d, 0x00, 0x8d, 0x8d, 0x8d, 0x00, 0x8d, 0x8d, 0x8d, 0x00, 0x8d, 0x8d, 0x8d, 0x00, 0x8d, 0x8d, 0x8d, 0x00, 0x8d, 0x8d, 0x8d, 0x00, 0x8d, 0x8d, 0x8d, 0x00, 0x8d, 0x8d, 0x8d, 0x00,
    0x8d, 0x8d, 0x8d, 0x00, 0x8d, 0x8d, 0x8d, 0x00, 0x8d, 0x8d, 0x8d, 0x00, 0x8d, 0x8d, 0x8d, 0x00, 0x8d, 0x8d, 0x8d, 0x00, 0x8d, 0x8d, 0x8d, 0x00, 0x8d, 0x8d, 0x8d, 0x00, 0x8d, 0x8d, 0x8d, 0x00,
    0x8d, 0x8d, 0x8d, 0x00, 0x8d, 0x8d, 0x8d, 0x00, 0x8d, 0x8d, 0x8d, 0x00, 0x8d, 0x8d, 0x8d, 0x00, 0x8d, 0x8d, 0x8d, 0x00, 0x8d, 0x8d, 0x8d, 0x00, 0x8d, 0x8d, 0x8d, 0x00, 0x8d, 0x8d, 0x8d, 0x00,
    0x8d, 0x8d, 0x8d, 0x00, 0x8d, 0x8d, 0x8d, 0x00, 0x8d, 0x8d, 0x8d, 0x00, 0x8d, 0x8d, 0x8d, 0x00, 0x8d, 0x8d, 0x8d, 0x00, 0x8d, 0x8d, 0x8d, 0x00, 0x8d, 0x8d, 0x8d, 0x00, 0x8d, 0x8d, 0x8d, 0x00,
    0x8d, 0x8d, 0x8d, 0x00, 0x8d, 0x8d, 0x8d, 0x00, 0x8d, 0x8d, 0x8d, 0x00, 0x8d, 0x8d, 0x8d, 0x00, 0x8d, 0x8d, 0x8d, 0x00, 0x8d, 0x8d, 0x8d, 0x00, 0x8d, 0x8d, 0x8d, 0x00, 0x8d, 0x8d, 0x8d, 0x00,
    0x8d, 0x8d, 0x8d, 0x00, 0x8d, 0x8d, 0x8d, 0x00, 0x8d, 0x8d, 0x8d, 0x00, 0x8d, 0x8d, 0x8d, 0x00, 0x8d, 0x8d, 0x8d, 0x00, 0x8d, 0x8d, 0x8d, 0x00, 0x8d, 0x8d, 0x8d, 0x00, 0x8d, 0x8d, 0x8d, 0x00,
    0x8d, 0x8d, 0x8d, 0x00, 0x8d, 0x8d, 0x8d, 0x00, 0x8d, 0x8d, 0x8d, 0x00, 0x8d, 0x8d, 0x8d, 0x00, 0x8d, 0x8d, 0x8d, 0x00, 0x8d, 0x8d, 0x8d, 0x00, 0x8d, 0x8d, 0x8d, 0x00, 0x8d, 0x8d, 0x8d, 0x00,
    0x8d, 0x8d, 0x8d, 0x00, 0x8d, 0x8d, 0x8d, 0x00, 0x8d, 0x8d, 0x8d, 0x00, 0x8d, 0x8d, 0x8d, 0x00, 0x8d, 0x8d, 0x8d, 0x00, 0x8d, 0x8d, 0x8d, 0x00, 0x8d, 0x8d, 0x8d, 0x00, 0x8d, 0x8d, 0x8d, 0x00,
    0x8d, 0x8d, 0x8d, 0x00, 0x8d, 0x8d, 0x8d, 0x00, 0x8d, 0x8d, 0x8d, 0x00, 0x8d, 0x8d, 0x8d, 0x00, 0x8d, 0x8d, 0x8d, 0x00, 0x8d, 0x8d, 0x8d, 0x00, 0x8d, 0x8d, 0x8d, 0x00, 0x8d, 0x8d, 0x8d, 0x00,
    0x8d, 0x8d, 0x8d, 0x00, 0x8d, 0x8d, 0x8d, 0x00, 0x8d, 0x8d, 0x8d, 0x00, 0x8d, 0x8d, 0x8d, 0x00, 0x8d, 0x8d, 0x8d, 0x00, 0x8d, 0x8d, 0x8d, 0x00, 0x8d, 0x8d, 0x8d, 0x00, 0x8d, 0x8d, 0x8d, 0x00,
    0x8d, 0x8d, 0x8d, 0x00, 0x8d, 0x8d, 0x8d, 0x00, 0x8d, 0x8d, 0x8d, 0x00, 0x8d, 0x8d, 0x8d, 0x00, 0x8d, 0x8d, 0x8d, 0x00, 0x8d, 0x8d, 0x8d, 0x00, 0x8d, 0x8d, 0x8d, 0x00, 0x8d, 0x8d, 0x8d, 0x00,
    0x8d, 0x8d, 0x8d, 0x00, 0x8d, 0x8d, 0x8d, 0x00, 0x8d, 0x8d, 0x8d, 0x00, 0x8d, 0x8d, 0x8d, 0x00, 0x8d, 0x8d, 0x8d, 0x00, 0x8d, 0x8d, 0x8d, 0x00, 0x8d, 0x8d, 0x8d, 0x00, 0x8d, 0x8d, 0x8d, 0x00,
    0x8d, 0x8d, 0x8d, 0x00, 0x8d, 0x8d, 0x8d, 0x00, 0x8d, 0x8d, 0x8d, 0x00, 0x8d, 0x8d, 0x8d, 0x00, 0x8d, 0x8d, 0x8d, 0x00, 0x8d, 0x8d, 0x8d, 0x00, 0x8d, 0x8d, 0x8d, 0x00, 0x8d, 0x8d, 0x8d, 0x00,
    0x8d, 0x8d, 0x8d, 0x00, 0x8d, 0x8d, 0x8d, 0x00, 0x8d, 0x8d, 0x8d, 0x00, 0x8d, 0x8d, 0x8d, 0x00, 0x8d, 0x8d, 0x8d, 0x00, 0x8d, 0x8d, 0x8d, 0x00, 0x8d, 0x8d, 0x8d, 0x00, 0x8d, 0x8d, 0x8d, 0x00,
    0x8d, 0x8d, 0x8d, 0x00, 0x8d, 0x8d, 0x8d, 0x00, 0x8d, 0x8d, 0x8d, 0x00, 0x8d, 0x8d, 0x8d, 0x00, 0x8d, 0x8d, 0x8d, 0x00, 0x8d, 0x8d, 0x8d, 0x00, 0x8d, 0x8d, 0x8d, 0x00, 0x8d, 0x8d, 0x8d, 0x00,
    0x8d, 0x8d, 0x8d, 0x00, 0x8d, 0x8d, 0x8d, 0x00, 0x8d, 0x8d, 0x8d, 0x00, 0x8d, 0x8d, 0x8d, 0x00, 0x8d, 0x8d, 0x8d, 0x00, 0x8d, 0x8d, 0x8d, 0x00, 0x8d, 0x8d, 0x8d, 0x00, 0x8d, 0x8d, 0x8d, 0x00,
    0x8d, 0x8d, 0x8d, 0x00, 0x8d, 0x8d, 0x8d, 0x00, 0x8d, 0x8d, 0x8d, 0x00, 0x8d, 0x8d, 0x8d, 0x00, 0x8d, 0x8d, 0x8d, 0x00, 0x8d, 0x8d, 0x8d, 0x00, 0x8d, 0x8d, 0x8d, 0x00, 0x8d, 0x8d, 0x8d, 0x00,
    0x8d, 0x8d, 0x8d, 0x00, 0x8d, 0x8d, 0x8d, 0x00, 0x8d, 0x8d, 0x8d, 0x00, 0x8d, 0x8d, 0x8d, 0x00, 0x8d, 0x8d, 0x8d, 0x00, 0x8d, 0x8d, 0x8d, 0x00, 0x8d, 0x8d, 0x8d, 0x00, 0x8d, 0x8d, 0x8d, 0x00,
    0x8d, 0x8d, 0x8d, 0x00, 0x8d, 0x8d, 0x8d, 0x00, 0x8d, 0x8d, 0x8d, 0x00, 0x8d, 0x8d, 0x8d, 0x00, 0x8d, 0x8d, 0x8d, 0x00, 0x8d, 0x8d, 0x8d, 0x00, 0x8d, 0x8d, 0x8d, 0x00, 0x8d, 0x8d, 0x8d, 0x00,
    0x8d, 0x8d, 0x8d, 0x00, 0x8d, 0x8d, 0x8d, 0x00, 0x8d, 0x8d, 0x8d, 0x00, 0x8d, 0x8d, 0x8d, 0x00, 0x8d, 0x8d, 0x8d, 0x00, 0x8d, 0x8d, 0x8d, 0x00, 0x8d, 0x8d, 0x8d, 0x00, 0x8d, 0x8d, 0x8d, 0x00,
    0x8d, 0x8d, 0x8d, 0x00, 0x8d, 0x8d, 0x8d, 0x00, 0x8d, 0x8d, 0x8d, 0x00, 0x8d, 0x8d, 0x8d, 0x00, 0x8d, 0x8d, 0x8d, 0x00, 0x8d, 0x8d, 0x8d, 0x00, 0x8d, 0x8d, 0x8d, 0x00, 0x8d, 0x8d, 0x8d, 0x00,
    0x8d, 0x8d, 0x8d, 0x00, 0x8d, 0x8d, 0x8d, 0x00, 0x8d, 0x8d, 0x8d, 0x00, 0x8d, 0x8d, 0x8d, 0x00, 0x8d, 0x8d, 0x8d, 0x00, 0x8d, 0x8d, 0x8d, 0x00, 0x8d, 0x8d, 0x8d, 0x00, 0x8d, 0x8d, 0x8d, 0x00,
    0x8d, 0x8d, 0x8d, 0x00, 0x8d, 0x8d, 0x8d, 0x00, 0x8d, 0x8d, 0x8d, 0x00, 0x8d, 0x8d, 0x8d, 0x00, 0x8d, 0x8d, 0x8d, 0x00, 0x8d, 0x8d, 0x8d, 0x00, 0x8d, 0x8d, 0x8d, 0x00, 0x8d, 0x8d, 0x8d, 0x00,
    0x8d, 0x8d, 0x8d, 0x00, 0x8d, 0x8d, 0x8d, 0x00, 0x8d, 0x8d, 0x8d, 0x00, 0x8d, 0x8d, 0x8d, 0x00, 0x8d, 0x8d, 0x8d, 0x00, 0x8d, 0x8d, 0x8d, 0x00, 0x8d, 0x8d, 0x8d, 0x00, 0x8d, 0x8d, 0x8d, 0x00,
    0x8d, 0x8d, 0x8d, 0x00, 0x8d, 0x8d, 0x8d, 0x00, 0x8d, 0x8d, 0x8d, 0x00, 0x8d, 0x8d, 0x8d, 0x00, 0x8d, 0x8d, 0x8d, 0x00, 0x8d, 0x8d, 0x8d, 0x00, 0x8d, 0x8d, 0x8d, 0x00, 0x8d, 0x8d, 0x8d, 0x00,
    0x8d, 0x8d, 0x8d, 0x00, 0x8d, 0x8d, 0x8d, 0x00, 0x8d, 0x8d, 0x8d, 0x00, 0x8d, 0x8d, 0x8d, 0x00, 0x8d, 0x8d, 0x8d, 0x00, 0x8d, 0x8d, 0x8d, 0x00, 0x8d, 0x8d, 0x8d, 0x00, 0x8d, 0x8d, 0x8d, 0x00,
    0x8d, 0x8d, 0x8d, 0x00, 0x8d, 0x8d, 0x8d, 0x00, 0x8d, 0x8d, 0x8d, 0x00, 0x8d, 0x8d, 0x8d, 0x00, 0x8d, 0x8d, 0x8d, 0x00, 0x8d, 0x8d, 0x8d, 0x00, 0x8d, 0x8d, 0x8d, 0x00, 0x8d, 0x8d, 0x8d, 0x00,
    0x8d, 0x8d, 0x8d, 0x00, 0x8d, 0x8d, 0x8d, 0x00, 0x8d, 0x8d, 0x8d, 0x00, 0x8d, 0x8d, 0x8d, 0x00, 0x8d, 0x8d, 0x8d, 0x00, 0x8d, 0x8d, 0x8d, 0x00, 0x8d, 0x8d, 0x8d, 0x00, 0x8d, 0x8d, 0x8d, 0x00,
    0x8d, 0x8d, 0x8d, 0x00, 0x8d, 0x8d, 0x8d, 0x00, 0x8d, 0x8d, 0x8d, 0x00, 0x8d, 0x8d, 0x8d, 0x00, 0x8d, 0x8d, 0x8d, 0x00, 0x8d, 0x8d, 0x8d, 0x00, 0x8d, 0x8d, 0x8d, 0x00, 0x8d, 0x8d, 0x8d, 0x00,
    0x8d, 0x8d, 0x8d, 0x00, 0x8d, 0x8d, 0x8d, 0x00, 0x8d, 0x8d, 0x8d, 0x00, 0x8d, 0x8d, 0x8d, 0x00, 0x8d, 0x8d, 0x8d, 0x00, 0x8d, 0x8d, 0x8d, 0x00, 0x8d, 0x8d, 0x8d, 0x00, 0x8d, 0x8d, 0x8d, 0x00,
    0x8d, 0x8d, 0x8d, 0x00, 0x8d, 0x8d, 0x8d, 0x00, 0x8d, 0x8d, 0x8d, 0x00, 0x8d, 0x8d, 0x8d, 0x00, 0x8d, 0x8d, 0x8d, 0x00, 0x8d, 0x8d, 0x8d, 0x00, 0x8d, 0x8d, 0x8d, 0x00, 0x8d, 0x8d, 0x8d, 0x00,
    0x8d, 0x8d, 0x8d, 0x00, 0x8d, 0x8d, 0x8d, 0x00, 0x8d, 0x8d, 0x8d, 0x00, 0x8d, 0x8d, 0x8d, 0x00, 0x8d, 0x8d, 0x8d, 0x00, 0x8d, 0x8d, 0x8d, 0x00, 0x8d, 0x8d, 0x8d, 0x00, 0x8d, 0x8d, 0x8d, 0x00,
    0x8d, 0x8d, 0x8d, 0x00, 0x8d, 0x8d, 0x8d, 0x00, 0x8d, 0x8d, 0x8d, 0x00, 0x8d, 0x8d, 0x8d, 0x00, 0x8d, 0x8d, 0x8d, 0x00, 0x8d, 0x8d, 0x8d, 0x00, 0x8d, 0x8d, 0x8d, 0x00, 0x8d, 0x8d, 0x8d, 0x00,
    0x8d, 0x8d, 0x8d, 0x00, 0x8d, 0x8d, 0x8d, 0x00, 0x8d, 0x8d, 0x8d, 0x00, 0x8d, 0x8d, 0x8d, 0x00, 0x8d, 0x8d, 0x8d, 0x00, 0x8d, 0x8d, 0x8d, 0x00, 0x8d, 0x8d, 0x8d, 0x00, 0x8d, 0x8d, 0x8d, 0x00,
    0x8d, 0x8d, 0x8d, 0x00, 0x8d, 0x8d, 0x8d, 0x00, 0x8d, 0x8d, 0x8d, 0x00, 0x8d, 0x8d, 0x8d, 0x00, 0x8d, 0x8d, 0x8d, 0x00, 0x8d, 0x8d, 0x8d, 0x00, 0x8d, 0x8d, 0x8d, 0x00, 0x8d, 0x8d, 0x8d, 0x00,
    0x8d, 0x8d, 0x8d, 0x00, 0x8d, 0x8d, 0x8d, 0x00, 0x8d, 0x8d, 0x8d, 0x00, 0x8d, 0x8d, 0x8d, 0x00, 0x8d, 0x8d, 0x8d, 0x00, 0x8d, 0x8d, 0x8d, 0x00, 0x8d, 0x8d, 0x8d, 0x00, 0x8d, 0x8d, 0x8d, 0x00,
    0x8d, 0x8d, 0x8d, 0x00, 0x8d, 0x8d, 0x8d, 0x00, 0x8d, 0x8d, 0x8d, 0x00, 0x8d, 0x8d, 0x8d, 0x00, 0x8d, 0x8d, 0x8d, 0x00, 0x8d, 0x8d, 0x8d, 0x00, 0x8d, 0x8d, 0x8d, 0x00, 0x8d, 0x8d, 0x8d, 0x00,
    0x8d, 0x8d, 0x8d, 0x00, 0x8d, 0x8d, 0x8d, 0x00, 0x8d, 0x8d, 0x8d, 0x00, 0x8d, 0x8d, 0x8d, 0x00, 0x8d, 0x8d, 0x8d, 0x00, 0x8d, 0x8d, 0x8d, 0x00, 0x8d, 0x8d, 0x8d, 0x00, 0x8d, 0x8d, 0x8d, 0x00,
    0x8d, 0x8d, 0x8d, 0x00, 0x8d, 0x8d, 0x8d, 0x00, 0x8d, 0x8d, 0x8d, 0x00, 0x8d, 0x8d, 0x8d, 0x00, 0x8d, 0x8d, 0x8d, 0x00, 0x8d, 0x8d, 0x8d, 0x00, 0x8d, 0x8d, 0x8d, 0x00, 0x8d, 0x8d, 0x8d, 0x00,
    0x8d, 0x8d, 0x8d, 0x00, 0x8d, 0x8d, 0x8d, 0x00, 0x8d, 0x8d, 0x8d, 0x00, 0x8d, 0x8d, 0x8d, 0x00, 0x8d, 0x8d, 0x8d, 0x00, 0x8d, 0x8d, 0x8d, 0x00, 0x8d, 0x8d, 0x8d, 0x00, 0x8d, 0x8d, 0x8d, 0x00,
    0x8d, 0x8d, 0x8d, 0x00, 0x8d, 0x8d, 0x8d, 0x00, 0x8d, 0x8d, 0x8d, 0x00, 0x8d, 0x8d, 0x8d, 0x00, 0x8d, 0x8d, 0x8d, 0x00, 0x8d, 0x8d, 0x8d, 0x00, 0x8d, 0x8d, 0x8d, 0x00, 0x8d, 0x8d, 0x8d, 0x00,
    0x8d, 0x8d, 0x8d, 0x00, 0x8d, 0x8d, 0x8d, 0x00, 0x8d, 0x8d, 0x8d, 0x00, 0x8d, 0x8d, 0x8d, 0x00, 0x8d, 0x8d, 0x8d, 0x00, 0x8d, 0x8d, 0x8d, 0x00, 0x8d, 0x8d, 0x8d, 0x00, 0x8d, 0x8d, 0x8d, 0x00,
    0x8d, 0x8d, 0x8d, 0x00, 0x8d, 0x8d, 0x8d, 0x00, 0x8d, 0x8d, 0x8d, 0x00, 0x8d, 0x8d, 0x8d, 0x00, 0x8d, 0x8d, 0x8d, 0x00, 0x8d, 0x8d, 0x8d, 0x00, 0x8d, 0x8d, 0x8d, 0x00, 0x8d, 0x8d, 0x8d, 0x00,
    0x8d, 0x8d, 0x8d, 0x00, 0x8d, 0x8d, 0x8d, 0x00, 0x8d, 0x8d, 0x8d, 0x00, 0x8d, 0x8d, 0x8d, 0x00, 0x8d, 0x8d, 0x8d, 0x00, 0x8d, 0x8d, 0x8d, 0x00, 0x8d, 0x8d, 0x8d, 0x00, 0x8d, 0x8d, 0x8d, 0x00,
    0x8d, 0x8d, 0x8d, 0x00, 0x8d, 0x8d, 0x8d, 0x00, 0x8d, 0x8d, 0x8d, 0x00, 0x8d, 0x8d, 0x8d, 0x00, 0x8d, 0x8d, 0x8d, 0x00, 0x8d, 0x8d, 0x8d, 0x00, 0x8d, 0x8d, 0x8d, 0x00, 0x8d, 0x8d, 0x8d, 0x00,
    0x8d, 0x8d, 0x8d, 0x00, 0x8d, 0x8d, 0x8d, 0x00, 0x8d, 0x8d, 0x8d, 0x00, 0x8d, 0x8d, 0x8d, 0x00, 0x8d, 0x8d, 0x8d, 0x00, 0x8d, 0x8d, 0x8d, 0x00, 0x8d, 0x8d, 0x8d, 0x00, 0x8d, 0x8d, 0x8d, 0x00,
    0x8d, 0x8d, 0x8d, 0x00, 0x8d, 0x8d, 0x8d, 0x00, 0x8d, 0x8d, 0x8d, 0x00, 0x8d, 0x8d, 0x8d, 0x00, 0x8d, 0x8d, 0x8d, 0x00, 0x8d, 0x8d, 0x8d, 0x00, 0x8d, 0x8d, 0x8d, 0x00, 0x8d, 0x8d, 0x8d, 0x00,
    0x8d, 0x8d, 0x8d, 0x00, 0x8d, 0x8d, 0x8d, 0x00, 0x8d, 0x8d, 0x8d, 0x00, 0x8d, 0x8d, 0x8d, 0x00, 0x8d, 0x8d, 0x8d, 0x00, 0x8d, 0x8d, 0x8d, 0x00, 0x8d, 0x8d, 0x8d, 0x00, 0x8d, 0x8d, 0x8d, 0x00,
    0x8d, 0x8d, 0x8d, 0x00, 0x8d, 0x8d, 0x8d, 0x00, 0x8d, 0x8d, 0x8d, 0x00, 0x8d, 0x8d, 0x8d, 0x00, 0x8d, 0x8d, 0x8d, 0x00, 0x8d, 0x8d, 0x8d, 0x00, 0x8d, 0x8d, 0x8d, 0x00, 0x8d, 0x8d, 0x8d, 0x00,
    0x8d, 0x8d, 0x8d, 0x00, 0x8d, 0x8d, 0x8d, 0x00, 0x8d, 0x8d, 0x8d, 0x00, 0x8d, 0x8d, 0x8d, 0x00, 0x8d, 0x8d, 0x8d, 0x00, 0x8d, 0x8d, 0x8d, 0x00, 0x8d, 0x8d, 0x8d, 0x00, 0x8d, 0x8d, 0x8d, 0x00,
    0x8d, 0x8d, 0x8d, 0x00, 0x8d, 0x8d, 0x8d, 0x00, 0x8d, 0x8d, 0x8d, 0x00, 0x8d, 0x8d, 0x8d, 0x00, 0x8d, 0x8d, 0x8d, 0x00, 0x8d, 0x8d, 0x8d, 0x00, 0x8d, 0x8d, 0x8d, 0x00, 0x8d, 0x8d, 0x8d, 0x00,
    0x8d, 0x8d, 0x8d, 0x00, 0x8d, 0x8d, 0x8d, 0x00, 0x8d, 0x8d, 0x8d, 0x00, 0x8d, 0x8d, 0x8d, 0x00, 0x8d, 0x8d, 0x8d, 0x00, 0x8d, 0x8d, 0x8d, 0x00, 0x8d, 0x8d, 0x8d, 0x00, 0x8d, 0x8d, 0x8d, 0x00,
    0x8d, 0x8d, 0x8d, 0x00, 0x8d, 0x8d, 0x8d, 0x00, 0x8d, 0x8d, 0x8d, 0x00, 0x8d, 0x8d, 0x8d, 0x00, 0x8d, 0x8d, 0x8d, 0x00, 0x8d, 0x8d, 0x8d, 0x00, 0x8d, 0x8d, 0x8d, 0x00, 0x8d, 0x8d, 0x8d, 0x00,
    0x8d, 0x8d, 0x8d, 0x00, 0x8d, 0x8d, 0x8d, 0x00, 0x8d, 0x8d, 0x8d, 0x00, 0x8d, 0x8d, 0x8d, 0x00, 0x8d, 0x8d, 0x8d, 0x00, 0x8d, 0x8d, 0x8d, 0x00, 0x8d, 0x8d, 0x8d, 0x00, 0x8d, 0x8d, 0x8d, 0x00,
    0x8d, 0x8d, 0x8d, 0x00, 0x8d, 0x8d, 0x8d, 0x00, 0x8d, 0x8d, 0x8d, 0x00, 0x8d, 0x8d, 0x8d, 0x00, 0x8d, 0x8d, 0x8d, 0x00, 0x8d, 0x8d, 0x8d, 0x00, 0x8d, 0x8d, 0x8d, 0x00, 0x8d, 0x8d, 0x8d, 0x00,
    0x8d, 0x8d, 0x8d, 0x00, 0x8d, 0x8d, 0x8d, 0x00, 0x8d, 0x8d, 0x8d, 0x00, 0x8d, 0x8d, 0x8d, 0x00, 0x8d, 0x8d, 0x8d, 0x00, 0x8d, 0x8d, 0x8d, 0x00, 0x8d, 0x8d, 0x8d, 0x00, 0x8d, 0x8d, 0x8d, 0x00,
    0x8d, 0x8d, 0x8d, 0x00, 0x8d, 0x8d, 0x8d, 0x00, 0x8d, 0x8d, 0x8d, 0x00, 0x8d, 0x8d, 0x8d, 0x00, 0x8d, 0x8d, 0x8d, 0x00, 0x8d, 0x8d, 0x8d, 0x00, 0x8d, 0x8d, 0x8d, 0x00, 0x8d, 0x8d, 0x8d, 0x00,
    0x8d, 0x8d, 0x8d, 0x00, 0x8d, 0x8d, 0x8d, 0x00, 0x8d, 0x8d, 0x8d, 0x00, 0x8d, 0x8d, 0x8d, 0x00, 0x8d, 0x8d, 0x8d, 0x00, 0x8d, 0x8d, 0x8d, 0x00, 0x8d, 0x8d, 0x8d, 0x00, 0x8d, 0x8d, 0x8d, 0x00,
    0x8d, 0x8d, 0x8d, 0x00, 0x8d, 0x8d, 0x8d, 0x00, 0x8d, 0x8d, 0x8d, 0x00, 0x8d, 0x8d, 0x8d, 0x00, 0x8d, 0x8d, 0x8d, 0x00, 0x8d, 0x8d, 0x8d, 0x00, 0x8d, 0x8d, 0x8d, 0x00, 0x8d, 0x8d, 0x8d, 0x00,
    0x8d, 0x8d, 0x8d, 0x00, 0x8d, 0x8d, 0x8d, 0x00, 0x8d, 0x8d, 0x8d, 0x00, 0x8d, 0x8d, 0x8d, 0x00, 0x8d, 0x8d, 0x8d, 0x00, 0x8d, 0x8d, 0x8d, 0x00, 0x8d, 0x8d, 0x8d, 0x00, 0x8d, 0x8d, 0x8d, 0x00,
    0x8d, 0x8d, 0x8d, 0x00, 0x8d, 0x8d, 0x8d, 0x00, 0x8d, 0x8d, 0x8d, 0x00, 0x8d, 0x8d, 0x8d, 0x00, 0x8d, 0x8d, 0x8d, 0x00, 0x8d, 0x8d, 0x8d, 0x00, 0x8d, 0x8d, 0x8d, 0x00, 0x8d, 0x8d, 0x8d, 0x00,
    0x8d, 0x8d, 0x8d, 0x00, 0x8d, 0x8d, 0x8d, 0x00, 0x8d, 0x8d, 0x8d, 0x00, 0x8d, 0x8d, 0x8d, 0x00, 0x8d, 0x8d, 0x8d, 0x00, 0x8d, 0x8d, 0x8d, 0x00, 0x8d, 0x8d, 0x8d, 0x00, 0x8d, 0x8d, 0x8d, 0x00,
    0x8d, 0x8d, 0x8d, 0x00, 0x8d, 0x8d, 0x8d, 0x00, 0x8d, 0x8d, 0x8d, 0x00, 0x8d, 0x8d, 0x8d, 0x00, 0x8d, 0x8d, 0x8d, 0x00, 0x8d, 0x8d, 0x8d, 0x00, 0x8d, 0x8d, 0x8d, 0x00, 0x8d, 0x8d, 0x8d, 0x00,
    0x8d, 0x8d, 0x8d, 0x00, 0x8d, 0x8d, 0x8d, 0x00, 0x8d, 0x8d, 0x8d, 0x00, 0x8d, 0x8d, 0x8d, 0x00, 0x8d, 0x8d, 0x8d, 0x00, 0x8d, 0x8d, 0x8d, 0x00, 0x8d, 0x8d, 0x8d, 0x00, 0x8d, 0x8d, 0x8d, 0x00,
    0x8d, 0x8d, 0x8d, 0x00, 0x8d, 0x8d, 0x8d, 0x00, 0x8d, 0x8d, 0x8d, 0x00, 0x8d, 0x8d, 0x8d, 0x00, 0x8d, 0x8d, 0x8d, 0x00, 0x8d, 0x8d, 0x8d, 0x00, 0x8d, 0x8d, 0x8d, 0x00, 0x8d, 0x8d, 0x8d, 0x00,
    0x8d, 0x8d, 0x8d, 0x00, 0x8d, 0x8d, 0x8d, 0x00, 0x8d, 0x8d, 0x8d, 0x00, 0x8d, 0x8d, 0x8d, 0x00, 0x8d, 0x8d, 0x8d, 0x00, 0x8d, 0x8d, 0x8d, 0x00, 0x8d, 0x8d, 0x8d, 0x00, 0x8d, 0x8d, 0x8d, 0x00,
    0x8d, 0x8d, 0x8d, 0x00, 0x8d, 0x8d, 0x8d, 0x00, 0x8d, 0x8d, 0x8d, 0x00, 0x8d, 0x8d, 0x8d, 0x00, 0x8d, 0x8d, 0x8d, 0x00, 0x8d, 0x8d, 0x8d, 0x00, 0x8d, 0x8d, 0x8d, 0x00, 0x8d, 0x8d, 0x8d, 0x00,
    0x8d, 0x8d, 0x8d, 0x00, 0x8d, 0x8d, 0x8d, 0x00, 0x8d, 0x8d, 0x8d, 0x00, 0x8d, 0x8d, 0x8d, 0x00, 0x8d, 0x8d, 0x8d, 0x00, 0x8d, 0x8d, 0x8d, 0x00, 0x8d, 0x8d, 0x8d, 0x00, 0x8d, 0x8d, 0x8d, 0x00,
    0x8d, 0x8d, 0x8d, 0x00, 0x8d, 0x8d, 0x8d, 0x00, 0x8d, 0x8d, 0x8d, 0x00, 0x8d, 0x8d, 0x8d, 0x00, 0x8d, 0x8d, 0x8d, 0x00, 0x8d, 0x8d, 0x8d, 0x00, 0x8d, 0x8d, 0x8d, 0x00, 0x8d, 0x8d, 0x8d, 0x00,
    0x8d, 0x8d, 0x8d, 0x00, 0x8d, 0x8d, 0x8d, 0x00, 0x8d, 0x8d, 0x8d, 0x00, 0x8d, 0x8d, 0x8d, 0x00, 0x8d, 0x8d, 0x8d, 0x00, 0x8d, 0x8d, 0x8d, 0x00, 0x8d, 0x8d, 0x8d, 0x00, 0x8d, 0x8d, 0x8d, 0x00,
    0x8d, 0x8d, 0x8d, 0x00, 0x8d, 0x8d, 0x8d, 0x00, 0x8d, 0x8d, 0x8d, 0x00, 0x8d, 0x8d, 0x8d, 0x00, 0x8d, 0x8d, 0x8d, 0x00, 0x8d, 0x8d, 0x8d, 0x00, 0x8d, 0x8d, 0x8d, 0x00, 0x8d, 0x8d, 0x8d, 0x00,
    0x8d, 0x8d, 0x8d, 0x00, 0x8d, 0x8d, 0x8d, 0x00, 0x8d, 0x8d, 0x8d, 0x00, 0x8d, 0x8d, 0x8d, 0x00, 0x8d, 0x8d, 0x8d, 0x00, 0x8d, 0x8d, 0x8d, 0x00, 0x8d, 0x8d, 0x8d, 0x00, 0x8d, 0x8d, 0x8d, 0x00,
    0x8d, 0x8d, 0x8d, 0x00, 0x8d, 0x8d, 0x8d, 0x00, 0x8d, 0x8d, 0x8d, 0x00, 0x8d, 0x8d, 0x8d, 0x00, 0x8d, 0x8d, 0x8d, 0x00, 0x8d, 0x8d, 0x8d, 0x00, 0x8d, 0x8d, 0x8d, 0x00, 0x8d, 0x8d, 0x8d, 0x00,
    0x8d, 0x8d, 0x8d, 0x00, 0x8d, 0x8d, 0x8d, 0x00, 0x8d, 0x8d, 0x8d, 0x00, 0x8d, 0x8d, 0x8d, 0x00, 0x8d, 0x8d, 0x8d, 0x00, 0x8d, 0x8d, 0x8d, 0x00, 0x8d, 0x8d, 0x8d, 0x00, 0x8d, 0x8d, 0x8d, 0x00,
    0x8d, 0x8d, 0x8d, 0x00, 0x8d, 0x8d, 0x8d, 0x00, 0x8d, 0x8d, 0x8d, 0x00, 0x8d, 0x8d, 0x8d, 0x00, 0x8d, 0x8d, 0x8d, 0x00, 0x8d, 0x8d, 0x8d, 0x00, 0x8d, 0x8d, 0x8d, 0x00, 0x8d, 0x8d, 0x8d, 0x00,
    0x8d, 0x8d, 0x8d, 0x00, 0x8d, 0x8d, 0x8d, 0x00, 0x8d, 0x8d, 0x8d, 0x00, 0x8d, 0x8d, 0x8d, 0x00, 0x8d, 0x8d, 0x8d, 0x00, 0x8d, 0x8d, 0x8d, 0x00, 0x8d, 0x8d, 0x8d, 0x00, 0x8d, 0x8d, 0x8d, 0x00,
    0x8d, 0x8d, 0x8d, 0x00, 0x8d, 0x8d, 0x8d, 0x00, 0x8d, 0x8d, 0x8d, 0x00, 0x8d, 0x8d, 0x8d, 0x00, 0x8d, 0x8d, 0x8d, 0x00, 0x8d, 0x8d, 0x8d, 0x00, 0x8d, 0x8d, 0x8d, 0x00, 0x8d, 0x8d, 0x8d, 0x00,
    0x8d, 0x8d, 0x8d, 0x00, 0x8d, 0x8d, 0x8d, 0x00, 0x8d, 0x8d, 0x8d, 0x00, 0x8d, 0x8d, 0x8d, 0x00, 0x8d, 0x8d, 0x8d, 0x00, 0x8d, 0x8d, 0x8d, 0x00, 0x8d, 0x8d, 0x8d, 0x00, 0x8d, 0x8d, 0x8d, 0x00,
    0x8d, 0x8d, 0x8d, 0x00, 0x8d, 0x8d, 0x8d, 0x00, 0x8d, 0x8d, 0x8d, 0x00, 0x8d, 0x8d, 0x8d, 0x00, 0x8d, 0x8d, 0x8d, 0x00, 0x8d, 0x8d, 0x8d, 0x00, 0x8d, 0x8d, 0x8d, 0x00, 0x8d, 0x8d, 0x8d, 0x00,
    0x8d, 0x8d, 0x8d, 0x00, 0x8d, 0x8d, 0x8d, 0x00, 0x8d, 0x8d, 0x8d, 0x00, 0x8d, 0x8d, 0x8d, 0x00, 0x8d, 0x8d, 0x8d, 0x00, 0x8d, 0x8d, 0x8d, 0x00, 0x8d, 0x8d, 0x8d, 0x00, 0x8d, 0x8d, 0x8d, 0x00,
    0x8d, 0x8d, 0x8d, 0x00, 0x8d, 0x8d, 0x8d, 0x00, 0x8d, 0x8d, 0x8d, 0x00, 0x8d, 0x8d, 0x8d, 0x00, 0x8d, 0x8d, 0x8d, 0x00, 0x8d, 0x8d, 0x8d, 0x00, 0x8d, 0x8d, 0x8d, 0x00, 0x8d, 0x8d, 0x8d, 0x00,
    0x8d, 0x8d, 0x8d, 0x00, 0x8d, 0x8d, 0x8d, 0x00, 0x8d, 0x8d, 0x8d, 0x00, 0x8d, 0x8d, 0x8d, 0x00, 0x8d, 0x8d, 0x8d, 0x00, 0x8d, 0x8d, 0x8d, 0x00, 0x8d, 0x8d, 0x8d, 0x00, 0x8d, 0x8d, 0x8d, 0x00,
    0x8d, 0x8d, 0x8d, 0x00, 0x8d, 0x8d, 0x8d, 0x00, 0x8d, 0x8d, 0x8d, 0x00, 0x8d, 0x8d, 0x8d, 0x00, 0x8d, 0x8d, 0x8d, 0x00, 0x8d, 0x8d, 0x8d, 0x00, 0x8d, 0x8d, 0x8d, 0x00, 0x8d, 0x8d, 0x8d, 0x00,
    0x8d, 0x8d, 0x8d, 0x00, 0x8d, 0x8d, 0x8d, 0x00, 0x8d, 0x8d, 0x8d, 0x00, 0x8d, 0x8d, 0x8d, 0x00, 0x8d, 0x8d, 0x8d, 0x00, 0x8d, 0x8d, 0x8d, 0x00, 0x8d, 0x8d, 0x8d, 0x00, 0x8d, 0x8d, 0x8d, 0x00,
    0x8d, 0x8d, 0x8d, 0x00, 0x8d, 0x8d, 0x8d, 0x00, 0x8d, 0x8d, 0x8d, 0x00, 0x8d, 0x8d, 0x8d, 0x00, 0x8d, 0x8d, 0x8d, 0x00, 0x8d, 0x8d, 0x8d, 0x00, 0x8d, 0x8d, 0x8d, 0x00, 0x8d, 0x8d, 0x8d, 0x00,
    0x8d, 0x8d, 0x8d, 0x00, 0x8d, 0x8d, 0x8d, 0x00, 0x8d, 0x8d, 0x8d, 0x00, 0x8d, 0x8d, 0x8d, 0x00, 0x8d, 0x8d, 0x8d, 0x00, 0x8d, 0x8d, 0x8d, 0x00, 0x8d, 0x8d, 0x8d, 0x00, 0x8d, 0x8d, 0x8d, 0x00,
    0x8d, 0x8d, 0x8d, 0x00, 0x8d, 0x8d, 0x8d, 0x00, 0x8d, 0x8d, 0x8d, 0x00, 0x8d, 0x8d, 0x8d, 0x00, 0x8d, 0x8d, 0x8d, 0x00, 0x8d, 0x8d, 0x8d, 0x00, 0x8d, 0x8d, 0x8d, 0x00, 0x8d, 0x8d, 0x8d, 0x00,
    0x8d, 0x8d, 0x8d, 0x00, 0x8d, 0x8d, 0x8d, 0x00, 0x8d, 0x8d, 0x8d, 0x00, 0x8d, 0x8d, 0x8d, 0x00, 0x8d, 0x8d, 0x8d, 0x00, 0x8d, 0x8d, 0x8d, 0x00, 0x8d, 0x8d, 0x8d, 0x00, 0x8d, 0x8d, 0x8d, 0x00,
    0x8d, 0x8d, 0x8d, 0x00, 0x8d, 0x8d, 0x8d, 0x00, 0x8d, 0x8d, 0x8d, 0x00, 0x8d, 0x8d, 0x8d, 0x00, 0x8d, 0x8d, 0x8d, 0x00, 0x8d, 0x8d, 0x8d, 0x00, 0x8d, 0x8d, 0x8d, 0x00, 0x8d, 0x8d, 0x8d, 0x00,
    0x8d, 0x8d, 0x8d, 0x00, 0x8d, 0x8d, 0x8d, 0x00, 0x8d, 0x8d, 0x8d, 0x00, 0x8d, 0x8d, 0x8d, 0x00, 0x8d, 0x8d, 0x8d, 0x00, 0x8d, 0x8d, 0x8d, 0x00, 0x8d, 0x8d, 0x8d, 0x00, 0x8d, 0x8d, 0x8d, 0x00,
    0x8d, 0x8d, 0x8d, 0x00, 0x8d, 0x8d, 0x8d, 0x00, 0x8d, 0x8d, 0x8d, 0x00, 0x8d, 0x8d, 0x8d, 0x00, 0x8d, 0x8d, 0x8d, 0x00, 0x8d, 0x8d, 0x8d, 0x00, 0x8d, 0x8d, 0x8d, 0x00, 0x8d, 0x8d, 0x8d, 0x00,
    0x8d, 0x8d, 0x8d, 0x00, 0x8d, 0x8d, 0x8d, 0x00, 0x8d, 0x8d, 0x8d, 0x00, 0x8d, 0x8d, 0x8d, 0x00, 0x8d, 0x8d, 0x8d, 0x00, 0x8d, 0x8d, 0x8d, 0x00, 0x8d, 0x8d, 0x8d, 0x00, 0x8d, 0x8d, 0x8d, 0x00,
    0x8d, 0x8d, 0x8d, 0x00, 0x8d, 0x8d, 0x8d, 0x00, 0x8d, 0x8d, 0x8d, 0x00, 0x8d, 0x8d, 0x8d, 0x00, 0x8d, 0x8d, 0x8d, 0x00, 0x8d, 0x8d, 0x8d, 0x00, 0x8d, 0x8d, 0x8d, 0x00, 0x8d, 0x8d, 0x8d, 0x00,
    0x8d, 0x8d, 0x8d, 0x00, 0x8d, 0x8d, 0x8d, 0x00, 0x8d, 0x8d, 0x8d, 0x00, 0x8d, 0x8d, 0x8d, 0x00, 0x8d, 0x8d, 0x8d, 0x00, 0x8d, 0x8d, 0x8d, 0x00, 0x8d, 0x8d, 0x8d, 0x00, 0x8d, 0x8d, 0x8d, 0x00,
    0x8d, 0x8d, 0x8d, 0x00, 0x8d, 0x8d, 0x8d, 0x00, 0x8d, 0x8d, 0x8d, 0x00, 0x8d, 0x8d, 0x8d, 0x00, 0x8d, 0x8d, 0x8d, 0x00, 0x8d, 0x8d, 0x8d, 0x00, 0x8d, 0x8d, 0x8d, 0x00, 0x8d, 0x8d, 0x8d, 0x00,
    0x8d, 0x8d, 0x8d, 0x00, 0x8d, 0x8d, 0x8d, 0x00, 0x8d, 0x8d, 0x8d, 0x00, 0x8d, 0x8d, 0x8d, 0x00, 0x8d, 0x8d, 0x8d, 0x00, 0x8d, 0x8d, 0x8d, 0x00, 0x8d, 0x8d, 0x8d, 0x00, 0x8d, 0x8d, 0x8d, 0x00,
    0x8d, 0x8d, 0x8d, 0x00, 0x8d, 0x8d, 0x8d, 0x00, 0x8d, 0x8d, 0x8d, 0x00, 0x8d, 0x8d, 0x8d, 0x00, 0x8d, 0x8d, 0x8d, 0x00, 0x8d, 0x8d, 0x8d, 0x00, 0x8d, 0x8d, 0x8d, 0x00, 0x8d, 0x8d, 0x8d, 0x00,
    0x8d, 0x8d, 0x8d, 0x00, 0x8d, 0x8d, 0x8d, 0x00, 0x8d, 0x8d, 0x8d, 0x00, 0x8d, 0x8d, 0x8d, 0x00, 0x8d, 0x8d, 0x8d, 0x00, 0x8d, 0x8d, 0x8d, 0x00, 0x8d, 0x8d, 0x8d, 0x00, 0x8d, 0x8d, 0x8d, 0x00,
    0x8d, 0x8d, 0x8d, 0x00, 0x8d, 0x8d, 0x8d, 0x00, 0x8d, 0x8d, 0x8d, 0x00, 0x8d, 0x8d, 0x8d, 0x00, 0x8d, 0x8d, 0x8d, 0x00, 0x8d, 0x8d, 0x8d, 0x00, 0x8d, 0x8d, 0x8d, 0x00, 0x8d, 0x8d, 0x8d, 0x00,
    0x8d, 0x8d, 0x8d, 0x00, 0x8d, 0x8d, 0x8d, 0x00, 0x8d, 0x8d, 0x8d, 0x00, 0x8d, 0x8d, 0x8d, 0x00, 0x8d, 0x8d, 0x8d, 0x00, 0x8d, 0x8d, 0x8d, 0x00, 0x8d, 0x8d, 0x8d, 0x00, 0x8d, 0x8d, 0x8d, 0x00,
    0x8d, 0x8d, 0x8d, 0x00, 0x8d, 0x8d, 0x8d, 0x00, 0x8d, 0x8d, 0x8d, 0x00, 0x8d, 0x8d, 0x8d, 0x00, 0x8d, 0x8d, 0x8d, 0x00, 0x8d, 0x8d, 0x8d, 0x00, 0x8d, 0x8d, 0x8d, 0x00, 0x8d, 0x8d, 0x8d, 0x00,
    0x8d, 0x8d, 0x8d, 0x00, 0x8d, 0x8d, 0x8d, 0x00, 0x8d, 0x8d, 0x8d, 0x00, 0x8d, 0x8d, 0x8d, 0x00, 0x8d, 0x8d, 0x8d, 0x00, 0x8d, 0x8d, 0x8d, 0x00, 0x8d, 0x8d, 0x8d, 0x00, 0x8d, 0x8d, 0x8d, 0x00,
    0x8d, 0x8d, 0x8d, 0x00, 0x8d, 0x8d, 0x8d, 0x00, 0x8d, 0x8d, 0x8d, 0x00, 0x8d, 0x8d, 0x8d, 0x00, 0x8d, 0x8d, 0x8d, 0x00, 0x8d, 0x8d, 0x8d, 0x00, 0x8d, 0x8d, 0x8d, 0x00, 0x8d, 0x8d, 0x8d, 0x00,
    0x8d, 0x8d, 0x8d, 0x00, 0x8d, 0x8d, 0x8d, 0x00, 0x8d, 0x8d, 0x8d, 0x00, 0x8d, 0x8d, 0x8d, 0x00, 0x8d, 0x8d, 0x8d, 0x00, 0x8d, 0x8d, 0x8d, 0x00, 0x8d, 0x8d, 0x8d, 0x00, 0x8d, 0x8d, 0x8d, 0x00,
    0x8d, 0x8d, 0x8d, 0x00, 0x8d, 0x8d, 0x8d, 0x00, 0x8d, 0x8d, 0x8d, 0x00, 0x8d, 0x8d, 0x8d, 0x00, 0x8d, 0x8d, 0x8d, 0x00, 0x8d, 0x8d, 0x8d, 0x00, 0x8d, 0x8d, 0x8d, 0x00, 0x8d, 0x8d, 0x8d, 0x00,
    0x8d, 0x8d, 0x8d, 0x00, 0x8d, 0x8d, 0x8d, 0x00, 0x8d, 0x8d, 0x8d, 0x00, 0x8d, 0x8d, 0x8d, 0x00, 0x8d, 0x8d, 0x8d, 0x00, 0x8d, 0x8d, 0x8d, 0x00, 0x8d, 0x8d, 0x8d, 0x00, 0x8d, 0x8d, 0x8d, 0x00,
    0x8d, 0x8d, 0x8d, 0x00, 0x8d, 0x8d, 0x8d, 0x00, 0x8d, 0x8d, 0x8d, 0x00, 0x8d, 0x8d, 0x8d, 0x00, 0x8d, 0x8d, 0x8d, 0x00, 0x8d, 0x8d, 0x8d, 0x00, 0x8d, 0x8d, 0x8d, 0x00, 0x8d, 0x8d, 0x8d, 0x00,
    0x8d, 0x8d, 0x8d, 0x00, 0x8d, 0x8d, 0x8d, 0x00, 0x8d, 0x8d, 0x8d, 0x00, 0x8d, 0x8d, 0x8d, 0x00, 0x8d, 0x8d, 0x8d, 0x00, 0x8d, 0x8d, 0x8d, 0x00, 0x8d, 0x8d, 0x8d, 0x00, 0x8d, 0x8d, 0x8d, 0x00,
    0x8d, 0x8d, 0x8d, 0x00, 0x8d, 0x8d, 0x8d, 0x00, 0x8d, 0x8d, 0x8d, 0x00, 0x8d, 0x8d, 0x8d, 0x00, 0x8d, 0x8d, 0x8d, 0x00, 0x8d, 0x8d, 0x8d, 0x00, 0x8d, 0x8d, 0x8d, 0x00, 0x8d, 0x8d, 0x8d, 0x00,
    0x8d, 0x8d, 0x8d, 0x00, 0x8d, 0x8d, 0x8d, 0x00, 0x8d, 0x8d, 0x8d, 0x00, 0x8d, 0x8d, 0x8d, 0x00, 0x8d, 0x8d, 0x8d, 0x00, 0x8d, 0x8d, 0x8d, 0x00, 0x8d, 0x8d, 0x8d, 0x00, 0x8d, 0x8d, 0x8d, 0x00,
    0x8d, 0x8d, 0x8d, 0x00, 0x8d, 0x8d, 0x8d, 0x00, 0x8d, 0x8d, 0x8d, 0x00, 0x8d, 0x8d, 0x8d, 0x00, 0x8d, 0x8d, 0x8d, 0x00, 0x8d, 0x8d, 0x8d, 0x00, 0x8d, 0x8d, 0x8d, 0x00, 0x8d, 0x8d, 0x8d, 0x00,
    0x8d, 0x8d, 0x8d, 0x00, 0x8d, 0x8d, 0x8d, 0x00, 0x8d, 0x8d, 0x8d, 0x00, 0x8d, 0x8d, 0x8d, 0x00, 0x8d, 0x8d, 0x8d, 0x00, 0x8d, 0x8d, 0x8d, 0x00, 0x8d, 0x8d, 0x8d, 0x00, 0x8d, 0x8d, 0x8d, 0x00,
    0x8d, 0x8d, 0x8d, 0x00, 0x8d, 0x8d, 0x8d, 0x00, 0x8d, 0x8d, 0x8d, 0x00, 0x8d, 0x8d, 0x8d, 0x00, 0x8d, 0x8d, 0x8d, 0x00, 0x8d, 0x8d, 0x8d, 0x00, 0x8d, 0x8d, 0x8d, 0x00, 0x8d, 0x8d, 0x8d, 0x00,
    0x8d, 0x8d, 0x8d, 0x00, 0x8d, 0x8d, 0x8d, 0x00, 0x8d, 0x8d, 0x8d, 0x00, 0x8d, 0x8d, 0x8d, 0x00, 0x8d, 0x8d, 0x8d, 0x00, 0x8d, 0x8d, 0x8d, 0x00, 0x8d, 0x8d, 0x8d, 0x00, 0x8d, 0x8d, 0x8d, 0x00,
    0x8d, 0x8d, 0x8d, 0x00, 0x8d, 0x8d, 0x8d, 0x00, 0x8d, 0x8d, 0x8d, 0x00, 0x8d, 0x8d, 0x8d, 0x00, 0x8d, 0x8d, 0x8d, 0x00, 0x8d, 0x8d, 0x8d, 0x00, 0x8d, 0x8d, 0x8d, 0x00, 0x8d, 0x8d, 0x8d, 0x00,
    0x8d, 0x8d, 0x8d, 0x00, 0x8d, 0x8d, 0x8d, 0x00, 0x8d, 0x8d, 0x8d, 0x00, 0x8d, 0x8d, 0x8d, 0x00, 0x8d, 0x8d, 0x8d, 0x00, 0x8d, 0x8d, 0x8d, 0x00, 0x8d, 0x8d, 0x8d, 0x00, 0x8d, 0x8d, 0x8d, 0x00,
    0x8d, 0x8d, 0x8d, 0x00, 0x8d, 0x8d, 0x8d, 0x00, 0x8d, 0x8d, 0x8d, 0x00, 0x8d, 0x8d, 0x8d, 0x00, 0x8d, 0x8d, 0x8d, 0x00, 0x8d, 0x8d, 0x8d, 0x00, 0x8d, 0x8d, 0x8d, 0x00, 0x8d, 0x8d, 0x8d, 0x00,
    0x8d, 0x8d, 0x8d, 0x00, 0x8d, 0x8d, 0x8d, 0x00, 0x8d, 0x8d, 0x8d, 0x00, 0x8d, 0x8d, 0x8d, 0x00, 0x8d, 0x8d, 0x8d, 0x00, 0x8d, 0x8d, 0x8d, 0x00, 0x8d, 0x8d, 0x8d, 0x00, 0x8d, 0x8d, 0x8d, 0x00,
    0x8d, 0x8d, 0x8d, 0x00, 0x8d, 0x8d, 0x8d, 0x00, 0x8d, 0x8d, 0x8d, 0x00, 0x8d, 0x8d, 0x8d, 0x00, 0x8d, 0x8d, 0x8d, 0x00, 0x8d, 0x8d, 0x8d, 0x00, 0x8d, 0x8d, 0x8d, 0x00, 0x8d, 0x8d, 0x8d, 0x00,
    0x8d, 0x8d, 0x8d, 0x00, 0x8d, 0x8d, 0x8d, 0x00, 0x8d, 0x8d, 0x8d, 0x00, 0x8d, 0x8d, 0x8d, 0x00, 0x8d, 0x8d, 0x8d, 0x00, 0x8d, 0x8d, 0x8d, 0x00, 0x8d, 0x8d, 0x8d, 0x00, 0x8d, 0x8d, 0x8d, 0x00,
    0x8d, 0x8d, 0x8d, 0x00, 0x8d, 0x8d, 0x8d, 0x00, 0x8d, 0x8d, 0x8d, 0x00, 0x8d, 0x8d, 0x8d, 0x00, 0x8d, 0x8d, 0x8d, 0x00, 0x8d, 0x8d, 0x8d, 0x00, 0x8d, 0x8d, 0x8d, 0x00, 0x8d, 0x8d, 0x8d, 0x00,
    0x8d, 0x8d, 0x8d, 0x00, 0x8d, 0x8d, 0x8d, 0x00, 0x8d, 0x8d, 0x8d, 0x00, 0x8d, 0x8d, 0x8d, 0x00, 0x8d, 0x8d, 0x8d, 0x00, 0x8d, 0x8d, 0x8d, 0x00, 0x8d, 0x8d, 0x8d, 0x00, 0x8d, 0x8d, 0x8d, 0x00,
    0x8d, 0x8d, 0x8d, 0x00, 0x8d, 0x8d, 0x8d, 0x00, 0x8d, 0x8d, 0x8d, 0x00, 0x8d, 0x8d, 0x8d, 0x00, 0x8d, 0x8d, 0x8d, 0x00, 0x8d, 0x8d, 0x8d, 0x00, 0x8d, 0x8d, 0x8d, 0x00, 0x8d, 0x8d, 0x8d, 0x00,
    0x8d, 0x8d, 0x8d, 0x00, 0x8d, 0x8d, 0x8d, 0x00, 0x8d, 0x8d, 0x8d, 0x00, 0x8d, 0x8d, 0x8d, 0x00, 0x8d, 0x8d, 0x8d, 0x00, 0x8d, 0x8d, 0x8d, 0x00, 0x8d, 0x8d, 0x8d, 0x00, 0x8d, 0x8d, 0x8d, 0x00,
    0x8d, 0x8d, 0x8d, 0x00, 0x8d, 0x8d, 0x8d, 0x00, 0x8d, 0x8d, 0x8d, 0x00, 0x8d, 0x8d, 0x8d, 0x00, 0x8d, 0x8d, 0x8d, 0x00, 0x8d, 0x8d, 0x8d, 0x00, 0x8d, 0x8d, 0x8d, 0x00, 0x8d, 0x8d, 0x8d, 0x00,
    0x8d, 0x8d, 0x8d, 0x00, 0x8d, 0x8d, 0x8d, 0x00, 0x8d, 0x8d, 0x8d, 0x00, 0x8d, 0x8d, 0x8d, 0x00, 0x8d, 0x8d, 0x8d, 0x00, 0x8d, 0x8d, 0x8d, 0x00, 0x8d, 0x8d, 0x8d, 0x00, 0x8d, 0x8d, 0x8d, 0x00,
    0x8d, 0x8d, 0x8d, 0x00, 0x8d, 0x8d, 0x8d, 0x00, 0x8d, 0x8d, 0x8d, 0x00, 0x8d, 0x8d, 0x8d, 0x00, 0x8d, 0x8d, 0x8d, 0x00, 0x8d, 0x8d, 0x8d, 0x00, 0x8d, 0x8d, 0x8d, 0x00, 0x8d, 0x8d, 0x8d, 0x00,
    0x8d, 0x8d, 0x8d, 0x00, 0x8d, 0x8d, 0x8d, 0x00, 0x8d, 0x8d, 0x8d, 0x00, 0x8d, 0x8d, 0x8d, 0x00, 0x8d, 0x8d, 0x8d, 0x00, 0x8d, 0x8d, 0x8d, 0x00, 0x8d, 0x8d, 0x8d, 0x00, 0x8d, 0x8d, 0x8d, 0x00,
    0x8d, 0x8d, 0x8d, 0x00, 0x8d, 0x8d, 0x8d, 0x00, 0x8d, 0x8d, 0x8d, 0x00, 0x8d, 0x8d, 0x8d, 0x00, 0x8d, 0x8d, 0x8d, 0x00, 0x8d, 0x8d, 0x8d, 0x00, 0x8d, 0x8d, 0x8d, 0x00, 0x8d, 0x8d, 0x8d, 0x00,
    0x8d, 0x8d, 0x8d, 0x00, 0x8d, 0x8d, 0x8d, 0x00, 0x8d, 0x8d, 0x8d, 0x00, 0x8d, 0x8d, 0x8d, 0x00, 0x8d, 0x8d, 0x8d, 0x00, 0x8d, 0x8d, 0x8d, 0x00, 0x8d, 0x8d, 0x8d, 0x00, 0x8d, 0x8d, 0x8d, 0x00,
    0x8d, 0x8d, 0x8d, 0x00, 0x8d, 0x8d, 0x8d, 0x00, 0x8d, 0x8d, 0x8d, 0x00, 0x8d, 0x8d, 0x8d, 0x00, 0x8d, 0x8d, 0x8d, 0x00, 0x8d, 0x8d, 0x8d, 0x00, 0x8d, 0x8d, 0x8d, 0x00, 0x8d, 0x8d, 0x8d, 0x00,
    0x8d, 0x8d, 0x8d, 0x00, 0x8d, 0x8d, 0x8d, 0x00, 0x8d, 0x8d, 0x8d, 0x00, 0x8d, 0x8d, 0x8d, 0x00, 0x8d, 0x8d, 0x8d, 0x00, 0x8d, 0x8d, 0x8d, 0x00, 0x8d, 0x8d, 0x8d, 0x00, 0x8d, 0x8d, 0x8d, 0x00,
    0x8d, 0x8d, 0x8d, 0x00, 0x8d, 0x8d, 0x8d, 0x00, 0x8d, 0x8d, 0x8d, 0x00, 0x8d, 0x8d, 0x8d, 0x00, 0x8d, 0x8d, 0x8d, 0x00, 0x8d, 0x8d, 0x8d, 0x00, 0x8d, 0x8d, 0x8d, 0x00, 0x8d, 0x8d, 0x8d, 0x00,
    0x8d, 0x8d, 0x8d, 0x00, 0x8d, 0x8d, 0x8d, 0x00, 0x8d, 0x8d, 0x8d, 0x00, 0x8d, 0x8d, 0x8d, 0x00, 0x8d, 0x8d, 0x8d, 0x00, 0x8d, 0x8d, 0x8d, 0x00, 0x8d, 0x8d, 0x8d, 0x00, 0x8d, 0x8d, 0x8d, 0x00,
    0x8d, 0x8d, 0x8d, 0x00, 0x8d, 0x8d, 0x8d, 0x00, 0x8d, 0x8d, 0x8d, 0x00, 0x8d, 0x8d, 0x8d, 0x00, 0x8d, 0x8d, 0x8d, 0x00, 0x8d, 0x8d, 0x8d, 0x00, 0x8d, 0x8d, 0x8d, 0x00, 0x8d, 0x8d, 0x8d, 0x00,
    0x8d, 0x8d, 0x8d, 0x00, 0x8d, 0x8d, 0x8d, 0x00, 0x8d, 0x8d, 0x8d, 0x00, 0x8d, 0x8d, 0x8d, 0x00, 0x8d, 0x8d, 0x8d, 0x00, 0x8d, 0x8d, 0x8d, 0x00, 0x8d, 0x8d, 0x8d, 0x00, 0x8d, 0x8d, 0x8d, 0x00,
    0x8d, 0x8d, 0x8d, 0x00, 0x8d, 0x8d, 0x8d, 0x00, 0x8d, 0x8d, 0x8d, 0x00, 0x8d, 0x8d, 0x8d, 0x00, 0x8d, 0x8d, 0x8d, 0x00, 0x8d, 0x8d, 0x8d, 0x00, 0x8d, 0x8d, 0x8d, 0x00, 0x8d, 0x8d, 0x8d, 0x00,
    0x8d, 0x8d, 0x8d, 0x00, 0x8d, 0x8d, 0x8d, 0x00, 0x8d, 0x8d, 0x8d, 0x00, 0x8d, 0x8d, 0x8d, 0x00, 0x8d, 0x8d, 0x8d, 0x00, 0x8d, 0x8d, 0x8d, 0x00, 0x8d, 0x8d, 0x8d, 0x00, 0x8d, 0x8d, 0x8d, 0x00,
    0x8d, 0x8d, 0x8d, 0x00, 0x8d, 0x8d, 0x8d, 0x00, 0x8d, 0x8d, 0x8d, 0x00, 0x8d, 0x8d, 0x8d, 0x00, 0x8d, 0x8d, 0x8d, 0x00, 0x8d, 0x8d, 0x8d, 0x00, 0x8d, 0x8d, 0x8d, 0x00, 0x8d, 0x8d, 0x8d, 0x00,
    0x8d, 0x8d, 0x8d, 0x00, 0x8d, 0x8d, 0x8d, 0x00, 0x8d, 0x8d, 0x8d, 0x00, 0x8d, 0x8d, 0x8d, 0x00, 0x8d, 0x8d, 0x8d, 0x00, 0x8d, 0x8d, 0x8d, 0x00, 0x8d, 0x8d, 0x8d, 0x00, 0x8d, 0x8d, 0x8d, 0x00,
    0x8d, 0x8d, 0x8d, 0x00, 0x8d, 0x8d, 0x8d, 0x00, 0x8d, 0x8d, 0x8d, 0x00, 0x8d, 0x8d, 0x8d, 0x00, 0x8d, 0x8d, 0x8d, 0x00, 0x8d, 0x8d, 0x8d, 0x00, 0x8d, 0x8d, 0x8d, 0x00, 0x8d, 0x8d, 0x8d, 0x00,
    0x8d, 0x8d, 0x8d, 0x00, 0x8d, 0x8d, 0x8d, 0x00, 0x8d, 0x8d, 0x8d, 0x00, 0x8d, 0x8d, 0x8d, 0x00, 0x8d, 0x8d, 0x8d, 0x00, 0x8d, 0x8d, 0x8d, 0x00, 0x8d, 0x8d, 0x8d, 0x00, 0x8d, 0x8d, 0x8d, 0x00,
    0x8d, 0x8d, 0x8d, 0x00, 0x8d, 0x8d, 0x8d, 0x00, 0x8d, 0x8d, 0x8d, 0x00, 0x8d, 0x8d, 0x8d, 0x00, 0x8d, 0x8d, 0x8d, 0x00, 0x8d, 0x8d, 0x8d, 0x00, 0x8d, 0x8d, 0x8d, 0x00, 0x8d, 0x8d, 0x8d, 0x00,
    0x8d, 0x8d, 0x8d, 0x00, 0x8d, 0x8d, 0x8d, 0x00, 0x8d, 0x8d, 0x8d, 0x00, 0x8d, 0x8d, 0x8d, 0x00, 0x8d, 0x8d, 0x8d, 0x00, 0x8d, 0x8d, 0x8d, 0x00, 0x8d, 0x8d, 0x8d, 0x00, 0x8d, 0x8d, 0x8d, 0x00,
    0x8d, 0x8d, 0x8d, 0x00, 0x8d, 0x8d, 0x8d, 0x00, 0x8d, 0x8d, 0x8d, 0x00, 0x8d, 0x8d, 0x8d, 0x00, 0x8d, 0x8d, 0x8d, 0x00, 0x8d, 0x8d, 0x8d, 0x00, 0x8d, 0x8d, 0x8d, 0x00, 0x8d, 0x8d, 0x8d, 0x00,
    0x8d, 0x8d, 0x8d, 0x00, 0x8d, 0x8d, 0x8d, 0x00, 0x8d, 0x8d, 0x8d, 0x00, 0x8d, 0x8d, 0x8d, 0x00, 0x8d, 0x8d, 0x8d, 0x00, 0x8d, 0x8d, 0x8d, 0x00, 0x8d, 0x8d, 0x8d, 0x00, 0x8d, 0x8d, 0x8d, 0x00,
    0x8d, 0x8d, 0x8d, 0x00, 0x8d, 0x8d, 0x8d, 0x00, 0x8d, 0x8d, 0x8d, 0x00, 0x8d, 0x8d, 0x8d, 0x00, 0x8d, 0x8d, 0x8d, 0x00, 0x8d, 0x8d, 0x8d, 0x00, 0x8d, 0x8d, 0x8d, 0x00, 0x8d, 0x8d, 0x8d, 0x00,
    0x8d, 0x8d, 0x8d, 0x00, 0x8d, 0x8d, 0x8d, 0x00, 0x8d, 0x8d, 0x8d, 0x00, 0x8d, 0x8d, 0x8d, 0x00, 0x8d, 0x8d, 0x8d, 0x00, 0x8d, 0x8d, 0x8d, 0x00, 0x8d, 0x8d, 0x8d, 0x00, 0x8d, 0x8d, 0x8d, 0x00,
    0x8d, 0x8d, 0x8d, 0x00, 0x8d, 0x8d, 0x8d, 0x00, 0x8d, 0x8d, 0x8d, 0x00, 0x8d, 0x8d, 0x8d, 0x00, 0x8d, 0x8d, 0x8d, 0x00, 0x8d, 0x8d, 0x8d, 0x00, 0x8d, 0x8d, 0x8d, 0x00, 0x8d, 0x8d, 0x8d, 0x00,
    0x8d, 0x8d, 0x8d, 0x00, 0x8d, 0x8d, 0x8d, 0x00, 0x8d, 0x8d, 0x8d, 0x00, 0x8d, 0x8d, 0x8d, 0x00, 0x8d, 0x8d, 0x8d, 0x00, 0x8d, 0x8d, 0x8d, 0x00, 0x8d, 0x8d, 0x8d, 0x00, 0x8d, 0x8d, 0x8d, 0x00,
    0x8d, 0x8d, 0x8d, 0x00, 0x8d, 0x8d, 0x8d, 0x00, 0x8d, 0x8d, 0x8d, 0x00, 0x8d, 0x8d, 0x8d, 0x00, 0x8d, 0x8d, 0x8d, 0x00, 0x8d, 0x8d, 0x8d, 0x00, 0x8d, 0x8d, 0x8d, 0x00, 0x8d, 0x8d, 0x8d, 0x00,
    0x8d, 0x8d, 0x8d, 0x00, 0x8d, 0x8d, 0x8d, 0x00, 0x8d, 0x8d, 0x8d, 0x00, 0x8d, 0x8d, 0x8d, 0x00, 0x8d, 0x8d, 0x8d, 0x00, 0x8d, 0x8d, 0x8d, 0x00, 0x8d, 0x8d, 0x8d, 0x00, 0x8d, 0x8d, 0x8d, 0x00,
    0x8d, 0x8d, 0x8d, 0x00, 0x8d, 0x8d, 0x8d, 0x00, 0x8d, 0x8d, 0x8d, 0x00, 0x8d, 0x8d, 0x8d, 0x00, 0x8d, 0x8d, 0x8d, 0x00, 0x8d, 0x8d, 0x8d, 0x00, 0x8d, 0x8d, 0x8d, 0x00, 0x8d, 0x8d, 0x8d, 0x00,
    0x8d, 0x8d, 0x8d, 0x00, 0x8d, 0x8d, 0x8d, 0x00, 0x8d, 0x8d, 0x8d, 0x00, 0x8d, 0x8d, 0x8d, 0x00, 0x8d, 0x8d, 0x8d, 0x00, 0x8d, 0x8d, 0x8d, 0x00, 0x8d, 0x8d, 0x8d, 0x00, 0x8d, 0x8d, 0x8d, 0x00,
    0x8d, 0x8d, 0x8d, 0x00, 0x8d, 0x8d, 0x8d, 0x00, 0x8d, 0x8d, 0x8d, 0x00, 0x8d, 0x8d, 0x8d, 0x00, 0x8d, 0x8d, 0x8d, 0x00, 0x8d, 0x8d, 0x8d, 0x00, 0x8d, 0x8d, 0x8d, 0x00, 0x8d, 0x8d, 0x8d, 0x00,
    0x8d, 0x8d, 0x8d, 0x00, 0x8d, 0x8d, 0x8d, 0x00, 0x8d, 0x8d, 0x8d, 0x00, 0x8d, 0x8d, 0x8d, 0x00, 0x8d, 0x8d, 0x8d, 0x00, 0x8d, 0x8d, 0x8d, 0x00, 0x8d, 0x8d, 0x8d, 0x00, 0x8d, 0x8d, 0x8d, 0x00,
    0x8d, 0x8d, 0x8d, 0x00, 0x8d, 0x8d, 0x8d, 0x00, 0x8d, 0x8d, 0x8d, 0x00, 0x8d, 0x8d, 0x8d, 0x00, 0x8d, 0x8d, 0x8d, 0x00, 0x8d, 0x8d, 0x8d, 0x00, 0x8d, 0x8d, 0x8d, 0x00, 0x8d, 0x8d, 0x8d, 0x00,
    0x8d, 0x8d, 0x8d, 0x00, 0x8d, 0x8d, 0x8d, 0x00, 0x8d, 0x8d, 0x8d, 0x00, 0x8d, 0x8d, 0x8d, 0x00, 0x8d, 0x8d, 0x8d, 0x00, 0x8d, 0x8d, 0x8d, 0x00, 0x8d, 0x8d, 0x8d, 0x00, 0x8d, 0x8d, 0x8d, 0x00,
    0x8d, 0x8d, 0x8d, 0x00, 0x8d, 0x8d, 0x8d, 0x00, 0x8d, 0x8d, 0x8d, 0x00, 0x8d, 0x8d, 0x8d, 0x00, 0x8d, 0x8d, 0x8d, 0x00, 0x8d, 0x8d, 0x8d, 0x00, 0x8d, 0x8d, 0x8d, 0x00, 0x8d, 0x8d, 0x8d, 0x00,
    0x8d, 0x8d, 0x8d, 0x00, 0x8d, 0x8d, 0x8d, 0x00, 0x8d, 0x8d, 0x8d, 0x00, 0x8d, 0x8d, 0x8d, 0x00, 0x8d, 0x8d, 0x8d, 0x00, 0x8d, 0x8d, 0x8d, 0x00, 0x8d, 0x8d, 0x8d, 0x00, 0x8d, 0x8d, 0x8d, 0x00,
    0x8d, 0x8d, 0x8d, 0x00, 0x8d, 0x8d, 0x8d, 0x00, 0x8d, 0x8d, 0x8d, 0x00, 0x8d, 0x8d, 0x8d, 0x00, 0x8d, 0x8d, 0x8d, 0x00, 0x8d, 0x8d, 0x8d, 0x00, 0x8d, 0x8d, 0x8d, 0x00, 0x8d, 0x8d, 0x8d, 0x00,
    0x8d, 0x8d, 0x8d, 0x00, 0x8d, 0x8d, 0x8d, 0x00, 0x8d, 0x8d, 0x8d, 0x00, 0x8d, 0x8d, 0x8d, 0x00, 0x8d, 0x8d, 0x8d, 0x00, 0x8d, 0x8d, 0x8d, 0x00, 0x8d, 0x8d, 0x8d, 0x00, 0x8d, 0x8d, 0x8d, 0x00,
    0x8d, 0x8d, 0x8d, 0x00, 0x8d, 0x8d, 0x8d, 0x00, 0x8d, 0x8d, 0x8d, 0x00, 0x8d, 0x8d, 0x8d, 0x00, 0x8d, 0x8d, 0x8d, 0x00, 0x8d, 0x8d, 0x8d, 0x00, 0x8d, 0x8d, 0x8d, 0x00, 0x8d, 0x8d, 0x8d, 0x00,
    0x8d, 0x8d, 0x8d, 0x00, 0x8d, 0x8d, 0x8d, 0x00, 0x8d, 0x8d, 0x8d, 0x00, 0x8d, 0x8d, 0x8d, 0x00, 0x8d, 0x8d, 0x8d, 0x00, 0x8d, 0x8d, 0x8d, 0x00, 0x8d, 0x8d, 0x8d, 0x00, 0x8d, 0x8d, 0x8d, 0x00,
    0x8d, 0x8d, 0x8d, 0x00, 0x8d, 0x8d, 0x8d, 0x00, 0x8d, 0x8d, 0x8d, 0x00, 0x8d, 0x8d, 0x8d, 0x00, 0x8d, 0x8d, 0x8d, 0x00, 0x8d, 0x8d, 0x8d, 0x00, 0x8d, 0x8d, 0x8d, 0x00, 0x8d, 0x8d, 0x8d, 0x00,
    0x8d, 0x8d, 0x8d, 0x00, 0x8d, 0x8d, 0x8d, 0x00, 0x8d, 0x8d, 0x8d, 0x00, 0x8d, 0x8d, 0x8d, 0x00, 0x8d, 0x8d, 0x8d, 0x00, 0x8d, 0x8d, 0x8d, 0x00, 0x8d, 0x8d, 0x8d, 0x00, 0x8d, 0x8d, 0x8d, 0x00,
    0x8d, 0x8d, 0x8d, 0x00, 0x8d, 0x8d, 0x8d, 0x00, 0x8d, 0x8d, 0x8d, 0x00, 0x8d, 0x8d, 0x8d, 0x00, 0x8d, 0x8d, 0x8d, 0x00, 0x8d, 0x8d, 0x8d, 0x00, 0x8d, 0x8d, 0x8d, 0x00, 0x8d, 0x8d, 0x8d, 0x00,
    0x8d, 0x8d, 0x8d, 0x00, 0x8d, 0x8d, 0x8d, 0x00, 0x8d, 0x8d, 0x8d, 0x00, 0x8d, 0x8d, 0x8d, 0x00, 0x8d, 0x8d, 0x8d, 0x00, 0x8d, 0x8d, 0x8d, 0x00, 0x8d, 0x8d, 0x8d, 0x00, 0x8d, 0x8d, 0x8d, 0x00,
    0x8d, 0x8d, 0x8d, 0x00, 0x8d, 0x8d, 0x8d, 0x00, 0x8d, 0x8d, 0x8d, 0x00, 0x8d, 0x8d, 0x8d, 0x00, 0x8d, 0x8d, 0x8d, 0x00, 0x8d, 0x8d, 0x8d, 0x00, 0x8d, 0x8d, 0x8d, 0x00, 0x8d, 0x8d, 0x8d, 0x00,
    0x8d, 0x8d, 0x8d, 0x00, 0x8d, 0x8d, 0x8d, 0x00, 0x8d, 0x8d, 0x8d, 0x00, 0x8d, 0x8d, 0x8d, 0x00, 0x8d, 0x8d, 0x8d, 0x00, 0x8d, 0x8d, 0x8d, 0x00, 0x8d, 0x8d, 0x8d, 0x00, 0x8d, 0x8d, 0x8d, 0x00,
    0x8d, 0x8d, 0x8d, 0x00, 0x8d, 0x8d, 0x8d, 0x00, 0x8d, 0x8d, 0x8d, 0x00, 0x8d, 0x8d, 0x8d, 0x00, 0x8d, 0x8d, 0x8d, 0x00, 0x8d, 0x8d, 0x8d, 0x00, 0x8d, 0x8d, 0x8d, 0x00, 0x8d, 0x8d, 0x8d, 0x00,
    0x8d, 0x8d, 0x8d, 0x00, 0x8d, 0x8d, 0x8d, 0x00, 0x8d, 0x8d, 0x8d, 0x00, 0x8d, 0x8d, 0x8d, 0x00, 0x8d, 0x8d, 0x8d, 0x00, 0x8d, 0x8d, 0x8d, 0x00, 0x8d, 0x8d, 0x8d, 0x00, 0x8d, 0x8d, 0x8d, 0x00,
    0x8d, 0x8d, 0x8d, 0x00, 0x8d, 0x8d, 0x8d, 0x00, 0x8d, 0x8d, 0x8d, 0x00, 0x8d, 0x8d, 0x8d, 0x00, 0x8d, 0x8d, 0x8d, 0x00, 0x8d, 0x8d, 0x8d, 0x00, 0x8d, 0x8d, 0x8d, 0x00, 0x8d, 0x8d, 0x8d, 0x00,
    0x8d, 0x8d, 0x8d, 0x00, 0x8d, 0x8d, 0x8d, 0x00, 0x8d, 0x8d, 0x8d, 0x00, 0x8d, 0x8d, 0x8d, 0x00, 0x8d, 0x8d, 0x8d, 0x00, 0x8d, 0x8d, 0x8d, 0x00, 0x8d, 0x8d, 0x8d, 0x00, 0x8d, 0x8d, 0x8d, 0x00,
    0x8d, 0x8d, 0x8d, 0x00, 0x8d, 0x8d, 0x8d, 0x00, 0x8d, 0x8d, 0x8d, 0x00, 0x8d, 0x8d, 0x8d, 0x00, 0x8d, 0x8d, 0x8d, 0x00, 0x8d, 0x8d, 0x8d, 0x00, 0x8d, 0x8d, 0x8d, 0x00, 0x8d, 0x8d, 0x8d, 0x00,
    0x8d, 0x8d, 0x8d, 0x00, 0x8d, 0x8d, 0x8d, 0x00, 0x8d, 0x8d, 0x8d, 0x00, 0x8d, 0x8d, 0x8d, 0x00, 0x8d, 0x8d, 0x8d, 0x00, 0x8d, 0x8d, 0x8d, 0x00, 0x8d, 0x8d, 0x8d, 0x00, 0x8d, 0x8d, 0x8d, 0x00,
    0x8d, 0x8d, 0x8d, 0x00, 0x8d, 0x8d, 0x8d, 0x00, 0x8d, 0x8d, 0x8d, 0x00, 0x8d, 0x8d, 0x8d, 0x00, 0x8d, 0x8d, 0x8d, 0x00, 0x8d, 0x8d, 0x8d, 0x00, 0x8d, 0x8d, 0x8d, 0x00, 0x8d, 0x8d, 0x8d, 0x00,
    0x8d, 0x8d, 0x8d, 0x00, 0x8d, 0x8d, 0x8d, 0x00, 0x8d, 0x8d, 0x8d, 0x00, 0x8d, 0x8d, 0x8d, 0x00, 0x8d, 0x8d, 0x8d, 0x00, 0x8d, 0x8d, 0x8d, 0x00, 0x8d, 0x8d, 0x8d, 0x00, 0x8d, 0x8d, 0x8d, 0x00,
    0x8d, 0x8d, 0x8d, 0x00, 0x8d, 0x8d, 0x8d, 0x00, 0x8d, 0x8d, 0x8d, 0x00, 0x8d, 0x8d, 0x8d, 0x00, 0x8d, 0x8d, 0x8d, 0x00, 0x8d, 0x8d, 0x8d, 0x00, 0x8d, 0x8d, 0x8d, 0x00, 0x8d, 0x8d, 0x8d, 0x00,
    0x8d, 0x8d, 0x8d, 0x00, 0x8d, 0x8d, 0x8d, 0x00, 0x8d, 0x8d, 0x8d, 0x00, 0x8d, 0x8d, 0x8d, 0x00, 0x8d, 0x8d, 0x8d, 0x00, 0x8d, 0x8d, 0x8d, 0x00, 0x8d, 0x8d, 0x8d, 0x00, 0x8d, 0x8d, 0x8d, 0x00,
    0x8d, 0x8d, 0x8d, 0x00, 0x8d, 0x8d, 0x8d, 0x00, 0x8d, 0x8d, 0x8d, 0x00, 0x8d, 0x8d, 0x8d, 0x00, 0x8d, 0x8d, 0x8d, 0x00, 0x8d, 0x8d, 0x8d, 0x00, 0x8d, 0x8d, 0x8d, 0x00, 0x8d, 0x8d, 0x8d, 0x00,
    0x8d, 0x8d, 0x8d, 0x00, 0x8d, 0x8d, 0x8d, 0x00, 0x8d, 0x8d, 0x8d, 0x00, 0x8d, 0x8d, 0x8d, 0x00, 0x8d, 0x8d, 0x8d, 0x00, 0x8d, 0x8d, 0x8d, 0x00, 0x8d, 0x8d, 0x8d, 0x00, 0x8d, 0x8d, 0x8d, 0x00,
    0x8d, 0x8d, 0x8d, 0x00, 0x8d, 0x8d, 0x8d, 0x00, 0x8d, 0x8d, 0x8d, 0x00, 0x8d, 0x8d, 0x8d, 0x00, 0x8d, 0x8d, 0x8d, 0x00, 0x8d, 0x8d, 0x8d, 0x00, 0x8d, 0x8d, 0x8d, 0x00, 0x8d, 0x8d, 0x8d, 0x00,
    0x8d, 0x8d, 0x8d, 0x00, 0x8d, 0x8d, 0x8d, 0x00, 0x8d, 0x8d, 0x8d, 0x00, 0x8d, 0x8d, 0x8d, 0x00, 0x8d, 0x8d, 0x8d, 0x00, 0x8d, 0x8d, 0x8d, 0x00, 0x8d, 0x8d, 0x8d, 0x00, 0x8d, 0x8d, 0x8d, 0x00,
    0x8d, 0x8d, 0x8d, 0x00, 0x8d, 0x8d, 0x8d, 0x00, 0x8d, 0x8d, 0x8d, 0x00, 0x8d, 0x8d, 0x8d, 0x00, 0x8d, 0x8d, 0x8d, 0x00, 0x8d, 0x8d, 0x8d, 0x00, 0x8d, 0x8d, 0x8d, 0x00, 0x8d, 0x8d, 0x8d, 0x00,
    0x8d, 0x8d, 0x8d, 0x00, 0x8d, 0x8d, 0x8d, 0x00, 0x8d, 0x8d, 0x8d, 0x00, 0x8d, 0x8d, 0x8d, 0x00, 0x8d, 0x8d, 0x8d, 0x00, 0x8d, 0x8d, 0x8d, 0x00, 0x8d, 0x8d, 0x8d, 0x00, 0x8d, 0x8d, 0x8d, 0x00,
    0x8d, 0x8d, 0x8d, 0x00, 0x8d, 0x8d, 0x8d, 0x00, 0x8d, 0x8d, 0x8d, 0x00, 0x8d, 0x8d, 0x8d, 0x00, 0x8d, 0x8d, 0x8d, 0x00, 0x8d, 0x8d, 0x8d, 0x00, 0x8d, 0x8d, 0x8d, 0x00, 0x8d, 0x8d, 0x8d, 0x00,
    0x8d, 0x8d, 0x8d, 0x00, 0x8d, 0x8d, 0x8d, 0x00, 0x8d, 0x8d, 0x8d, 0x00, 0x8d, 0x8d, 0x8d, 0x00, 0x8d, 0x8d, 0x8d, 0x00, 0x8d, 0x8d, 0x8d, 0x00, 0x8d, 0x8d, 0x8d, 0x00, 0x8d, 0x8d, 0x8d, 0x00,
    0x8d, 0x8d, 0x8d, 0x00, 0x8d, 0x8d, 0x8d, 0x00, 0x8d, 0x8d, 0x8d, 0x00, 0x8d, 0x8d, 0x8d, 0x00, 0x8d, 0x8d, 0x8d, 0x00, 0x8d, 0x8d, 0x8d, 0x00, 0x8d, 0x8d, 0x8d, 0x00, 0x8d, 0x8d, 0x8d, 0x00,
    0x8d, 0x8d, 0x8d, 0x00, 0x8d, 0x8d, 0x8d, 0x00, 0x8d, 0x8d, 0x8d, 0x00, 0x8d, 0x8d, 0x8d, 0x00, 0x8d, 0x8d, 0x8d, 0x00, 0x8d, 0x8d, 0x8d, 0x00, 0x8d, 0x8d, 0x8d, 0x00, 0x8d, 0x8d, 0x8d, 0x00,
    0x8d, 0x8d, 0x8d, 0x00, 0x8d, 0x8d, 0x8d, 0x00, 0x8d, 0x8d, 0x8d, 0x00, 0x8d, 0x8d, 0x8d, 0x00, 0x8d, 0x8d, 0x8d, 0x00, 0x8d, 0x8d, 0x8d, 0x00, 0x8d, 0x8d, 0x8d, 0x00, 0x8d, 0x8d, 0x8d, 0x00,
    0x8d, 0x8d, 0x8d, 0x00, 0x8d, 0x8d, 0x8d, 0x00, 0x8d, 0x8d, 0x8d, 0x00, 0x8d, 0x8d, 0x8d, 0x00, 0x8d, 0x8d, 0x8d, 0x00, 0x8d, 0x8d, 0x8d, 0x00, 0x8d, 0x8d, 0x8d, 0x00, 0x8d, 0x8d, 0x8d, 0x00,
    0x8d, 0x8d, 0x8d, 0x00, 0x8d, 0x8d, 0x8d, 0x00, 0x8d, 0x8d, 0x8d, 0x00, 0x8d, 0x8d, 0x8d, 0x00, 0x8d, 0x8d, 0x8d, 0x00, 0x8d, 0x8d, 0x8d, 0x00, 0x8d, 0x8d, 0x8d, 0x00, 0x8d, 0x8d, 0x8d, 0x00,
    0x8d, 0x8d, 0x8d, 0x00, 0x8d, 0x8d, 0x8d, 0x00, 0x8d, 0x8d, 0x8d, 0x00, 0x8d, 0x8d, 0x8d, 0x00, 0x8d, 0x8d, 0x8d, 0x00, 0x8d, 0x8d, 0x8d, 0x00, 0x8d, 0x8d, 0x8d, 0x00, 0x8d, 0x8d, 0x8d, 0x00,
    0x8d, 0x8d, 0x8d, 0x00, 0x8d, 0x8d, 0x8d, 0x00, 0x8d, 0x8d, 0x8d, 0x00, 0x8d, 0x8d, 0x8d, 0x00, 0x8d, 0x8d, 0x8d, 0x00, 0x8d, 0x8d, 0x8d, 0x00, 0x8d, 0x8d, 0x8d, 0x00, 0x8d, 0x8d, 0x8d, 0x00,
    0x8d, 0x8d, 0x8d, 0x00, 0x8d, 0x8d, 0x8d, 0x00, 0x8d, 0x8d, 0x8d, 0x00, 0x8d, 0x8d, 0x8d, 0x00, 0x8d, 0x8d, 0x8d, 0x00, 0x8d, 0x8d, 0x8d, 0x00, 0x8d, 0x8d, 0x8d, 0x00, 0x8d, 0x8d, 0x8d, 0x00,
    0x8d, 0x8d, 0x8d, 0x00, 0x8d, 0x8d, 0x8d, 0x00, 0x8d, 0x8d, 0x8d, 0x00, 0x8d, 0x8d, 0x8d, 0x00, 0x8d, 0x8d, 0x8d, 0x00, 0x8d, 0x8d, 0x8d, 0x00, 0x8d, 0x8d, 0x8d, 0x00, 0x8d, 0x8d, 0x8d, 0x00,
    0x8d, 0x8d, 0x8d, 0x00, 0x8d, 0x8d, 0x8d, 0x00, 0x8d, 0x8d, 0x8d, 0x00, 0x8d, 0x8d, 0x8d, 0x00, 0x8d, 0x8d, 0x8d, 0x00, 0x8d, 0x8d, 0x8d, 0x00, 0x8d, 0x8d, 0x8d, 0x00, 0x8d, 0x8d, 0x8d, 0x00,
    0x8d, 0x8d, 0x8d, 0x00, 0x8d, 0x8d, 0x8d, 0x00, 0x8d, 0x8d, 0x8d, 0x00, 0x8d, 0x8d, 0x8d, 0x00, 0x8d, 0x8d, 0x8d, 0x00, 0x8d, 0x8d, 0x8d, 0x00, 0x8d, 0x8d, 0x8d, 0x00, 0x8d, 0x8d, 0x8d, 0x00,
    0x8d, 0x8d, 0x8d, 0x00, 0x8d, 0x8d, 0x8d, 0x00, 0x8d, 0x8d, 0x8d, 0x00, 0x8d, 0x8d, 0x8d, 0x00, 0x8d, 0x8d, 0x8d, 0x00, 0x8d, 0x8d, 0x8d, 0x00, 0x8d, 0x8d, 0x8d, 0x00, 0x8d, 0x8d, 0x8d, 0x00,
    0x8d, 0x8d, 0x8d, 0x00, 0x8d, 0x8d, 0x8d, 0x00, 0x8d, 0x8d, 0x8d, 0x00, 0x8d, 0x8d, 0x8d, 0x00, 0x8d, 0x8d, 0x8d, 0x00, 0x8d, 0x8d, 0x8d, 0x00, 0x8d, 0x8d, 0x8d, 0x00, 0x8d, 0x8d, 0x8d, 0x00,
    0x8d, 0x8d, 0x8d, 0x00, 0x8d, 0x8d, 0x8d, 0x00, 0x8d, 0x8d, 0x8d, 0x00, 0x8d, 0x8d, 0x8d, 0x00, 0x8d, 0x8d, 0x8d, 0x00, 0x8d, 0x8d, 0x8d, 0x00, 0x8d, 0x8d, 0x8d, 0x00, 0x8d, 0x8d, 0x8d, 0x00,
    0x8d, 0x8d, 0x8d, 0x00, 0x8d, 0x8d, 0x8d, 0x00, 0x8d, 0x8d, 0x8d, 0x00, 0x8d, 0x8d, 0x8d, 0x00, 0x8d, 0x8d, 0x8d, 0x00, 0x8d, 0x8d, 0x8d, 0x00, 0x8d, 0x8d, 0x8d, 0x00, 0x8d, 0x8d, 0x8d, 0x00,
    0x8d, 0x8d, 0x8d, 0x00, 0x8d, 0x8d, 0x8d, 0x00, 0x8d, 0x8d, 0x8d, 0x00, 0x8d, 0x8d, 0x8d, 0x00, 0x8d, 0x8d, 0x8d, 0x00, 0x8d, 0x8d, 0x8d, 0x00, 0x8d, 0x8d, 0x8d, 0x00, 0x8d, 0x8d, 0x8d, 0x00,
    0x8d, 0x8d, 0x8d, 0x00, 0x8d, 0x8d, 0x8d, 0x00, 0x8d, 0x8d, 0x8d, 0x00, 0x8d, 0x8d, 0x8d, 0x00, 0x8d, 0x8d, 0x8d, 0x00, 0x8d, 0x8d, 0x8d, 0x00, 0x8d, 0x8d, 0x8d, 0x00, 0x8d, 0x8d, 0x8d, 0x00,
    0x8d, 0x8d, 0x8d, 0x00, 0x8d, 0x8d, 0x8d, 0x00, 0x8d, 0x8d, 0x8d, 0x00, 0x8d, 0x8d, 0x8d, 0x00, 0x8d, 0x8d, 0x8d, 0x00, 0x8d, 0x8d, 0x8d, 0x00, 0x8d, 0x8d, 0x8d, 0x00, 0x8d, 0x8d, 0x8d, 0x00,
    0x8d, 0x8d, 0x8d, 0x00, 0x8d, 0x8d, 0x8d, 0x00, 0x8d, 0x8d, 0x8d, 0x00, 0x8d, 0x8d, 0x8d, 0x00, 0x8d, 0x8d, 0x8d, 0x00, 0x8d, 0x8d, 0x8d, 0x00, 0x8d, 0x8d, 0x8d, 0x00, 0x8d, 0x8d, 0x8d, 0x00,
    0x8d, 0x8d, 0x8d, 0x00, 0x8d, 0x8d, 0x8d, 0x00, 0x8d, 0x8d, 0x8d, 0x00, 0x8d, 0x8d, 0x8d, 0x00, 0x8d, 0x8d, 0x8d, 0x00, 0x8d, 0x8d, 0x8d, 0x00, 0x8d, 0x8d, 0x8d, 0x00, 0x8d, 0x8d, 0x8d, 0x00,
    0x8d, 0x8d, 0x8d, 0x00, 0x8d, 0x8d, 0x8d, 0x00, 0x8d, 0x8d, 0x8d, 0x00, 0x8d, 0x8d, 0x8d, 0x00, 0x8d, 0x8d, 0x8d, 0x00, 0x8d, 0x8d, 0x8d, 0x00, 0x8d, 0x8d, 0x8d, 0x00, 0x8d, 0x8d, 0x8d, 0x00,
    0x8d, 0x8d, 0x8d, 0x00, 0x8d, 0x8d, 0x8d, 0x00, 0x8d, 0x8d, 0x8d, 0x00, 0x8d, 0x8d, 0x8d, 0x00, 0x8d, 0x8d, 0x8d, 0x00, 0x8d, 0x8d, 0x8d, 0x00, 0x8d, 0x8d, 0x8d, 0x00, 0x8d, 0x8d, 0x8d, 0x00,
    0x8d, 0x8d, 0x8d, 0x00, 0x8d, 0x8d, 0x8d, 0x00, 0x8d, 0x8d, 0x8d, 0x00, 0x8d, 0x8d, 0x8d, 0x00, 0x8d, 0x8d, 0x8d, 0x00, 0x8d, 0x8d, 0x8d, 0x00, 0x8d, 0x8d, 0x8d, 0x00, 0x8d, 0x8d, 0x8d, 0x00,
    0x8d, 0x8d, 0x8d, 0x00, 0x8d, 0x8d, 0x8d, 0x00, 0x8d, 0x8d, 0x8d, 0x00, 0x8d, 0x8d, 0x8d, 0x00, 0x8d, 0x8d, 0x8d, 0x00, 0x8d, 0x8d, 0x8d, 0x00, 0x8d, 0x8d, 0x8d, 0x00, 0x8d, 0x8d, 0x8d, 0x00,
    0x8d, 0x8d, 0x8d, 0x00, 0x8d, 0x8d, 0x8d, 0x00, 0x8d, 0x8d, 0x8d, 0x00, 0x8d, 0x8d, 0x8d, 0x00, 0x8d, 0x8d, 0x8d, 0x00, 0x8d, 0x8d, 0x8d, 0x00, 0x8d, 0x8d, 0x8d, 0x00, 0x8d, 0x8d, 0x8d, 0x00,
    0x8d, 0x8d, 0x8d, 0x00, 0x8d, 0x8d, 0x8d, 0x00, 0x8d, 0x8d, 0x8d, 0x00, 0x8d, 0x8d, 0x8d, 0x00, 0x8d, 0x8d, 0x8d, 0x00, 0x8d, 0x8d, 0x8d, 0x00, 0x8d, 0x8d, 0x8d, 0x00, 0x8d, 0x8d, 0x8d, 0x00,
    0x8d, 0x8d, 0x8d, 0x00, 0x8d, 0x8d, 0x8d, 0x00, 0x8d, 0x8d, 0x8d, 0x00, 0x8d, 0x8d, 0x8d, 0x00, 0x8d, 0x8d, 0x8d, 0x00, 0x8d, 0x8d, 0x8d, 0x00, 0x8d, 0x8d, 0x8d, 0x00, 0x8d, 0x8d, 0x8d, 0x00,
    0x8d, 0x8d, 0x8d, 0x00, 0x8d, 0x8d, 0x8d, 0x00, 0x8d, 0x8d, 0x8d, 0x00, 0x8d, 0x8d, 0x8d, 0x00, 0x8d, 0x8d, 0x8d, 0x00, 0x8d, 0x8d, 0x8d, 0x00, 0x8d, 0x8d, 0x8d, 0x00, 0x8d, 0x8d, 0x8d, 0x00,
    0x8d, 0x8d, 0x8d, 0x00, 0x8d, 0x8d, 0x8d, 0x00, 0x8d, 0x8d, 0x8d, 0x00, 0x8d, 0x8d, 0x8d, 0x00, 0x8d, 0x8d, 0x8d, 0x00, 0x8d, 0x8d, 0x8d, 0x00, 0x8d, 0x8d, 0x8d, 0x00, 0x8d, 0x8d, 0x8d, 0x00,
    0x8d, 0x8d, 0x8d, 0x00, 0x8d, 0x8d, 0x8d, 0x00, 0x8d, 0x8d, 0x8d, 0x00, 0x8d, 0x8d, 0x8d, 0x00, 0x8d, 0x8d, 0x8d, 0x00, 0x8d, 0x8d, 0x8d, 0x00, 0x8d, 0x8d, 0x8d, 0x00, 0x8d, 0x8d, 0x8d, 0x00,
    0x8d, 0x8d, 0x8d, 0x00, 0x8d, 0x8d, 0x8d, 0x00, 0x8d, 0x8d, 0x8d, 0x00, 0x8d, 0x8d, 0x8d, 0x00, 0x8d, 0x8d, 0x8d, 0x00, 0x8d, 0x8d, 0x8d, 0x00, 0x8d, 0x8d, 0x8d, 0x00, 0x8d, 0x8d, 0x8d, 0x00,
    0x8d, 0x8d, 0x8d, 0x00, 0x8d, 0x8d, 0x8d, 0x00, 0x8d, 0x8d, 0x8d, 0x00, 0x8d, 0x8d, 0x8d, 0x00, 0x8d, 0x8d, 0x8d, 0x00, 0x8d, 0x8d, 0x8d, 0x00, 0x8d, 0x8d, 0x8d, 0x00, 0x8d, 0x8d, 0x8d, 0x00,
    0x8d, 0x8d, 0x8d, 0x00, 0x8d, 0x8d, 0x8d, 0x00, 0x8d, 0x8d, 0x8d, 0x00, 0x8d, 0x8d, 0x8d, 0x00, 0x8d, 0x8d, 0x8d, 0x00, 0x8d, 0x8d, 0x8d, 0x00, 0x8d, 0x8d, 0x8d, 0x00, 0x8d, 0x8d, 0x8d, 0x00,
    0x8d, 0x8d, 0x8d, 0x00, 0x8d, 0x8d, 0x8d, 0x00, 0x8d, 0x8d, 0x8d, 0x00, 0x8d, 0x8d, 0x8d, 0x00, 0x8d, 0x8d, 0x8d, 0x00, 0x8d, 0x8d, 0x8d, 0x00, 0x8d, 0x8d, 0x8d, 0x00, 0x8d, 0x8d, 0x8d, 0x00,
    0x8d, 0x8d, 0x8d, 0x00, 0x8d, 0x8d, 0x8d, 0x00, 0x8d, 0x8d, 0x8d, 0x00, 0x8d, 0x8d, 0x8d, 0x00, 0x8d, 0x8d, 0x8d, 0x00, 0x8d, 0x8d, 0x8d, 0x00, 0x8d, 0x8d, 0x8d, 0x00, 0x8d, 0x8d, 0x8d, 0x00,
    0x8d, 0x8d, 0x8d, 0x00, 0x8d, 0x8d, 0x8d, 0x00, 0x8d, 0x8d, 0x8d, 0x00, 0x8d, 0x8d, 0x8d, 0x00, 0x8d, 0x8d, 0x8d, 0x00, 0x8d, 0x8d, 0x8d, 0x00, 0x8d, 0x8d, 0x8d, 0x00, 0x8d, 0x8d, 0x8d, 0x00,
    0x8d, 0x8d, 0x8d, 0x00, 0x8d, 0x8d, 0x8d, 0x00, 0x8d, 0x8d, 0x8d, 0x00, 0x8d, 0x8d, 0x8d, 0x00, 0x8d, 0x8d, 0x8d, 0x00, 0x8d, 0x8d, 0x8d, 0x00, 0x8d, 0x8d, 0x8d, 0x00, 0x8d, 0x8d, 0x8d, 0x00,
    0x8d, 0x8d, 0x8d, 0x00, 0x8d, 0x8d, 0x8d, 0x00, 0x8d, 0x8d, 0x8d, 0x00, 0x8d, 0x8d, 0x8d, 0x00, 0x8d, 0x8d, 0x8d, 0x00, 0x8d, 0x8d, 0x8d, 0x00, 0x8d, 0x8d, 0x8d, 0x00, 0x8d, 0x8d, 0x8d, 0x00,
    0x8d, 0x8d, 0x8d, 0x00, 0x8d, 0x8d, 0x8d, 0x00, 0x8d, 0x8d, 0x8d, 0x00, 0x8d, 0x8d, 0x8d, 0x00, 0x8d, 0x8d, 0x8d, 0x00, 0x8d, 0x8d, 0x8d, 0x00, 0x8d, 0x8d, 0x8d, 0x00, 0x8d, 0x8d, 0x8d, 0x00,
    0x8d, 0x8d, 0x8d, 0x00, 0x8d, 0x8d, 0x8d, 0x00, 0x8d, 0x8d, 0x8d, 0x00, 0x8d, 0x8d, 0x8d, 0x00, 0x8d, 0x8d, 0x8d, 0x00, 0x8d, 0x8d, 0x8d, 0x00, 0x8d, 0x8d, 0x8d, 0x00, 0x8d, 0x8d, 0x8d, 0x00,
    0x8d, 0x8d, 0x8d, 0x00, 0x8d, 0x8d, 0x8d, 0x00, 0x8d, 0x8d, 0x8d, 0x00, 0x8d, 0x8d, 0x8d, 0x00, 0x8d, 0x8d, 0x8d, 0x00, 0x8d, 0x8d, 0x8d, 0x00, 0x8d, 0x8d, 0x8d, 0x00, 0x8d, 0x8d, 0x8d, 0x00,
    0x8d, 0x8d, 0x8d, 0x00, 0x8d, 0x8d, 0x8d, 0x00, 0x8d, 0x8d, 0x8d, 0x00, 0x8d, 0x8d, 0x8d, 0x00, 0x8d, 0x8d, 0x8d, 0x00, 0x8d, 0x8d, 0x8d, 0x00, 0x8d, 0x8d, 0x8d, 0x00, 0x8d, 0x8d, 0x8d, 0x00,
    0x8d, 0x8d, 0x8d, 0x00, 0x8d, 0x8d, 0x8d, 0x00, 0x8d, 0x8d, 0x8d, 0x00, 0x8d, 0x8d, 0x8d, 0x00, 0x8d, 0x8d, 0x8d, 0x00, 0x8d, 0x8d, 0x8d, 0x00, 0x8d, 0x8d, 0x8d, 0x00, 0x8d, 0x8d, 0x8d, 0x00,
    0x8d, 0x8d, 0x8d, 0x00, 0x8d, 0x8d, 0x8d, 0x00, 0x8d, 0x8d, 0x8d, 0x00, 0x8d, 0x8d, 0x8d, 0x00, 0x8d, 0x8d, 0x8d, 0x00, 0x8d, 0x8d, 0x8d, 0x00, 0x8d, 0x8d, 0x8d, 0x00, 0x8d, 0x8d, 0x8d, 0x00,
    0x8d, 0x8d, 0x8d, 0x00, 0x8d, 0x8d, 0x8d, 0x00, 0x8d, 0x8d, 0x8d, 0x00, 0x8d, 0x8d, 0x8d, 0x00, 0x8d, 0x8d, 0x8d, 0x00, 0x8d, 0x8d, 0x8d, 0x00, 0x8d, 0x8d, 0x8d, 0x00, 0x8d, 0x8d, 0x8d, 0x00,
    0x8d, 0x8d, 0x8d, 0x00, 0x8d, 0x8d, 0x8d, 0x00, 0x8d, 0x8d, 0x8d, 0x00, 0x8d, 0x8d, 0x8d, 0x00, 0x8d, 0x8d, 0x8d, 0x00, 0x8d, 0x8d, 0x8d, 0x00, 0x8d, 0x8d, 0x8d, 0x00, 0x8d, 0x8d, 0x8d, 0x00,
    0x8d, 0x8d, 0x8d, 0x00, 0x8d, 0x8d, 0x8d, 0x00, 0x8d, 0x8d, 0x8d, 0x00, 0x8d, 0x8d, 0x8d, 0x00, 0x8d, 0x8d, 0x8d, 0x00, 0x8d, 0x8d, 0x8d, 0x00, 0x8d, 0x8d, 0x8d, 0x00, 0x8d, 0x8d, 0x8d, 0x00,
    0x8d, 0x8d, 0x8d, 0x00, 0x8d, 0x8d, 0x8d, 0x00, 0x8d, 0x8d, 0x8d, 0x00, 0x8d, 0x8d, 0x8d, 0x00, 0x8d, 0x8d, 0x8d, 0x00, 0x8d, 0x8d, 0x8d, 0x00, 0x8d, 0x8d, 0x8d, 0x00, 0x8d, 0x8d, 0x8d, 0x00,
    0x8d, 0x8d, 0x8d, 0x00, 0x8d, 0x8d, 0x8d, 0x00, 0x8d, 0x8d, 0x8d, 0x00, 0x8d, 0x8d, 0x8d, 0x00, 0x8d, 0x8d, 0x8d, 0x00, 0x8d, 0x8d, 0x8d, 0x00, 0x8d, 0x8d, 0x8d, 0x00, 0x8d, 0x8d, 0x8d, 0x00,
    0x8d, 0x8d, 0x8d, 0x00, 0x8d, 0x8d, 0x8d, 0x00, 0x8d, 0x8d, 0x8d, 0x00, 0x8d, 0x8d, 0x8d, 0x00, 0x8d, 0x8d, 0x8d, 0x00, 0x8d, 0x8d, 0x8d, 0x00, 0x8d, 0x8d, 0x8d, 0x00, 0x8d, 0x8d, 0x8d, 0x00,
    0x8d, 0x8d, 0x8d, 0x00, 0x8d, 0x8d, 0x8d, 0x00, 0x8d, 0x8d, 0x8d, 0x00, 0x8d, 0x8d, 0x8d, 0x00, 0x8d, 0x8d, 0x8d, 0x00, 0x8d, 0x8d, 0x8d, 0x00, 0x8d, 0x8d, 0x8d, 0x00, 0x8d, 0x8d, 0x8d, 0x00,
    0x8d, 0x8d, 0x8d, 0x00, 0x8d, 0x8d, 0x8d, 0x00, 0x8d, 0x8d, 0x8d, 0x00, 0x8d, 0x8d, 0x8d, 0x00, 0x8d, 0x8d, 0x8d, 0x00, 0x8d, 0x8d, 0x8d, 0x00, 0x8d, 0x8d, 0x8d, 0x00, 0x8d, 0x8d, 0x8d, 0x00,
    0x8d, 0x8d, 0x8d, 0x00, 0x8d, 0x8d, 0x8d, 0x00, 0x8d, 0x8d, 0x8d, 0x00, 0x8d, 0x8d, 0x8d, 0x00, 0x8d, 0x8d, 0x8d, 0x00, 0x8d, 0x8d, 0x8d, 0x00, 0x8d, 0x8d, 0x8d, 0x00, 0x8d, 0x8d, 0x8d, 0x00,
    0x8d, 0x8d, 0x8d, 0x00, 0x8d, 0x8d, 0x8d, 0x00, 0x8d, 0x8d, 0x8d, 0x00, 0x8d, 0x8d, 0x8d, 0x00, 0x8d, 0x8d, 0x8d, 0x00, 0x8d, 0x8d, 0x8d, 0x00, 0x8d, 0x8d, 0x8d, 0x00, 0x8d, 0x8d, 0x8d, 0x00,
    0x8d, 0x8d, 0x8d, 0x00, 0x8d, 0x8d, 0x8d, 0x00, 0x8d, 0x8d, 0x8d, 0x00, 0x8d, 0x8d, 0x8d, 0x00, 0x8d, 0x8d, 0x8d, 0x00, 0x8d, 0x8d, 0x8d, 0x00, 0x8d, 0x8d, 0x8d, 0x00, 0x8d, 0x8d, 0x8d, 0x00,
    0x8d, 0x8d, 0x8d, 0x00, 0x8d, 0x8d, 0x8d, 0x00, 0x8d, 0x8d, 0x8d, 0x00, 0x8d, 0x8d, 0x8d, 0x00, 0x8d, 0x8d, 0x8d, 0x00, 0x8d, 0x8d, 0x8d, 0x00, 0x8d, 0x8d, 0x8d, 0x00, 0x8d, 0x8d, 0x8d, 0x00,
    0x8d, 0x8d, 0x8d, 0x00, 0x8d, 0x8d, 0x8d, 0x00, 0x8d, 0x8d, 0x8d, 0x00, 0x8d, 0x8d, 0x8d, 0x00, 0x8d, 0x8d, 0x8d, 0x00, 0x8d, 0x8d, 0x8d, 0x00, 0x8d, 0x8d, 0x8d, 0x00, 0x8d, 0x8d, 0x8d, 0x00,
    0x8d, 0x8d, 0x8d, 0x00, 0x8d, 0x8d, 0x8d, 0x00, 0x8d, 0x8d, 0x8d, 0x00, 0x8d, 0x8d, 0x8d, 0x00, 0x8d, 0x8d, 0x8d, 0x00, 0x8d, 0x8d, 0x8d, 0x00, 0x8d, 0x8d, 0x8d, 0x00, 0x8d, 0x8d, 0x8d, 0x00,
    0x8d, 0x8d, 0x8d, 0x00, 0x8d, 0x8d, 0x8d, 0x00, 0x8d, 0x8d, 0x8d, 0x00, 0x8d, 0x8d, 0x8d, 0x00, 0x8d, 0x8d, 0x8d, 0x00, 0x8d, 0x8d, 0x8d, 0x00, 0x8d, 0x8d, 0x8d, 0x00, 0x8d, 0x8d, 0x8d, 0x00,
    0x8d, 0x8d, 0x8d, 0x00, 0x8d, 0x8d, 0x8d, 0x00, 0x8d, 0x8d, 0x8d, 0x00, 0x8d, 0x8d, 0x8d, 0x00, 0x8d, 0x8d, 0x8d, 0x00, 0x8d, 0x8d, 0x8d, 0x00, 0x8d, 0x8d, 0x8d, 0x00, 0x8d, 0x8d, 0x8d, 0x00,
    0x8d, 0x8d, 0x8d, 0x00, 0x8d, 0x8d, 0x8d, 0x00, 0x8d, 0x8d, 0x8d, 0x00, 0x8d, 0x8d, 0x8d, 0x00, 0x8d, 0x8d, 0x8d, 0x00, 0x8d, 0x8d, 0x8d, 0x00, 0x8d, 0x8d, 0x8d, 0x00, 0x8d, 0x8d, 0x8d, 0x00,
    0x8d, 0x8d, 0x8d, 0x00, 0x8d, 0x8d, 0x8d, 0x00, 0x8d, 0x8d, 0x8d, 0x00, 0x8d, 0x8d, 0x8d, 0x00, 0x8d, 0x8d, 0x8d, 0x00, 0x8d, 0x8d, 0x8d, 0x00, 0x8d, 0x8d, 0x8d, 0x00, 0x8d, 0x8d, 0x8d, 0x00,
    0x8d, 0x8d, 0x8d, 0x00, 0x8d, 0x8d, 0x8d, 0x00, 0x8d, 0x8d, 0x8d, 0x00, 0x8d, 0x8d, 0x8d, 0x00, 0x8d, 0x8d, 0x8d, 0x00, 0x8d, 0x8d, 0x8d, 0x00, 0x8d, 0x8d, 0x8d, 0x00, 0x8d, 0x8d, 0x8d, 0x00,
    0x8d, 0x8d, 0x8d, 0x00, 0x8d, 0x8d, 0x8d, 0x00, 0x8d, 0x8d, 0x8d, 0x00, 0x8d, 0x8d, 0x8d, 0x00, 0x8d, 0x8d, 0x8d, 0x00, 0x8d, 0x8d, 0x8d, 0x00, 0x8d, 0x8d, 0x8d, 0x00, 0x8d, 0x8d, 0x8d, 0x00,
    0x8d, 0x8d, 0x8d, 0x00, 0x8d, 0x8d, 0x8d, 0x00, 0x8d, 0x8d, 0x8d, 0x00, 0x8d, 0x8d, 0x8d, 0x00, 0x8d, 0x8d, 0x8d, 0x00, 0x8d, 0x8d, 0x8d, 0x00, 0x8d, 0x8d, 0x8d, 0x00, 0x8d, 0x8d, 0x8d, 0x00,
    0x8d, 0x8d, 0x8d, 0x00, 0x8d, 0x8d, 0x8d, 0x00, 0x8d, 0x8d, 0x8d, 0x00, 0x8d, 0x8d, 0x8d, 0x00, 0x8d, 0x8d, 0x8d, 0x00, 0x8d, 0x8d, 0x8d, 0x00, 0x8d, 0x8d, 0x8d, 0x00, 0x8d, 0x8d, 0x8d, 0x00,
    0x8d, 0x8d, 0x8d, 0x00, 0x8d, 0x8d, 0x8d, 0x00, 0x8d, 0x8d, 0x8d, 0x00, 0x8d, 0x8d, 0x8d, 0x00, 0x8d, 0x8d, 0x8d, 0x00, 0x8d, 0x8d, 0x8d, 0x00, 0x8d, 0x8d, 0x8d, 0x00, 0x8d, 0x8d, 0x8d, 0x00,
    0x8d, 0x8d, 0x8d, 0x00, 0x8d, 0x8d, 0x8d, 0x00, 0x8d, 0x8d, 0x8d, 0x00, 0x8d, 0x8d, 0x8d, 0x00, 0x8d, 0x8d, 0x8d, 0x00, 0x8d, 0x8d, 0x8d, 0x00, 0x8d, 0x8d, 0x8d, 0x00, 0x8d, 0x8d, 0x8d, 0x00,
    0x8d, 0x8d, 0x8d, 0x00, 0x8d, 0x8d, 0x8d, 0x00, 0x8d, 0x8d, 0x8d, 0x00, 0x8d, 0x8d, 0x8d, 0x00, 0x8d, 0x8d, 0x8d, 0x00, 0x8d, 0x8d, 0x8d, 0x00, 0x8d, 0x8d, 0x8d, 0x00, 0x8d, 0x8d, 0x8d, 0x00,
    0x8d, 0x8d, 0x8d, 0x00, 0x8d, 0x8d, 0x8d, 0x00, 0x8d, 0x8d, 0x8d, 0x00, 0x8d, 0x8d, 0x8d, 0x00, 0x8d, 0x8d, 0x8d, 0x00, 0x8d, 0x8d, 0x8d, 0x00, 0x8d, 0x8d, 0x8d, 0x00, 0x8d, 0x8d, 0x8d, 0x00,
    0x8d, 0x8d, 0x8d, 0x00, 0x8d, 0x8d, 0x8d, 0x00, 0x8d, 0x8d, 0x8d, 0x00, 0x8d, 0x8d, 0x8d, 0x00, 0x8d, 0x8d, 0x8d, 0x00, 0x8d, 0x8d, 0x8d, 0x00, 0x8d, 0x8d, 0x8d, 0x00, 0x8d, 0x8d, 0x8d, 0x00,
    0x8d, 0x8d, 0x8d, 0x00, 0x8d, 0x8d, 0x8d, 0x00, 0x8d, 0x8d, 0x8d, 0x00, 0x8d, 0x8d, 0x8d, 0x00, 0x8d, 0x8d, 0x8d, 0x00, 0x8d, 0x8d, 0x8d, 0x00, 0x8d, 0x8d, 0x8d, 0x00, 0x8d, 0x8d, 0x8d, 0x00,
    0x8d, 0x8d, 0x8d, 0x00, 0x8d, 0x8d, 0x8d, 0x00, 0x8d, 0x8d, 0x8d, 0x00, 0x8d, 0x8d, 0x8d, 0x00, 0x8d, 0x8d, 0x8d, 0x00, 0x8d, 0x8d, 0x8d, 0x00, 0x8d, 0x8d, 0x8d, 0x00, 0x8d, 0x8d, 0x8d, 0x00,
    0x8d, 0x8d, 0x8d, 0x00, 0x8d, 0x8d, 0x8d, 0x00, 0x8d, 0x8d, 0x8d, 0x00, 0x8d, 0x8d, 0x8d, 0x00, 0x8d, 0x8d, 0x8d, 0x00, 0x8d, 0x8d, 0x8d, 0x00, 0x8d, 0x8d, 0x8d, 0x00, 0x8d, 0x8d, 0x8d, 0x00,
    0x8d, 0x8d, 0x8d, 0x00, 0x8d, 0x8d, 0x8d, 0x00, 0x8d, 0x8d, 0x8d, 0x00, 0x8d, 0x8d, 0x8d, 0x00, 0x8d, 0x8d, 0x8d, 0x00, 0x8d, 0x8d, 0x8d, 0x00, 0x8d, 0x8d, 0x8d, 0x00, 0x8d, 0x8d, 0x8d, 0x00,
    0x8d, 0x8d, 0x8d, 0x00, 0x8d, 0x8d, 0x8d, 0x00, 0x8d, 0x8d, 0x8d, 0x00, 0x8d, 0x8d, 0x8d, 0x00, 0x8d, 0x8d, 0x8d, 0x00, 0x8d, 0x8d, 0x8d, 0x00, 0x8d, 0x8d, 0x8d, 0x00, 0x8d, 0x8d, 0x8d, 0x00,
    0x8d, 0x8d, 0x8d, 0x00, 0x8d, 0x8d, 0x8d, 0x00, 0x8d, 0x8d, 0x8d, 0x00, 0x8d, 0x8d, 0x8d, 0x00, 0x8d, 0x8d, 0x8d, 0x00, 0x8d, 0x8d, 0x8d, 0x00, 0x8d, 0x8d, 0x8d, 0x00, 0x8d, 0x8d, 0x8d, 0x00,
    0x8d, 0x8d, 0x8d, 0x00, 0x8d, 0x8d, 0x8d, 0x00, 0x8d, 0x8d, 0x8d, 0x00, 0x8d, 0x8d, 0x8d, 0x00, 0x8d, 0x8d, 0x8d, 0x00, 0x8d, 0x8d, 0x8d, 0x00, 0x8d, 0x8d, 0x8d, 0x00, 0x8d, 0x8d, 0x8d, 0x00,
    0x8d, 0x8d, 0x8d, 0x00, 0x8d, 0x8d, 0x8d, 0x00, 0x8d, 0x8d, 0x8d, 0x00, 0x8d, 0x8d, 0x8d, 0x00, 0x8d, 0x8d, 0x8d, 0x00, 0x8d, 0x8d, 0x8d, 0x00, 0x8d, 0x8d, 0x8d, 0x00, 0x8d, 0x8d, 0x8d, 0x00,
    0x8d, 0x8d, 0x8d, 0x00, 0x8d, 0x8d, 0x8d, 0x00, 0x8d, 0x8d, 0x8d, 0x00, 0x8d, 0x8d, 0x8d, 0x00, 0x8d, 0x8d, 0x8d, 0x00, 0x8d, 0x8d, 0x8d, 0x00, 0x8d, 0x8d, 0x8d, 0x00, 0x8d, 0x8d, 0x8d, 0x00,
    0x8d, 0x8d, 0x8d, 0x00, 0x8d, 0x8d, 0x8d, 0x00, 0x8d, 0x8d, 0x8d, 0x00, 0x8d, 0x8d, 0x8d, 0x00, 0x8d, 0x8d, 0x8d, 0x00, 0x8d, 0x8d, 0x8d, 0x00, 0x8d, 0x8d, 0x8d, 0x00, 0x8d, 0x8d, 0x8d, 0x00,
    0x8d, 0x8d, 0x8d, 0x00, 0x8d, 0x8d, 0x8d, 0x00, 0x8d, 0x8d, 0x8d, 0x00, 0x8d, 0x8d, 0x8d, 0x00, 0x8d, 0x8d, 0x8d, 0x00, 0x8d, 0x8d, 0x8d, 0x00, 0x8d, 0x8d, 0x8d, 0x00, 0x8d, 0x8d, 0x8d, 0x00,
    0x8d, 0x8d, 0x8d, 0x00, 0x8d, 0x8d, 0x8d, 0x00, 0x8d, 0x8d, 0x8d, 0x00, 0x8d, 0x8d, 0x8d, 0x00, 0x8d, 0x8d, 0x8d, 0x00, 0x8d, 0x8d, 0x8d, 0x00, 0x8d, 0x8d, 0x8d, 0x00, 0x8d, 0x8d, 0x8d, 0x00,
    0x8d, 0x8d, 0x8d, 0x00, 0x8d, 0x8d, 0x8d, 0x00, 0x8d, 0x8d, 0x8d, 0x00, 0x8d, 0x8d, 0x8d, 0x00, 0x8d, 0x8d, 0x8d, 0x00, 0x8d, 0x8d, 0x8d, 0x00, 0x8d, 0x8d, 0x8d, 0x00, 0x8d, 0x8d, 0x8d, 0x00,
    0x8d, 0x8d, 0x8d, 0x00, 0x8d, 0x8d, 0x8d, 0x00, 0x8d, 0x8d, 0x8d, 0x00, 0x8d, 0x8d, 0x8d, 0x00, 0x8d, 0x8d, 0x8d, 0x00, 0x8d, 0x8d, 0x8d, 0x00, 0x8d, 0x8d, 0x8d, 0x00, 0x8d, 0x8d, 0x8d, 0x00,
    0x8d, 0x8d, 0x8d, 0x00, 0x8d, 0x8d, 0x8d, 0x00, 0x8d, 0x8d, 0x8d, 0x00, 0x8d, 0x8d, 0x8d, 0x00, 0x8d, 0x8d, 0x8d, 0x00, 0x8d, 0x8d, 0x8d, 0x00, 0x8d, 0x8d, 0x8d, 0x00, 0x8d, 0x8d, 0x8d, 0x00,
    0x8d, 0x8d, 0x8d, 0x00, 0x8d, 0x8d, 0x8d, 0x00, 0x8d, 0x8d, 0x8d, 0x00, 0x8d, 0x8d, 0x8d, 0x00, 0x8d, 0x8d, 0x8d, 0x00, 0x8d, 0x8d, 0x8d, 0x00, 0x8d, 0x8d, 0x8d, 0x00, 0x8d, 0x8d, 0x8d, 0x00,
    0x8d, 0x8d, 0x8d, 0x00, 0x8d, 0x8d, 0x8d, 0x00, 0x8d, 0x8d, 0x8d, 0x00, 0x8d, 0x8d, 0x8d, 0x00, 0x8d, 0x8d, 0x8d, 0x00, 0x8d, 0x8d, 0x8d, 0x00, 0x8d, 0x8d, 0x8d, 0x00, 0x8d, 0x8d, 0x8d, 0x00,
    0x8d, 0x8d, 0x8d, 0x00, 0x8d, 0x8d, 0x8d, 0x00, 0x8d, 0x8d, 0x8d, 0x00, 0x8d, 0x8d, 0x8d, 0x00, 0x8d, 0x8d, 0x8d, 0x00, 0x8d, 0x8d, 0x8d, 0x00, 0x8d, 0x8d, 0x8d, 0x00, 0x8d, 0x8d, 0x8d, 0x00,
    0x8d, 0x8d, 0x8d, 0x00, 0x8d, 0x8d, 0x8d, 0x00, 0x8d, 0x8d, 0x8d, 0x00, 0x8d, 0x8d, 0x8d, 0x00, 0x8d, 0x8d, 0x8d, 0x00, 0x8d, 0x8d, 0x8d, 0x00, 0x8d, 0x8d, 0x8d, 0x00, 0x8d, 0x8d, 0x8d, 0x00,
    0x8d, 0x8d, 0x8d, 0x00, 0x8d, 0x8d, 0x8d, 0x00, 0x8d, 0x8d, 0x8d, 0x00, 0x8d, 0x8d, 0x8d, 0x00, 0x8d, 0x8d, 0x8d, 0x00, 0x8d, 0x8d, 0x8d, 0x00, 0x8d, 0x8d, 0x8d, 0x00, 0x8d, 0x8d, 0x8d, 0x00,
    0x8d, 0x8d, 0x8d, 0x00, 0x8d, 0x8d, 0x8d, 0x00, 0x8d, 0x8d, 0x8d, 0x00, 0x8d, 0x8d, 0x8d, 0x00, 0x8d, 0x8d, 0x8d, 0x00, 0x8d, 0x8d, 0x8d, 0x00, 0x8d, 0x8d, 0x8d, 0x00, 0x8d, 0x8d, 0x8d, 0x00,
    0x8d, 0x8d, 0x8d, 0x00, 0x8d, 0x8d, 0x8d, 0x00, 0x8d, 0x8d, 0x8d, 0x00, 0x8d, 0x8d, 0x8d, 0x00, 0x8d, 0x8d, 0x8d, 0x00, 0x8d, 0x8d, 0x8d, 0x00, 0x8d, 0x8d, 0x8d, 0x00, 0x8d, 0x8d, 0x8d, 0x00,
    0x8d, 0x8d, 0x8d, 0x00, 0x8d, 0x8d, 0x8d, 0x00, 0x8d, 0x8d, 0x8d, 0x00, 0x8d, 0x8d, 0x8d, 0x00, 0x8d, 0x8d, 0x8d, 0x00, 0x8d, 0x8d, 0x8d, 0x00, 0x8d, 0x8d, 0x8d, 0x00, 0x8d, 0x8d, 0x8d, 0x00,
    0x8d, 0x8d, 0x8d, 0x00, 0x8d, 0x8d, 0x8d, 0x00, 0x8d, 0x8d, 0x8d, 0x00, 0x8d, 0x8d, 0x8d, 0x00, 0x8d, 0x8d, 0x8d, 0x00, 0x8d, 0x8d, 0x8d, 0x00, 0x8d, 0x8d, 0x8d, 0x00, 0x8d, 0x8d, 0x8d, 0x00,
    0x8d, 0x8d, 0x8d, 0x00, 0x8d, 0x8d, 0x8d, 0x00, 0x8d, 0x8d, 0x8d, 0x00, 0x8d, 0x8d, 0x8d, 0x00, 0x8d, 0x8d, 0x8d, 0x00, 0x8d, 0x8d, 0x8d, 0x00, 0x8d, 0x8d, 0x8d, 0x00, 0x8d, 0x8d, 0x8d, 0x00,
    0x8d, 0x8d, 0x8d, 0x00, 0x8d, 0x8d, 0x8d, 0x00, 0x8d, 0x8d, 0x8d, 0x00, 0x8d, 0x8d, 0x8d, 0x00, 0x8d, 0x8d, 0x8d, 0x00, 0x8d, 0x8d, 0x8d, 0x00, 0x8d, 0x8d, 0x8d, 0x00, 0x8d, 0x8d, 0x8d, 0x00,
    0x8d, 0x8d, 0x8d, 0x00, 0x8d, 0x8d, 0x8d, 0x00, 0x8d, 0x8d, 0x8d, 0x00, 0x8d, 0x8d, 0x8d, 0x00, 0x8d, 0x8d, 0x8d, 0x00, 0x8d, 0x8d, 0x8d, 0x00, 0x8d, 0x8d, 0x8d, 0x00, 0x8d, 0x8d, 0x8d, 0x00,
    0x8d, 0x8d, 0x8d, 0x00, 0x8d, 0x8d, 0x8d, 0x00, 0x8d, 0x8d, 0x8d, 0x00, 0x8d, 0x8d, 0x8d, 0x00, 0x8d, 0x8d, 0x8d, 0x00, 0x8d, 0x8d, 0x8d, 0x00, 0x8d, 0x8d, 0x8d, 0x00, 0x8d, 0x8d, 0x8d, 0x00,
    0x8d, 0x8d, 0x8d, 0x00, 0x8d, 0x8d, 0x8d, 0x00, 0x8d, 0x8d, 0x8d, 0x00, 0x8d, 0x8d, 0x8d, 0x00, 0x8d, 0x8d, 0x8d, 0x00, 0x8d, 0x8d, 0x8d, 0x00, 0x8d, 0x8d, 0x8d, 0x00, 0x8d, 0x8d, 0x8d, 0x00,
    0x8d, 0x8d, 0x8d, 0x00, 0x8d, 0x8d, 0x8d, 0x00, 0x8d, 0x8d, 0x8d, 0x00, 0x8d, 0x8d, 0x8d, 0x00, 0x8d, 0x8d, 0x8d, 0x00, 0x8d, 0x8d, 0x8d, 0x00, 0x8d, 0x8d, 0x8d, 0x00, 0x8d, 0x8d, 0x8d, 0x00,
    0x8d, 0x8d, 0x8d, 0x00, 0x8d, 0x8d, 0x8d, 0x00, 0x8d, 0x8d, 0x8d, 0x00, 0x8d, 0x8d, 0x8d, 0x00, 0x8d, 0x8d, 0x8d, 0x00, 0x8d, 0x8d, 0x8d, 0x00, 0x8d, 0x8d, 0x8d, 0x00, 0x8d, 0x8d, 0x8d, 0x00,
    0x8d, 0x8d, 0x8d, 0x00, 0x8d, 0x8d, 0x8d, 0x00, 0x8d, 0x8d, 0x8d, 0x00, 0x8d, 0x8d, 0x8d, 0x00, 0x8d, 0x8d, 0x8d, 0x00, 0x8d, 0x8d, 0x8d, 0x00, 0x8d, 0x8d, 0x8d, 0x00, 0x8d, 0x8d, 0x8d, 0x00,
    0x8d, 0x8d, 0x8d, 0x00, 0x8d, 0x8d, 0x8d, 0x00, 0x8d, 0x8d, 0x8d, 0x00, 0x8d, 0x8d, 0x8d, 0x00, 0x8d, 0x8d, 0x8d, 0x00, 0x8d, 0x8d, 0x8d, 0x00, 0x8d, 0x8d, 0x8d, 0x00, 0x8d, 0x8d, 0x8d, 0x00,
    0x8d, 0x8d, 0x8d, 0x00, 0x8d, 0x8d, 0x8d, 0x00, 0x8d, 0x8d, 0x8d, 0x00, 0x8d, 0x8d, 0x8d, 0x00, 0x8d, 0x8d, 0x8d, 0x00, 0x8d, 0x8d, 0x8d, 0x00, 0x8d, 0x8d, 0x8d, 0x00, 0x8d, 0x8d, 0x8d, 0x00,
    0x8d, 0x8d, 0x8d, 0x00, 0x8d, 0x8d, 0x8d, 0x00, 0x8d, 0x8d, 0x8d, 0x00, 0x8d, 0x8d, 0x8d, 0x00, 0x8d, 0x8d, 0x8d, 0x00, 0x8d, 0x8d, 0x8d, 0x00, 0x8d, 0x8d, 0x8d, 0x00, 0x8d, 0x8d, 0x8d, 0x00,
    0x8d, 0x8d, 0x8d, 0x00, 0x8d, 0x8d, 0x8d, 0x00, 0x8d, 0x8d, 0x8d, 0x00, 0x8d, 0x8d, 0x8d, 0x00, 0x8d, 0x8d, 0x8d, 0x00, 0x8d, 0x8d, 0x8d, 0x00, 0x8d, 0x8d, 0x8d, 0x00, 0x8d, 0x8d, 0x8d, 0x00,
    0x8d, 0x8d, 0x8d, 0x00, 0x8d, 0x8d, 0x8d, 0x00, 0x8d, 0x8d, 0x8d, 0x00, 0x8d, 0x8d, 0x8d, 0x00, 0x8d, 0x8d, 0x8d, 0x00, 0x8d, 0x8d, 0x8d, 0x00, 0x8d, 0x8d, 0x8d, 0x00, 0x8d, 0x8d, 0x8d, 0x00,
    0x8d, 0x8d, 0x8d, 0x00, 0x8d, 0x8d, 0x8d, 0x00, 0x8d, 0x8d, 0x8d, 0x00, 0x8d, 0x8d, 0x8d, 0x00, 0x8d, 0x8d, 0x8d, 0x00, 0x8d, 0x8d, 0x8d, 0x00, 0x8d, 0x8d, 0x8d, 0x00, 0x8d, 0x8d, 0x8d, 0x00,
    0x8d, 0x8d, 0x8d, 0x00, 0x8d, 0x8d, 0x8d, 0x00, 0x8d, 0x8d, 0x8d, 0x00, 0x8d, 0x8d, 0x8d, 0x00, 0x8d, 0x8d, 0x8d, 0x00, 0x8d, 0x8d, 0x8d, 0x00, 0x8d, 0x8d, 0x8d, 0x00, 0x8d, 0x8d, 0x8d, 0x00,
    0x8d, 0x8d, 0x8d, 0x00, 0x8d, 0x8d, 0x8d, 0x00, 0x8d, 0x8d, 0x8d, 0x00, 0x8d, 0x8d, 0x8d, 0x00, 0x8d, 0x8d, 0x8d, 0x00, 0x8d, 0x8d, 0x8d, 0x00, 0x8d, 0x8d, 0x8d, 0x00, 0x8d, 0x8d, 0x8d, 0x00,
    0x8d, 0x8d, 0x8d, 0x00, 0x8d, 0x8d, 0x8d, 0x00, 0x8d, 0x8d, 0x8d, 0x00, 0x8d, 0x8d, 0x8d, 0x00, 0x8d, 0x8d, 0x8d, 0x00, 0x8d, 0x8d, 0x8d, 0x00, 0x8d, 0x8d, 0x8d, 0x00, 0x8d, 0x8d, 0x8d, 0x00,
    0x8d, 0x8d, 0x8d, 0x00, 0x8d, 0x8d, 0x8d, 0x00, 0x8d, 0x8d, 0x8d, 0x00, 0x8d, 0x8d, 0x8d, 0x00, 0x8d, 0x8d, 0x8d, 0x00, 0x8d, 0x8d, 0x8d, 0x00, 0x8d, 0x8d, 0x8d, 0x00, 0x8d, 0x8d, 0x8d, 0x00,
    0x8d, 0x8d, 0x8d, 0x00, 0x8d, 0x8d, 0x8d, 0x00, 0x8d, 0x8d, 0x8d, 0x00, 0x8d, 0x8d, 0x8d, 0x00, 0x8d, 0x8d, 0x8d, 0x00, 0x8d, 0x8d, 0x8d, 0x00, 0x8d, 0x8d, 0x8d, 0x00, 0x8d, 0x8d, 0x8d, 0x00,
    0x8d, 0x8d, 0x8d, 0x00, 0x8d, 0x8d, 0x8d, 0x00, 0x8d, 0x8d, 0x8d, 0x00, 0x8d, 0x8d, 0x8d, 0x00, 0x8d, 0x8d, 0x8d, 0x00, 0x8d, 0x8d, 0x8d, 0x00, 0x8d, 0x8d, 0x8d, 0x00, 0x8d, 0x8d, 0x8d, 0x00,
    0x8d, 0x8d, 0x8d, 0x00, 0x8d, 0x8d, 0x8d, 0x00, 0x8d, 0x8d, 0x8d, 0x00, 0x8d, 0x8d, 0x8d, 0x00, 0x8d, 0x8d, 0x8d, 0x00, 0x8d, 0x8d, 0x8d, 0x00, 0x8d, 0x8d, 0x8d, 0x00, 0x8d, 0x8d, 0x8d, 0x00,
    0x8d, 0x8d, 0x8d, 0x00, 0x8d, 0x8d, 0x8d, 0x00, 0x8d, 0x8d, 0x8d, 0x00, 0x8d, 0x8d, 0x8d, 0x00, 0x8d, 0x8d, 0x8d, 0x00, 0x8d, 0x8d, 0x8d, 0x00, 0x8d, 0x8d, 0x8d, 0x00, 0x8d, 0x8d, 0x8d, 0x00,
    0x8d, 0x8d, 0x8d, 0x00, 0x8d, 0x8d, 0x8d, 0x00, 0x8d, 0x8d, 0x8d, 0x00, 0x8d, 0x8d, 0x8d, 0x00, 0x8d, 0x8d, 0x8d, 0x00, 0x8d, 0x8d, 0x8d, 0x00, 0x8d, 0x8d, 0x8d, 0x00, 0x8d, 0x8d, 0x8d, 0x00,
    0x8d, 0x8d, 0x8d, 0x00, 0x8d, 0x8d, 0x8d, 0x00, 0x8d, 0x8d, 0x8d, 0x00, 0x8d, 0x8d, 0x8d, 0x00, 0x8d, 0x8d, 0x8d, 0x00, 0x8d, 0x8d, 0x8d, 0x00, 0x8d, 0x8d, 0x8d, 0x00, 0x8d, 0x8d, 0x8d, 0x00,
    0x8d, 0x8d, 0x8d, 0x00, 0x8d, 0x8d, 0x8d, 0x00, 0x8d, 0x8d, 0x8d, 0x00, 0x8d, 0x8d, 0x8d, 0x00, 0x8d, 0x8d, 0x8d, 0x00, 0x8d, 0x8d, 0x8d, 0x00, 0x8d, 0x8d, 0x8d, 0x00, 0x8d, 0x8d, 0x8d, 0x00,
    0x8d, 0x8d, 0x8d, 0x00, 0x8d, 0x8d, 0x8d, 0x00, 0x8d, 0x8d, 0x8d, 0x00, 0x8d, 0x8d, 0x8d, 0x00, 0x8d, 0x8d, 0x8d, 0x00, 0x8d, 0x8d, 0x8d, 0x00, 0x8d, 0x8d, 0x8d, 0x00, 0x8d, 0x8d, 0x8d, 0x00,
    0x8d, 0x8d, 0x8d, 0x00, 0x8d, 0x8d, 0x8d, 0x00, 0x8d, 0x8d, 0x8d, 0x00, 0x8d, 0x8d, 0x8d, 0x00, 0x8d, 0x8d, 0x8d, 0x00, 0x8d, 0x8d, 0x8d, 0x00, 0x8d, 0x8d, 0x8d, 0x00, 0x8d, 0x8d, 0x8d, 0x00,
    0x8d, 0x8d, 0x8d, 0x00, 0x8d, 0x8d, 0x8d, 0x00, 0x8d, 0x8d, 0x8d, 0x00, 0x8d, 0x8d, 0x8d, 0x00, 0x8d, 0x8d, 0x8d, 0x00, 0x8d, 0x8d, 0x8d, 0x00, 0x8d, 0x8d, 0x8d, 0x00, 0x8d, 0x8d, 0x8d, 0x00,
    0x8d, 0x8d, 0x8d, 0x00, 0x8d, 0x8d, 0x8d, 0x00, 0x8d, 0x8d, 0x8d, 0x00, 0x8d, 0x8d, 0x8d, 0x00, 0x8d, 0x8d, 0x8d, 0x00, 0x8d, 0x8d, 0x8d, 0x00, 0x8d, 0x8d, 0x8d, 0x00, 0x8d, 0x8d, 0x8d, 0x00,
    0x8d, 0x8d, 0x8d, 0x00, 0x8d, 0x8d, 0x8d, 0x00, 0x8d, 0x8d, 0x8d, 0x00, 0x8d, 0x8d, 0x8d, 0x00, 0x8d, 0x8d, 0x8d, 0x00, 0x8d, 0x8d, 0x8d, 0x00, 0x8d, 0x8d, 0x8d, 0x00, 0x8d, 0x8d, 0x8d, 0x00,
    0x8d, 0x8d, 0x8d, 0x00, 0x8d, 0x8d, 0x8d, 0x00, 0x8d, 0x8d, 0x8d, 0x00, 0x8d, 0x8d, 0x8d, 0x00, 0x8d, 0x8d, 0x8d, 0x00, 0x8d, 0x8d, 0x8d, 0x00, 0x8d, 0x8d, 0x8d, 0x00, 0x8d, 0x8d, 0x8d, 0x00,
    0x8d, 0x8d, 0x8d, 0x00, 0x8d, 0x8d, 0x8d, 0x00, 0x8d, 0x8d, 0x8d, 0x00, 0x8d, 0x8d, 0x8d, 0x00, 0x8d, 0x8d, 0x8d, 0x00, 0x8d, 0x8d, 0x8d, 0x00, 0x8d, 0x8d, 0x8d, 0x00, 0x8d, 0x8d, 0x8d, 0x00,
    0x8d, 0x8d, 0x8d, 0x00, 0x8d, 0x8d, 0x8d, 0x00, 0x8d, 0x8d, 0x8d, 0x00, 0x8d, 0x8d, 0x8d, 0x00, 0x8d, 0x8d, 0x8d, 0x00, 0x8d, 0x8d, 0x8d, 0x00, 0x8d, 0x8d, 0x8d, 0x00, 0x8d, 0x8d, 0x8d, 0x00,
    0x8d, 0x8d, 0x8d, 0x00, 0x8d, 0x8d, 0x8d, 0x00, 0x8d, 0x8d, 0x8d, 0x00, 0x8d, 0x8d, 0x8d, 0x00, 0x8d, 0x8d, 0x8d, 0x00, 0x8d, 0x8d, 0x8d, 0x00, 0x8d, 0x8d, 0x8d, 0x00, 0x8d, 0x8d, 0x8d, 0x00,
    0x8d, 0x8d, 0x8d, 0x00, 0x8d, 0x8d, 0x8d, 0x00, 0x8d, 0x8d, 0x8d, 0x00, 0x8d, 0x8d, 0x8d, 0x00, 0x8d, 0x8d, 0x8d, 0x00, 0x8d, 0x8d, 0x8d, 0x00, 0x8d, 0x8d, 0x8d, 0x00, 0x8d, 0x8d, 0x8d, 0x00,
    0x8d, 0x8d, 0x8d, 0x00, 0x8d, 0x8d, 0x8d, 0x00, 0x8d, 0x8d, 0x8d, 0x00, 0x8d, 0x8d, 0x8d, 0x00, 0x8d, 0x8d, 0x8d, 0x00, 0x8d, 0x8d, 0x8d, 0x00, 0x8d, 0x8d, 0x8d, 0x00, 0x8d, 0x8d, 0x8d, 0x00,
    0x8d, 0x8d, 0x8d, 0x00, 0x8d, 0x8d, 0x8d, 0x00, 0x8d, 0x8d, 0x8d, 0x00, 0x8d, 0x8d, 0x8d, 0x00, 0x8d, 0x8d, 0x8d, 0x00, 0x8d, 0x8d, 0x8d, 0x00, 0x8d, 0x8d, 0x8d, 0x00, 0x8d, 0x8d, 0x8d, 0x00,
    0x8d, 0x8d, 0x8d, 0x00, 0x8d, 0x8d, 0x8d, 0x00, 0x8d, 0x8d, 0x8d, 0x00, 0x8d, 0x8d, 0x8d, 0x00, 0x8d, 0x8d, 0x8d, 0x00, 0x8d, 0x8d, 0x8d, 0x00, 0x8d, 0x8d, 0x8d, 0x00, 0x8d, 0x8d, 0x8d, 0x00,
    0x8d, 0x8d, 0x8d, 0x00, 0x8d, 0x8d, 0x8d, 0x00, 0x8d, 0x8d, 0x8d, 0x00, 0x8d, 0x8d, 0x8d, 0x00, 0x8d, 0x8d, 0x8d, 0x00, 0x8d, 0x8d, 0x8d, 0x00, 0x8d, 0x8d, 0x8d, 0x00, 0x8d, 0x8d, 0x8d, 0x00,
    0x8d, 0x8d, 0x8d, 0x00, 0x8d, 0x8d, 0x8d, 0x00, 0x8d, 0x8d, 0x8d, 0x00, 0x8d, 0x8d, 0x8d, 0x00, 0x8d, 0x8d, 0x8d, 0x00, 0x8d, 0x8d, 0x8d, 0x00, 0x8d, 0x8d, 0x8d, 0x00, 0x8d, 0x8d, 0x8d, 0x00,
    0x8d, 0x8d, 0x8d, 0x00, 0x8d, 0x8d, 0x8d, 0x00, 0x8d, 0x8d, 0x8d, 0x00, 0x8d, 0x8d, 0x8d, 0x00, 0x8d, 0x8d, 0x8d, 0x00, 0x8d, 0x8d, 0x8d, 0x00, 0x8d, 0x8d, 0x8d, 0x00, 0x8d, 0x8d, 0x8d, 0x00,
    0x8d, 0x8d, 0x8d, 0x00, 0x8d, 0x8d, 0x8d, 0x00, 0x8d, 0x8d, 0x8d, 0x00, 0x8d, 0x8d, 0x8d, 0x00, 0x8d, 0x8d, 0x8d, 0x00, 0x8d, 0x8d, 0x8d, 0x00, 0x8d, 0x8d, 0x8d, 0x00, 0x8d, 0x8d, 0x8d, 0x00,
    0x8d, 0x8d, 0x8d, 0x00, 0x8d, 0x8d, 0x8d, 0x00, 0x8d, 0x8d, 0x8d, 0x00, 0x8d, 0x8d, 0x8d, 0x00, 0x8d, 0x8d, 0x8d, 0x00, 0x8d, 0x8d, 0x8d, 0x00, 0x8d, 0x8d, 0x8d, 0x00, 0x8d, 0x8d, 0x8d, 0x00,
    0x8d, 0x8d, 0x8d, 0x00, 0x8d, 0x8d, 0x8d, 0x00, 0x8d, 0x8d, 0x8d, 0x00, 0x8d, 0x8d, 0x8d, 0x00, 0x8d, 0x8d, 0x8d, 0x00, 0x8d, 0x8d, 0x8d, 0x00, 0x8d, 0x8d, 0x8d, 0x00, 0x8d, 0x8d, 0x8d, 0x00,
    0x8d, 0x8d, 0x8d, 0x00, 0x8d, 0x8d, 0x8d, 0x00, 0x8d, 0x8d, 0x8d, 0x00, 0x8d, 0x8d, 0x8d, 0x00, 0x8d, 0x8d, 0x8d, 0x00, 0x8d, 0x8d, 0x8d, 0x00, 0x8d, 0x8d, 0x8d, 0x00, 0x8d, 0x8d, 0x8d, 0x00,
    0x8d, 0x8d, 0x8d, 0x00, 0x8d, 0x8d, 0x8d, 0x00, 0x8d, 0x8d, 0x8d, 0x00, 0x8d, 0x8d, 0x8d, 0x00, 0x8d, 0x8d, 0x8d, 0x00, 0x8d, 0x8d, 0x8d, 0x00, 0x8d, 0x8d, 0x8d, 0x00, 0x8d, 0x8d, 0x8d, 0x00,
    0x8d, 0x8d, 0x8d, 0x00, 0x8d, 0x8d, 0x8d, 0x00, 0x8d, 0x8d, 0x8d, 0x00, 0x8d, 0x8d, 0x8d, 0x00, 0x8d, 0x8d, 0x8d, 0x00, 0x8d, 0x8d, 0x8d, 0x00, 0x8d, 0x8d, 0x8d, 0x00, 0x8d, 0x8d, 0x8d, 0x00,
    0x8d, 0x8d, 0x8d, 0x00, 0x8d, 0x8d, 0x8d, 0x00, 0x8d, 0x8d, 0x8d, 0x00, 0x8d, 0x8d, 0x8d, 0x00, 0x8d, 0x8d, 0x8d, 0x00, 0x8d, 0x8d, 0x8d, 0x00, 0x8d, 0x8d, 0x8d, 0x00, 0x8d, 0x8d, 0x8d, 0x00,
    0x8d, 0x8d, 0x8d, 0x00, 0x8d, 0x8d, 0x8d, 0x00, 0x8d, 0x8d, 0x8d, 0x00, 0x8d, 0x8d, 0x8d, 0x00, 0x8d, 0x8d, 0x8d, 0x00, 0x8d, 0x8d, 0x8d, 0x00, 0x8d, 0x8d, 0x8d, 0x00, 0x8d, 0x8d, 0x8d, 0x00,
    0x8d, 0x8d, 0x8d, 0x00, 0x8d, 0x8d, 0x8d, 0x00, 0x8d, 0x8d, 0x8d, 0x00, 0x8d, 0x8d, 0x8d, 0x00, 0x8d, 0x8d, 0x8d, 0x00, 0x8d, 0x8d, 0x8d, 0x00, 0x8d, 0x8d, 0x8d, 0x00, 0x8d, 0x8d, 0x8d, 0x00,
    0x8d, 0x8d, 0x8d, 0x00, 0x8d, 0x8d, 0x8d, 0x00, 0x8d, 0x8d, 0x8d, 0x00, 0x8d, 0x8d, 0x8d, 0x00, 0x8d, 0x8d, 0x8d, 0x00, 0x8d, 0x8d, 0x8d, 0x00, 0x8d, 0x8d, 0x8d, 0x00, 0x8d, 0x8d, 0x8d, 0x00,
    0x8d, 0x8d, 0x8d, 0x00, 0x8d, 0x8d, 0x8d, 0x00, 0x8d, 0x8d, 0x8d, 0x00, 0x8d, 0x8d, 0x8d, 0x00, 0x8d, 0x8d, 0x8d, 0x00, 0x8d, 0x8d, 0x8d, 0x00, 0x8d, 0x8d, 0x8d, 0x00, 0x8d, 0x8d, 0x8d, 0x00,
    0x8d, 0x8d, 0x8d, 0x00, 0x8d, 0x8d, 0x8d, 0x00, 0x8d, 0x8d, 0x8d, 0x00, 0x8d, 0x8d, 0x8d, 0x00, 0x8d, 0x8d, 0x8d, 0x00, 0x8d, 0x8d, 0x8d, 0x00, 0x8d, 0x8d, 0x8d, 0x00, 0x8d, 0x8d, 0x8d, 0x00,
    0x8d, 0x8d, 0x8d, 0x00, 0x8d, 0x8d, 0x8d, 0x00, 0x8d, 0x8d, 0x8d, 0x00, 0x8d, 0x8d, 0x8d, 0x00, 0x8d, 0x8d, 0x8d, 0x00, 0x8d, 0x8d, 0x8d, 0x00, 0x8d, 0x8d, 0x8d, 0x00, 0x8d, 0x8d, 0x8d, 0x00,
    0x8d, 0x8d, 0x8d, 0x00, 0x8d, 0x8d, 0x8d, 0x00, 0x8d, 0x8d, 0x8d, 0x00, 0x8d, 0x8d, 0x8d, 0x00, 0x8d, 0x8d, 0x8d, 0x00, 0x8d, 0x8d, 0x8d, 0x00, 0x8d, 0x8d, 0x8d, 0x00, 0x8d, 0x8d, 0x8d, 0x00,
    0x8d, 0x8d, 0x8d, 0x00, 0x8d, 0x8d, 0x8d, 0x00, 0x8d, 0x8d, 0x8d, 0x00, 0x8d, 0x8d, 0x8d, 0x00, 0x8d, 0x8d, 0x8d, 0x00, 0x8d, 0x8d, 0x8d, 0x00, 0x8d, 0x8d, 0x8d, 0x00, 0x8d, 0x8d, 0x8d, 0x00,
    0x8d, 0x8d, 0x8d, 0x00, 0x8d, 0x8d, 0x8d, 0x00, 0x8d, 0x8d, 0x8d, 0x00, 0x8d, 0x8d, 0x8d, 0x00, 0x8d, 0x8d, 0x8d, 0x00, 0x8d, 0x8d, 0x8d, 0x00, 0x8d, 0x8d, 0x8d, 0x00, 0x8d, 0x8d, 0x8d, 0x00,
    0x8d, 0x8d, 0x8d, 0x00, 0x8d, 0x8d, 0x8d, 0x00, 0x8d, 0x8d, 0x8d, 0x00, 0x8d, 0x8d, 0x8d, 0x00, 0x8d, 0x8d, 0x8d, 0x00, 0x8d, 0x8d, 0x8d, 0x00, 0x8d, 0x8d, 0x8d, 0x00, 0x8d, 0x8d, 0x8d, 0x00,
    0x8d, 0x8d, 0x8d, 0x00, 0x8d, 0x8d, 0x8d, 0x00, 0x8d, 0x8d, 0x8d, 0x00, 0x8d, 0x8d, 0x8d, 0x00, 0x8d, 0x8d, 0x8d, 0x00, 0x8d, 0x8d, 0x8d, 0x00, 0x8d, 0x8d, 0x8d, 0x00, 0x8d, 0x8d, 0x8d, 0x00,
    0x8d, 0x8d, 0x8d, 0x00, 0x8d, 0x8d, 0x8d, 0x00, 0x8d, 0x8d, 0x8d, 0x00, 0x8d, 0x8d, 0x8d, 0x00, 0x8d, 0x8d, 0x8d, 0x00, 0x8d, 0x8d, 0x8d, 0x00, 0x8d, 0x8d, 0x8d, 0x00, 0x8d, 0x8d, 0x8d, 0x00,
    0x8d, 0x8d, 0x8d, 0x00, 0x8d, 0x8d, 0x8d, 0x00, 0x8d, 0x8d, 0x8d, 0x00, 0x8d, 0x8d, 0x8d, 0x00, 0x8d, 0x8d, 0x8d, 0x00, 0x8d, 0x8d, 0x8d, 0x00, 0x8d, 0x8d, 0x8d, 0x00, 0x8d, 0x8d, 0x8d, 0x00,
    0x8d, 0x8d, 0x8d, 0x00, 0x8d, 0x8d, 0x8d, 0x00, 0x8d, 0x8d, 0x8d, 0x00, 0x8d, 0x8d, 0x8d, 0x00, 0x8d, 0x8d, 0x8d, 0x00, 0x8d, 0x8d, 0x8d, 0x00, 0x8d, 0x8d, 0x8d, 0x00, 0x8d, 0x8d, 0x8d, 0x00,
    0x8d, 0x8d, 0x8d, 0x00, 0x8d, 0x8d, 0x8d, 0x00, 0x8d, 0x8d, 0x8d, 0x00, 0x8d, 0x8d, 0x8d, 0x00, 0x8d, 0x8d, 0x8d, 0x00, 0x8d, 0x8d, 0x8d, 0x00, 0x8d, 0x8d, 0x8d, 0x00, 0x8d, 0x8d, 0x8d, 0x00,
    0x8d, 0x8d, 0x8d, 0x00, 0x8d, 0x8d, 0x8d, 0x00, 0x8d, 0x8d, 0x8d, 0x00, 0x8d, 0x8d, 0x8d, 0x00, 0x8d, 0x8d, 0x8d, 0x00, 0x8d, 0x8d, 0x8d, 0x00, 0x8d, 0x8d, 0x8d, 0x00, 0x8d, 0x8d, 0x8d, 0x00,
    0x8d, 0x8d, 0x8d, 0x00, 0x8d, 0x8d, 0x8d, 0x00, 0x8d, 0x8d, 0x8d, 0x00, 0x8d, 0x8d, 0x8d, 0x00, 0x8d, 0x8d, 0x8d, 0x00, 0x8d, 0x8d, 0x8d, 0x00, 0x8d, 0x8d, 0x8d, 0x00, 0x8d, 0x8d, 0x8d, 0x00,
    0x8d, 0x8d, 0x8d, 0x00, 0x8d, 0x8d, 0x8d, 0x00, 0x8d, 0x8d, 0x8d, 0x00, 0x8d, 0x8d, 0x8d, 0x00, 0x8d, 0x8d, 0x8d, 0x00, 0x8d, 0x8d, 0x8d, 0x00, 0x8d, 0x8d, 0x8d, 0x00, 0x8d, 0x8d, 0x8d, 0x00,
    0x8d, 0x8d, 0x8d, 0x00, 0x8d, 0x8d, 0x8d, 0x00, 0x8d, 0x8d, 0x8d, 0x00, 0x8d, 0x8d, 0x8d, 0x00, 0x8d, 0x8d, 0x8d, 0x00, 0x8d, 0x8d, 0x8d, 0x00, 0x8d, 0x8d, 0x8d, 0x00, 0x8d, 0x8d, 0x8d, 0x00,
    0x8d, 0x8d, 0x8d, 0x00, 0x8d, 0x8d, 0x8d, 0x00, 0x8d, 0x8d, 0x8d, 0x00, 0x8d, 0x8d, 0x8d, 0x00, 0x8d, 0x8d, 0x8d, 0x00, 0x8d, 0x8d, 0x8d, 0x00, 0x8d, 0x8d, 0x8d, 0x00, 0x8d, 0x8d, 0x8d, 0x00,
    0x8d, 0x8d, 0x8d, 0x00, 0x8d, 0x8d, 0x8d, 0x00, 0x8d, 0x8d, 0x8d, 0x00, 0x8d, 0x8d, 0x8d, 0x00, 0x8d, 0x8d, 0x8d, 0x00, 0x8d, 0x8d, 0x8d, 0x00, 0x8d, 0x8d, 0x8d, 0x00, 0x8d, 0x8d, 0x8d, 0x00,
    0x8d, 0x8d, 0x8d, 0x00, 0x8d, 0x8d, 0x8d, 0x00, 0x8d, 0x8d, 0x8d, 0x00, 0x8d, 0x8d, 0x8d, 0x00, 0x8d, 0x8d, 0x8d, 0x00, 0x8d, 0x8d, 0x8d, 0x00, 0x8d, 0x8d, 0x8d, 0x00, 0x8d, 0x8d, 0x8d, 0x00,
    0x8d, 0x8d, 0x8d, 0x00, 0x8d, 0x8d, 0x8d, 0x00, 0x8d, 0x8d, 0x8d, 0x00, 0x8d, 0x8d, 0x8d, 0x00, 0x8d, 0x8d, 0x8d, 0x00, 0x8d, 0x8d, 0x8d, 0x00, 0x8d, 0x8d, 0x8d, 0x00, 0x8d, 0x8d, 0x8d, 0x00,
    0x8d, 0x8d, 0x8d, 0x00, 0x8d, 0x8d, 0x8d, 0x00, 0x8d, 0x8d, 0x8d, 0x00, 0x8d, 0x8d, 0x8d, 0x00, 0x8d, 0x8d, 0x8d, 0x00, 0x8d, 0x8d, 0x8d, 0x00, 0x8d, 0x8d, 0x8d, 0x00, 0x8d, 0x8d, 0x8d, 0x00,
    0x8d, 0x8d, 0x8d, 0x00, 0x8d, 0x8d, 0x8d, 0x00, 0x8d, 0x8d, 0x8d, 0x00, 0x8d, 0x8d, 0x8d, 0x00, 0x8d, 0x8d, 0x8d, 0x00, 0x8d, 0x8d, 0x8d, 0x00, 0x8d, 0x8d, 0x8d, 0x00, 0x8d, 0x8d, 0x8d, 0x00,
    0x8d, 0x8d, 0x8d, 0x00, 0x8d, 0x8d, 0x8d, 0x00, 0x8d, 0x8d, 0x8d, 0x00, 0x8d, 0x8d, 0x8d, 0x00, 0x8d, 0x8d, 0x8d, 0x00, 0x8d, 0x8d, 0x8d, 0x00, 0x8d, 0x8d, 0x8d, 0x00, 0x8d, 0x8d, 0x8d, 0x00,
    0x8d, 0x8d, 0x8d, 0x00, 0x8d, 0x8d, 0x8d, 0x00, 0x8d, 0x8d, 0x8d, 0x00, 0x8d, 0x8d, 0x8d, 0x00, 0x8d, 0x8d, 0x8d, 0x00, 0x8d, 0x8d, 0x8d, 0x00, 0x8d, 0x8d, 0x8d, 0x00, 0x8d, 0x8d, 0x8d, 0x00,
    0x8d, 0x8d, 0x8d, 0x00, 0x8d, 0x8d, 0x8d, 0x00, 0x8d, 0x8d, 0x8d, 0x00, 0x8d, 0x8d, 0x8d, 0x00, 0x8d, 0x8d, 0x8d, 0x00, 0x8d, 0x8d, 0x8d, 0x00, 0x8d, 0x8d, 0x8d, 0x00, 0x8d, 0x8d, 0x8d, 0x00,
    0x8d, 0x8d, 0x8d, 0x00, 0x8d, 0x8d, 0x8d, 0x00, 0x8d, 0x8d, 0x8d, 0x00, 0x8d, 0x8d, 0x8d, 0x00, 0x8d, 0x8d, 0x8d, 0x00, 0x8d, 0x8d, 0x8d, 0x00, 0x8d, 0x8d, 0x8d, 0x00, 0x8d, 0x8d, 0x8d, 0x00,
    0x8d, 0x8d, 0x8d, 0x00, 0x8d, 0x8d, 0x8d, 0x00, 0x8d, 0x8d, 0x8d, 0x00, 0x8d, 0x8d, 0x8d, 0x00, 0x8d, 0x8d, 0x8d, 0x00, 0x8d, 0x8d, 0x8d, 0x00, 0x8d, 0x8d, 0x8d, 0x00, 0x8d, 0x8d, 0x8d, 0x00,
    0x8d, 0x8d, 0x8d, 0x00, 0x8d, 0x8d, 0x8d, 0x00, 0x8d, 0x8d, 0x8d, 0x00, 0x8d, 0x8d, 0x8d, 0x00, 0x8d, 0x8d, 0x8d, 0x00, 0x8d, 0x8d, 0x8d, 0x00, 0x8d, 0x8d, 0x8d, 0x00, 0x8d, 0x8d, 0x8d, 0x00,
    0x8d, 0x8d, 0x8d, 0x00, 0x8d, 0x8d, 0x8d, 0x00, 0x8d, 0x8d, 0x8d, 0x00, 0x8d, 0x8d, 0x8d, 0x00, 0x8d, 0x8d, 0x8d, 0x00, 0x8d, 0x8d, 0x8d, 0x00, 0x8d, 0x8d, 0x8d, 0x00, 0x8d, 0x8d, 0x8d, 0x00,
    0x8d, 0x8d, 0x8d, 0x00, 0x8d, 0x8d, 0x8d, 0x00, 0x8d, 0x8d, 0x8d, 0x00, 0x8d, 0x8d, 0x8d, 0x00, 0x8d, 0x8d, 0x8d, 0x00, 0x8d, 0x8d, 0x8d, 0x00, 0x8d, 0x8d, 0x8d, 0x00, 0x8d, 0x8d, 0x8d, 0x00,
    0x8d, 0x8d, 0x8d, 0x00, 0x8d, 0x8d, 0x8d, 0x00, 0x8d, 0x8d, 0x8d, 0x00, 0x8d, 0x8d, 0x8d, 0x00, 0x8d, 0x8d, 0x8d, 0x00, 0x8d, 0x8d, 0x8d, 0x00, 0x8d, 0x8d, 0x8d, 0x00, 0x8d, 0x8d, 0x8d, 0x00,
    0x8d, 0x8d, 0x8d, 0x00, 0x8d, 0x8d, 0x8d, 0x00, 0x8d, 0x8d, 0x8d, 0x00, 0x8d, 0x8d, 0x8d, 0x00, 0x8d, 0x8d, 0x8d, 0x00, 0x8d, 0x8d, 0x8d, 0x00, 0x8d, 0x8d, 0x8d, 0x00, 0x8d, 0x8d, 0x8d, 0x00,
    0x8d, 0x8d, 0x8d, 0x00, 0x8d, 0x8d, 0x8d, 0x00, 0x8d, 0x8d, 0x8d, 0x00, 0x8d, 0x8d, 0x8d, 0x00, 0x8d, 0x8d, 0x8d, 0x00, 0x8d, 0x8d, 0x8d, 0x00, 0x8d, 0x8d, 0x8d, 0x00, 0x8d, 0x8d, 0x8d, 0x00,
    0x8d, 0x8d, 0x8d, 0x00, 0x8d, 0x8d, 0x8d, 0x00, 0x8d, 0x8d, 0x8d, 0x00, 0x8d, 0x8d, 0x8d, 0x00, 0x8d, 0x8d, 0x8d, 0x00, 0x8d, 0x8d, 0x8d, 0x00, 0x8d, 0x8d, 0x8d, 0x00, 0x8d, 0x8d, 0x8d, 0x00,
    0x8d, 0x8d, 0x8d, 0x00, 0x8d, 0x8d, 0x8d, 0x00, 0x8d, 0x8d, 0x8d, 0x00, 0x8d, 0x8d, 0x8d, 0x00, 0x8d, 0x8d, 0x8d, 0x00, 0x8d, 0x8d, 0x8d, 0x00, 0x8d, 0x8d, 0x8d, 0x00, 0x8d, 0x8d, 0x8d, 0x00,
    0x8d, 0x8d, 0x8d, 0x00, 0x8d, 0x8d, 0x8d, 0x00, 0x8d, 0x8d, 0x8d, 0x00, 0x8d, 0x8d, 0x8d, 0x00, 0x8d, 0x8d, 0x8d, 0x00, 0x8d, 0x8d, 0x8d, 0x00, 0x8d, 0x8d, 0x8d, 0x00, 0x8d, 0x8d, 0x8d, 0x00,
    0x8d, 0x8d, 0x8d, 0x00, 0x8d, 0x8d, 0x8d, 0x00, 0x8d, 0x8d, 0x8d, 0x00, 0x8d, 0x8d, 0x8d, 0x00, 0x8d, 0x8d, 0x8d, 0x00, 0x8d, 0x8d, 0x8d, 0x00, 0x8d, 0x8d, 0x8d, 0x00, 0x8d, 0x8d, 0x8d, 0x00,
    0x8d, 0x8d, 0x8d, 0x00, 0x8d, 0x8d, 0x8d, 0x00, 0x8d, 0x8d, 0x8d, 0x00, 0x8d, 0x8d, 0x8d, 0x00, 0x8d, 0x8d, 0x8d, 0x00, 0x8d, 0x8d, 0x8d, 0x00, 0x8d, 0x8d, 0x8d, 0x00, 0x8d, 0x8d, 0x8d, 0x00,
    0x8d, 0x8d, 0x8d, 0x00, 0x8d, 0x8d, 0x8d, 0x00, 0x8d, 0x8d, 0x8d, 0x00, 0x8d, 0x8d, 0x8d, 0x00, 0x8d, 0x8d, 0x8d, 0x00, 0x8d, 0x8d, 0x8d, 0x00, 0x8d, 0x8d, 0x8d, 0x00, 0x8d, 0x8d, 0x8d, 0x00,
    0x8d, 0x8d, 0x8d, 0x00, 0x8d, 0x8d, 0x8d, 0x00, 0x8d, 0x8d, 0x8d, 0x00, 0x8d, 0x8d, 0x8d, 0x00, 0x8d, 0x8d, 0x8d, 0x00, 0x8d, 0x8d, 0x8d, 0x00, 0x8d, 0x8d, 0x8d, 0x00, 0x8d, 0x8d, 0x8d, 0x00,
    0x8d, 0x8d, 0x8d, 0x00, 0x8d, 0x8d, 0x8d, 0x00, 0x8d, 0x8d, 0x8d, 0x00, 0x8d, 0x8d, 0x8d, 0x00, 0x8d, 0x8d, 0x8d, 0x00, 0x8d, 0x8d, 0x8d, 0x00, 0x8d, 0x8d, 0x8d, 0x00, 0x8d, 0x8d, 0x8d, 0x00,
    0x8d, 0x8d, 0x8d, 0x00, 0x8d, 0x8d, 0x8d, 0x00, 0x8d, 0x8d, 0x8d, 0x00, 0x8d, 0x8d, 0x8d, 0x00, 0x8d, 0x8d, 0x8d, 0x00, 0x8d, 0x8d, 0x8d, 0x00, 0x8d, 0x8d, 0x8d, 0x00, 0x8d, 0x8d, 0x8d, 0x00,
    0x8d, 0x8d, 0x8d, 0x00, 0x8d, 0x8d, 0x8d, 0x00, 0x8d, 0x8d, 0x8d, 0x00, 0x8d, 0x8d, 0x8d, 0x00, 0x8d, 0x8d, 0x8d, 0x00, 0x8d, 0x8d, 0x8d, 0x00, 0x8d, 0x8d, 0x8d, 0x00, 0x8d, 0x8d, 0x8d, 0x00,
    0x8d, 0x8d, 0x8d, 0x00, 0x8d, 0x8d, 0x8d, 0x00, 0x8d, 0x8d, 0x8d, 0x00, 0x8d, 0x8d, 0x8d, 0x00, 0x8d, 0x8d, 0x8d, 0x00, 0x8d, 0x8d, 0x8d, 0x00, 0x8d, 0x8d, 0x8d, 0x00, 0x8d, 0x8d, 0x8d, 0x00,
    0x8d, 0x8d, 0x8d, 0x00, 0x8d, 0x8d, 0x8d, 0x00, 0x8d, 0x8d, 0x8d, 0x00, 0x8d, 0x8d, 0x8d, 0x00, 0x8d, 0x8d, 0x8d, 0x00, 0x8d, 0x8d, 0x8d, 0x00, 0x8d, 0x8d, 0x8d, 0x00, 0x8d, 0x8d, 0x8d, 0x00,
    0x8d, 0x8d, 0x8d, 0x00, 0x8d, 0x8d, 0x8d, 0x00, 0x8d, 0x8d, 0x8d, 0x00, 0x8d, 0x8d, 0x8d, 0x00, 0x8d, 0x8d, 0x8d, 0x00, 0x8d, 0x8d, 0x8d, 0x00, 0x8d, 0x8d, 0x8d, 0x00, 0x8d, 0x8d, 0x8d, 0x00,
    0x8d, 0x8d, 0x8d, 0x00, 0x8d, 0x8d, 0x8d, 0x00, 0x8d, 0x8d, 0x8d, 0x00, 0x8d, 0x8d, 0x8d, 0x00, 0x8d, 0x8d, 0x8d, 0x00, 0x8d, 0x8d, 0x8d, 0x00, 0x8d, 0x8d, 0x8d, 0x00, 0x8d, 0x8d, 0x8d, 0x00,
    0x8d, 0x8d, 0x8d, 0x00, 0x8d, 0x8d, 0x8d, 0x00, 0x8d, 0x8d, 0x8d, 0x00, 0x8d, 0x8d, 0x8d, 0x00, 0x8d, 0x8d, 0x8d, 0x00, 0x8d, 0x8d, 0x8d, 0x00, 0x8d, 0x8d, 0x8d, 0x00, 0x8d, 0x8d, 0x8d, 0x00,
    0x8d, 0x8d, 0x8d, 0x00, 0x8d, 0x8d, 0x8d, 0x00, 0x8d, 0x8d, 0x8d, 0x00, 0x8d, 0x8d, 0x8d, 0x00, 0x8d, 0x8d, 0x8d, 0x00, 0x8d, 0x8d, 0x8d, 0x00, 0x8d, 0x8d, 0x8d, 0x00, 0x8d, 0x8d, 0x8d, 0x00,
    0x8d, 0x8d, 0x8d, 0x00, 0x8d, 0x8d, 0x8d, 0x00, 0x8d, 0x8d, 0x8d, 0x00, 0x8d, 0x8d, 0x8d, 0x00, 0x8d, 0x8d, 0x8d, 0x00, 0x8d, 0x8d, 0x8d, 0x00, 0x8d, 0x8d, 0x8d, 0x00, 0x8d, 0x8d, 0x8d, 0x00,
    0x8d, 0x8d, 0x8d, 0x00, 0x8d, 0x8d, 0x8d, 0x00, 0x8d, 0x8d, 0x8d, 0x00, 0x8d, 0x8d, 0x8d, 0x00, 0x8d, 0x8d, 0x8d, 0x00, 0x8d, 0x8d, 0x8d, 0x00, 0x8d, 0x8d, 0x8d, 0x00, 0x8d, 0x8d, 0x8d, 0x00,
    0x8d, 0x8d, 0x8d, 0x00, 0x8d, 0x8d, 0x8d, 0x00, 0x8d, 0x8d, 0x8d, 0x00, 0x8d, 0x8d, 0x8d, 0x00, 0x8d, 0x8d, 0x8d, 0x00, 0x8d, 0x8d, 0x8d, 0x00, 0x8d, 0x8d, 0x8d, 0x00, 0x8d, 0x8d, 0x8d, 0x00,
    0x8d, 0x8d, 0x8d, 0x00, 0x8d, 0x8d, 0x8d, 0x00, 0x8d, 0x8d, 0x8d, 0x00, 0x8d, 0x8d, 0x8d, 0x00, 0x8d, 0x8d, 0x8d, 0x00, 0x8d, 0x8d, 0x8d, 0x00, 0x8d, 0x8d, 0x8d, 0x00, 0x8d, 0x8d, 0x8d, 0x00,
    0x8d, 0x8d, 0x8d, 0x00, 0x8d, 0x8d, 0x8d, 0x00, 0x8d, 0x8d, 0x8d, 0x00, 0x8d, 0x8d, 0x8d, 0x00, 0x8d, 0x8d, 0x8d, 0x00, 0x8d, 0x8d, 0x8d, 0x00, 0x8d, 0x8d, 0x8d, 0x00, 0x8d, 0x8d, 0x8d, 0x00,
    0x8d, 0x8d, 0x8d, 0x00, 0x8d, 0x8d, 0x8d, 0x00, 0x8d, 0x8d, 0x8d, 0x00, 0x8d, 0x8d, 0x8d, 0x00, 0x8d, 0x8d, 0x8d, 0x00, 0x8d, 0x8d, 0x8d, 0x00, 0x8d, 0x8d, 0x8d, 0x00, 0x8d, 0x8d, 0x8d, 0x00,
    0x8d, 0x8d, 0x8d, 0x00, 0x8d, 0x8d, 0x8d, 0x00, 0x8d, 0x8d, 0x8d, 0x00, 0x8d, 0x8d, 0x8d, 0x00, 0x8d, 0x8d, 0x8d, 0x00, 0x8d, 0x8d, 0x8d, 0x00, 0x8d, 0x8d, 0x8d, 0x00, 0x8d, 0x8d, 0x8d, 0x00,
    0x8d, 0x8d, 0x8d, 0x00, 0x8d, 0x8d, 0x8d, 0x00, 0x8d, 0x8d, 0x8d, 0x00, 0x8d, 0x8d, 0x8d, 0x00, 0x8d, 0x8d, 0x8d, 0x00, 0x8d, 0x8d, 0x8d, 0x00, 0x8d, 0x8d, 0x8d, 0x00, 0x8d, 0x8d, 0x8d, 0x00,
    0x8d, 0x8d, 0x8d, 0x00, 0x8d, 0x8d, 0x8d, 0x00, 0x8d, 0x8d, 0x8d, 0x00, 0x8d, 0x8d, 0x8d, 0x00, 0x8d, 0x8d, 0x8d, 0x00, 0x8d, 0x8d, 0x8d, 0x00, 0x8d, 0x8d, 0x8d, 0x00, 0x8d, 0x8d, 0x8d, 0x00,
    0x8d, 0x8d, 0x8d, 0x00, 0x8d, 0x8d, 0x8d, 0x00, 0x8d, 0x8d, 0x8d, 0x00, 0x8d, 0x8d, 0x8d, 0x00, 0x8d, 0x8d, 0x8d, 0x00, 0x8d, 0x8d, 0x8d, 0x00, 0x8d, 0x8d, 0x8d, 0x00, 0x8d, 0x8d, 0x8d, 0x00,
    0x8d, 0x8d, 0x8d, 0x00, 0x8d, 0x8d, 0x8d, 0x00, 0x8d, 0x8d, 0x8d, 0x00, 0x8d, 0x8d, 0x8d, 0x00, 0x8d, 0x8d, 0x8d, 0x00, 0x8d, 0x8d, 0x8d, 0x00, 0x8d, 0x8d, 0x8d, 0x00, 0x8d, 0x8d, 0x8d, 0x00,
    0x8d, 0x8d, 0x8d, 0x00, 0x8d, 0x8d, 0x8d, 0x00, 0x8d, 0x8d, 0x8d, 0x00, 0x8d, 0x8d, 0x8d, 0x00, 0x8d, 0x8d, 0x8d, 0x00, 0x8d, 0x8d, 0x8d, 0x00, 0x8d, 0x8d, 0x8d, 0x00, 0x8d, 0x8d, 0x8d, 0x00,
    0x8d, 0x8d, 0x8d, 0x00, 0x8d, 0x8d, 0x8d, 0x00, 0x8d, 0x8d, 0x8d, 0x00, 0x8d, 0x8d, 0x8d, 0x00, 0x8d, 0x8d, 0x8d, 0x00, 0x8d, 0x8d, 0x8d, 0x00, 0x8d, 0x8d, 0x8d, 0x00, 0x8d, 0x8d, 0x8d, 0x00,
    0x8d, 0x8d, 0x8d, 0x00, 0x8d, 0x8d, 0x8d, 0x00, 0x8d, 0x8d, 0x8d, 0x00, 0x8d, 0x8d, 0x8d, 0x00, 0x8d, 0x8d, 0x8d, 0x00, 0x8d, 0x8d, 0x8d, 0x00, 0x8d, 0x8d, 0x8d, 0x00, 0x8d, 0x8d, 0x8d, 0x00,
    0x8d, 0x8d, 0x8d, 0x00, 0x8d, 0x8d, 0x8d, 0x00, 0x8d, 0x8d, 0x8d, 0x00, 0x8d, 0x8d, 0x8d, 0x00, 0x8d, 0x8d, 0x8d, 0x00, 0x8d, 0x8d, 0x8d, 0x00, 0x8d, 0x8d, 0x8d, 0x00, 0x8d, 0x8d, 0x8d, 0x00,
    0x8d, 0x8d, 0x8d, 0x00, 0x8d, 0x8d, 0x8d, 0x00, 0x8d, 0x8d, 0x8d, 0x00, 0x8d, 0x8d, 0x8d, 0x00, 0x8d, 0x8d, 0x8d, 0x00, 0x8d, 0x8d, 0x8d, 0x00, 0x8d, 0x8d, 0x8d, 0x00, 0x8d, 0x8d, 0x8d, 0x00,
    0x8d, 0x8d, 0x8d, 0x00, 0x8d, 0x8d, 0x8d, 0x00, 0x8d, 0x8d, 0x8d, 0x00, 0x8d, 0x8d, 0x8d, 0x00, 0x8d, 0x8d, 0x8d, 0x00, 0x8d, 0x8d, 0x8d, 0x00, 0x8d, 0x8d, 0x8d, 0x00, 0x8d, 0x8d, 0x8d, 0x00,
    0x8d, 0x8d, 0x8d, 0x00, 0x8d, 0x8d, 0x8d, 0x00, 0x8d, 0x8d, 0x8d, 0x00, 0x8d, 0x8d, 0x8d, 0x00, 0x8d, 0x8d, 0x8d, 0x00, 0x8d, 0x8d, 0x8d, 0x00, 0x8d, 0x8d, 0x8d, 0x00, 0x8d, 0x8d, 0x8d, 0x00,
    0x8d, 0x8d, 0x8d, 0x00, 0x8d, 0x8d, 0x8d, 0x00, 0x8d, 0x8d, 0x8d, 0x00, 0x8d, 0x8d, 0x8d, 0x00, 0x8d, 0x8d, 0x8d, 0x00, 0x8d, 0x8d, 0x8d, 0x00, 0x8d, 0x8d, 0x8d, 0x00, 0x8d, 0x8d, 0x8d, 0x00,
    0x8d, 0x8d, 0x8d, 0x00, 0x8d, 0x8d, 0x8d, 0x00, 0x8d, 0x8d, 0x8d, 0x00, 0x8d, 0x8d, 0x8d, 0x00, 0x8d, 0x8d, 0x8d, 0x00, 0x8d, 0x8d, 0x8d, 0x00, 0x8d, 0x8d, 0x8d, 0x00, 0x8d, 0x8d, 0x8d, 0x00,
    0x8d, 0x8d, 0x8d, 0x00, 0x8d, 0x8d, 0x8d, 0x00, 0x8d, 0x8d, 0x8d, 0x00, 0x8d, 0x8d, 0x8d, 0x00,
};

const lv_image_dsc_t esp_brookesia_app_icon_launcher_wifi_126_126 = {
    .header.cf = LV_COLOR_FORMAT_ARGB8888,
    .header.magic = LV_IMAGE_HEADER_MAGIC,
    .header.w = 126,
    .header.h = 126,
    .data_size = 126 * 126 * 4,
    .data = esp_brookesia_app_icon_launcher_wifi_126_126_map,
};
